trade_date,symbol,value,momentum,low_volatility,circ_mv,forward_return,benchmark_return,usable_from,signal_at,execution_at
2018-01-31,FIX000,1.455515322,0.1528961115,1.030199672,15627.91982,-0.02769246607,-0.02339202879,2018-01-31T17:30:00+08:00,2018-01-31T18:00:00+08:00,2018-02-01T09:30:00+08:00
2018-01-31,FIX001,1.9425092,-1.024469709,0.6884745564,10422.48738,0.0518162897,-0.02339202879,2018-01-31T17:30:00+08:00,2018-01-31T18:00:00+08:00,2018-02-01T09:30:00+08:00
2018-01-31,FIX002,2.407261281,-1.09064679,0.3387229149,75719.71529,0.03510249221,-0.02339202879,2018-01-31T17:30:00+08:00,2018-01-31T18:00:00+08:00,2018-02-01T09:30:00+08:00
2018-01-31,FIX003,2.79771344,0.7387482144,-1.277210925,52193.54582,-0.004777562607,-0.02339202879,2018-01-31T17:30:00+08:00,2018-01-31T18:00:00+08:00,2018-02-01T09:30:00+08:00
2018-01-31,FIX004,1.510097341,-0.8785246119,2.038225426,12247.57165,0.006723790292,-0.02339202879,2018-01-31T17:30:00+08:00,2018-01-31T18:00:00+08:00,2018-02-01T09:30:00+08:00
2018-01-31,FIX005,1.633897395,-1.243468444,-0.2345030661,14563.90657,-0.02369372977,-0.02339202879,2018-01-31T17:30:00+08:00,2018-01-31T18:00:00+08:00,2018-02-01T09:30:00+08:00
2018-01-31,FIX006,1.013267056,-0.5035277056,-0.2773121343,43621.78123,-0.0244657717,-0.02339202879,2018-01-31T17:30:00+08:00,2018-01-31T18:00:00+08:00,2018-02-01T09:30:00+08:00
2018-01-31,FIX007,1.18073452,-1.733320533,0.6189468938,10926.43781,-0.03838344638,-0.02339202879,2018-01-31T17:30:00+08:00,2018-01-31T18:00:00+08:00,2018-02-01T09:30:00+08:00
2018-01-31,FIX008,0.7842641365,-2.093451956,0.2674855221,11676.75563,-0.0325979783,-0.02339202879,2018-01-31T17:30:00+08:00,2018-01-31T18:00:00+08:00,2018-02-01T09:30:00+08:00
2018-01-31,FIX009,1.348692345,-0.8525270758,1.305794205,7818.452068,-0.01234382921,-0.02339202879,2018-01-31T17:30:00+08:00,2018-01-31T18:00:00+08:00,2018-02-01T09:30:00+08:00
2018-01-31,FIX010,0.9859746152,-0.7790026232,1.457626604,24814.728,0.01759614086,-0.02339202879,2018-01-31T17:30:00+08:00,2018-01-31T18:00:00+08:00,2018-02-01T09:30:00+08:00
2018-01-31,FIX011,4.174070663,-2.601943825,-0.5879248458,24323.24572,-0.04472100485,-0.02339202879,2018-01-31T17:30:00+08:00,2018-01-31T18:00:00+08:00,2018-02-01T09:30:00+08:00
2018-01-31,FIX012,1.74644038,-0.7411749309,0.9574636625,64284.63391,-0.003572787254,-0.02339202879,2018-01-31T17:30:00+08:00,2018-01-31T18:00:00+08:00,2018-02-01T09:30:00+08:00
2018-01-31,FIX013,1.087390851,-2.129203744,-0.9847976484,14030.38674,-0.02985054398,-0.02339202879,2018-01-31T17:30:00+08:00,2018-01-31T18:00:00+08:00,2018-02-01T09:30:00+08:00
2018-01-31,FIX014,0.2738904794,-0.7490803397,0.1849395749,8087.298311,-0.01670170862,-0.02339202879,2018-01-31T17:30:00+08:00,2018-01-31T18:00:00+08:00,2018-02-01T09:30:00+08:00
2018-01-31,FIX015,1.349608019,-0.8189390113,-1.179451309,18040.10684,0.05335771153,-0.02339202879,2018-01-31T17:30:00+08:00,2018-01-31T18:00:00+08:00,2018-02-01T09:30:00+08:00
2018-01-31,FIX016,2.850579198,-3.053443867,0.4976538309,35388.13397,-0.04022045755,-0.02339202879,2018-01-31T17:30:00+08:00,2018-01-31T18:00:00+08:00,2018-02-01T09:30:00+08:00
2018-01-31,FIX017,1.484276409,-2.412100686,0.263756517,5651.735977,0.002156237655,-0.02339202879,2018-01-31T17:30:00+08:00,2018-01-31T18:00:00+08:00,2018-02-01T09:30:00+08:00
2018-01-31,FIX018,1.879384902,-0.2109699458,-0.6117571482,49125.12092,0.02494050036,-0.02339202879,2018-01-31T17:30:00+08:00,2018-01-31T18:00:00+08:00,2018-02-01T09:30:00+08:00
2018-01-31,FIX019,2.06403379,-1.706931022,0.133303288,28776.01441,-0.03119978576,-0.02339202879,2018-01-31T17:30:00+08:00,2018-01-31T18:00:00+08:00,2018-02-01T09:30:00+08:00
2018-01-31,FIX020,1.059864855,-0.1961567815,0.9930775845,27679.77254,-0.001346853163,-0.02339202879,2018-01-31T17:30:00+08:00,2018-01-31T18:00:00+08:00,2018-02-01T09:30:00+08:00
2018-01-31,FIX021,1.47775119,-0.003946252479,-0.1177258221,34416.01511,0.02158838799,-0.02339202879,2018-01-31T17:30:00+08:00,2018-01-31T18:00:00+08:00,2018-02-01T09:30:00+08:00
2018-01-31,FIX022,1.650287759,-1.702096143,2.989724812,10682.38293,0.02337503442,-0.02339202879,2018-01-31T17:30:00+08:00,2018-01-31T18:00:00+08:00,2018-02-01T09:30:00+08:00
2018-01-31,FIX023,1.427050448,-1.221267321,0.4851069537,10727.09475,-0.03541796636,-0.02339202879,2018-01-31T17:30:00+08:00,2018-01-31T18:00:00+08:00,2018-02-01T09:30:00+08:00
2018-01-31,FIX024,1.849753521,-0.9614246203,0.2986198047,93821.33259,0.01874527405,-0.02339202879,2018-01-31T17:30:00+08:00,2018-01-31T18:00:00+08:00,2018-02-01T09:30:00+08:00
2018-01-31,FIX025,1.798023461,-3.132557176,1.352073573,16271.06692,-0.04943216053,-0.02339202879,2018-01-31T17:30:00+08:00,2018-01-31T18:00:00+08:00,2018-02-01T09:30:00+08:00
2018-01-31,FIX026,2.527462818,-2.929057729,1.716484683,67778.5653,-0.02475573339,-0.02339202879,2018-01-31T17:30:00+08:00,2018-01-31T18:00:00+08:00,2018-02-01T09:30:00+08:00
2018-01-31,FIX027,1.434426371,0.2906325452,0.4568794064,18555.52712,-0.02606322689,-0.02339202879,2018-01-31T17:30:00+08:00,2018-01-31T18:00:00+08:00,2018-02-01T09:30:00+08:00
2018-01-31,FIX028,0.8860393789,-1.32795881,0.7336348937,5550.43807,-0.02671339175,-0.02339202879,2018-01-31T17:30:00+08:00,2018-01-31T18:00:00+08:00,2018-02-01T09:30:00+08:00
2018-01-31,FIX029,2.455049499,-0.2959620856,0.7646990979,15924.79005,-0.05300870774,-0.02339202879,2018-01-31T17:30:00+08:00,2018-01-31T18:00:00+08:00,2018-02-01T09:30:00+08:00
2018-01-31,FIX030,1.313010332,0.5740142802,0.4757243522,18920.47053,0.01040738221,-0.02339202879,2018-01-31T17:30:00+08:00,2018-01-31T18:00:00+08:00,2018-02-01T09:30:00+08:00
2018-01-31,FIX031,0.3063322237,-1.011379447,-0.153415744,15524.3386,0.08916359731,-0.02339202879,2018-01-31T17:30:00+08:00,2018-01-31T18:00:00+08:00,2018-02-01T09:30:00+08:00
2018-01-31,FIX032,0.532620767,-3.10853112,-1.241822744,42432.68839,0.009493656388,-0.02339202879,2018-01-31T17:30:00+08:00,2018-01-31T18:00:00+08:00,2018-02-01T09:30:00+08:00
2018-01-31,FIX033,2.777180271,0.1033383932,0.2056223496,25182.92066,0.03793202415,-0.02339202879,2018-01-31T17:30:00+08:00,2018-01-31T18:00:00+08:00,2018-02-01T09:30:00+08:00
2018-01-31,FIX034,1.735484065,-1.212912801,2.273204043,35898.81482,0.03063677753,-0.02339202879,2018-01-31T17:30:00+08:00,2018-01-31T18:00:00+08:00,2018-02-01T09:30:00+08:00
2018-01-31,FIX035,0.002770869802,-2.17533968,0.09088509795,44501.94981,-0.006017857283,-0.02339202879,2018-01-31T17:30:00+08:00,2018-01-31T18:00:00+08:00,2018-02-01T09:30:00+08:00
2018-01-31,FIX036,1.884673711,-2.081060521,0.9188617702,25950.28249,0.03780806249,-0.02339202879,2018-01-31T17:30:00+08:00,2018-01-31T18:00:00+08:00,2018-02-01T09:30:00+08:00
2018-01-31,FIX037,2.212572818,-0.8636577384,0.06601660119,63174.4989,0.02430898206,-0.02339202879,2018-01-31T17:30:00+08:00,2018-01-31T18:00:00+08:00,2018-02-01T09:30:00+08:00
2018-01-31,FIX038,2.45037694,-0.5553552296,1.564764787,28344.14245,0.02212194752,-0.02339202879,2018-01-31T17:30:00+08:00,2018-01-31T18:00:00+08:00,2018-02-01T09:30:00+08:00
2018-01-31,FIX039,2.481527601,-0.3592756914,1.015373837,20216.76223,-0.05774029847,-0.02339202879,2018-01-31T17:30:00+08:00,2018-01-31T18:00:00+08:00,2018-02-01T09:30:00+08:00
2018-02-28,FIX000,-0.3735895698,-1.050096849,0.6385345674,20392.74195,-0.01512180866,0.0168760285,2018-02-28T17:30:00+08:00,2018-02-28T18:00:00+08:00,2018-03-01T09:30:00+08:00
2018-02-28,FIX001,1.786172013,-2.029489944,1.215578317,54642.0074,-0.01544755934,0.0168760285,2018-02-28T17:30:00+08:00,2018-02-28T18:00:00+08:00,2018-03-01T09:30:00+08:00
2018-02-28,FIX002,2.322457182,-1.35626779,-0.1165943867,23085.82679,0.01945639593,0.0168760285,2018-02-28T17:30:00+08:00,2018-02-28T18:00:00+08:00,2018-03-01T09:30:00+08:00
2018-02-28,FIX003,2.829186048,-0.3269519301,-0.6613658298,48088.78817,0.04165799896,0.0168760285,2018-02-28T17:30:00+08:00,2018-02-28T18:00:00+08:00,2018-03-01T09:30:00+08:00
2018-02-28,FIX004,1.914601754,-1.860084966,2.015213254,66740.71475,-0.05498978806,0.0168760285,2018-02-28T17:30:00+08:00,2018-02-28T18:00:00+08:00,2018-03-01T09:30:00+08:00
2018-02-28,FIX005,2.249072534,-0.6347413633,-0.9568475608,16638.7694,-0.02583859722,0.0168760285,2018-02-28T17:30:00+08:00,2018-02-28T18:00:00+08:00,2018-03-01T09:30:00+08:00
2018-02-28,FIX006,1.015324983,-0.2134648492,0.1322947397,11800.12378,0.01409685308,0.0168760285,2018-02-28T17:30:00+08:00,2018-02-28T18:00:00+08:00,2018-03-01T09:30:00+08:00
2018-02-28,FIX007,0.8389101191,-2.446377592,0.6705515011,28177.00057,-0.02724574296,0.0168760285,2018-02-28T17:30:00+08:00,2018-02-28T18:00:00+08:00,2018-03-01T09:30:00+08:00
2018-02-28,FIX008,1.037740388,-2.005914595,-0.01218077944,16989.24907,-0.01264130331,0.0168760285,2018-02-28T17:30:00+08:00,2018-02-28T18:00:00+08:00,2018-03-01T09:30:00+08:00
2018-02-28,FIX009,0.817716047,-0.620558079,0.5527995525,20298.04142,-0.003945452023,0.0168760285,2018-02-28T17:30:00+08:00,2018-02-28T18:00:00+08:00,2018-03-01T09:30:00+08:00
2018-02-28,FIX010,0.6840586743,-1.675863279,1.154498442,76709.20236,0.003425461748,0.0168760285,2018-02-28T17:30:00+08:00,2018-02-28T18:00:00+08:00,2018-03-01T09:30:00+08:00
2018-02-28,FIX011,4.37497446,-1.759193659,-0.687427866,14155.212,0.0203552691,0.0168760285,2018-02-28T17:30:00+08:00,2018-02-28T18:00:00+08:00,2018-03-01T09:30:00+08:00
2018-02-28,FIX012,1.410523086,-0.1294768378,0.2584063626,43708.34106,-0.002200132455,0.0168760285,2018-02-28T17:30:00+08:00,2018-02-28T18:00:00+08:00,2018-03-01T09:30:00+08:00
2018-02-28,FIX013,1.743692495,-1.892477752,-0.7045826676,25768.00605,0.009442172349,0.0168760285,2018-02-28T17:30:00+08:00,2018-02-28T18:00:00+08:00,2018-03-01T09:30:00+08:00
2018-02-28,FIX014,1.171088165,-1.747170001,0.06190200158,41062.13212,-0.04615254894,0.0168760285,2018-02-28T17:30:00+08:00,2018-02-28T18:00:00+08:00,2018-03-01T09:30:00+08:00
2018-02-28,FIX015,0.1360130026,0.002698764415,-0.7677292036,8436.970818,-0.01907164927,0.0168760285,2018-02-28T17:30:00+08:00,2018-02-28T18:00:00+08:00,2018-03-01T09:30:00+08:00
2018-02-28,FIX016,2.231808956,-1.727059163,0.6160132997,22743.83515,-0.01964618995,0.0168760285,2018-02-28T17:30:00+08:00,2018-02-28T18:00:00+08:00,2018-03-01T09:30:00+08:00
2018-02-28,FIX017,1.846665056,-3.105800092,-0.03630404461,3201.885199,0.02635545166,0.0168760285,2018-02-28T17:30:00+08:00,2018-02-28T18:00:00+08:00,2018-03-01T09:30:00+08:00
2018-02-28,FIX018,1.35066104,0.3597161931,0.04168341352,31732.86078,-0.007065332548,0.0168760285,2018-02-28T17:30:00+08:00,2018-02-28T18:00:00+08:00,2018-03-01T09:30:00+08:00
2018-02-28,FIX019,2.234559713,-2.082722201,0.9411894005,21755.932,0.0191478445,0.0168760285,2018-02-28T17:30:00+08:00,2018-02-28T18:00:00+08:00,2018-03-01T09:30:00+08:00
2018-02-28,FIX020,0.1778843265,-0.7918285202,0.6947289897,14760.41171,-0.07622311347,0.0168760285,2018-02-28T17:30:00+08:00,2018-02-28T18:00:00+08:00,2018-03-01T09:30:00+08:00
2018-02-28,FIX021,1.51636867,0.2738249004,0.07017599712,77528.00562,-0.04666464112,0.0168760285,2018-02-28T17:30:00+08:00,2018-02-28T18:00:00+08:00,2018-03-01T09:30:00+08:00
2018-02-28,FIX022,2.552386044,-2.488988215,2.500576581,24952.80195,-0.05009037782,0.0168760285,2018-02-28T17:30:00+08:00,2018-02-28T18:00:00+08:00,2018-03-01T09:30:00+08:00
2018-02-28,FIX023,2.433151189,-1.951946293,0.2902057377,55519.27046,0.01699223828,0.0168760285,2018-02-28T17:30:00+08:00,2018-02-28T18:00:00+08:00,2018-03-01T09:30:00+08:00
2018-02-28,FIX024,1.257136372,-0.2061900222,0.7251711793,31183.47453,-0.02514431259,0.0168760285,2018-02-28T17:30:00+08:00,2018-02-28T18:00:00+08:00,2018-03-01T09:30:00+08:00
2018-02-28,FIX025,0.8445928236,-3.192066787,1.701005265,15038.24686,0.009121867932,0.0168760285,2018-02-28T17:30:00+08:00,2018-02-28T18:00:00+08:00,2018-03-01T09:30:00+08:00
2018-02-28,FIX026,2.665372452,-0.857854466,1.859369998,27985.08139,-0.02399216264,0.0168760285,2018-02-28T17:30:00+08:00,2018-02-28T18:00:00+08:00,2018-03-01T09:30:00+08:00
2018-02-28,FIX027,1.368411295,0.4113286765,0.9236206112,18601.42168,0.008816392992,0.0168760285,2018-02-28T17:30:00+08:00,2018-02-28T18:00:00+08:00,2018-03-01T09:30:00+08:00
2018-02-28,FIX028,0.4704838713,-1.417048279,0.2641197725,3982.676197,-0.02037607225,0.0168760285,2018-02-28T17:30:00+08:00,2018-02-28T18:00:00+08:00,2018-03-01T09:30:00+08:00
2018-02-28,FIX029,2.000549198,0.205408562,0.07811668658,48376.99105,-0.045491563,0.0168760285,2018-02-28T17:30:00+08:00,2018-02-28T18:00:00+08:00,2018-03-01T09:30:00+08:00
2018-02-28,FIX030,1.56446742,0.1051007885,-0.254485877,84210.86975,0.02584864643,0.0168760285,2018-02-28T17:30:00+08:00,2018-02-28T18:00:00+08:00,2018-03-01T09:30:00+08:00
2018-02-28,FIX031,0.9706854804,-1.076124635,0.1582142665,110216.2616,0.005776214334,0.0168760285,2018-02-28T17:30:00+08:00,2018-02-28T18:00:00+08:00,2018-03-01T09:30:00+08:00
2018-02-28,FIX032,0.4572729025,-1.958719911,-0.7940015831,14893.21915,0.0008281920439,0.0168760285,2018-02-28T17:30:00+08:00,2018-02-28T18:00:00+08:00,2018-03-01T09:30:00+08:00
2018-02-28,FIX033,4.284435515,0.9124454104,1.071085099,55361.84074,0.02771144646,0.0168760285,2018-02-28T17:30:00+08:00,2018-02-28T18:00:00+08:00,2018-03-01T09:30:00+08:00
2018-02-28,FIX034,1.103728379,-1.533103601,2.275850369,6299.977254,-0.01658259116,0.0168760285,2018-02-28T17:30:00+08:00,2018-02-28T18:00:00+08:00,2018-03-01T09:30:00+08:00
2018-02-28,FIX035,1.339377416,-1.98402265,0.07897916587,63704.77285,-0.002049769085,0.0168760285,2018-02-28T17:30:00+08:00,2018-02-28T18:00:00+08:00,2018-03-01T09:30:00+08:00
2018-02-28,FIX036,1.73461103,-2.028070568,0.7511136845,23064.38848,-0.02805272485,0.0168760285,2018-02-28T17:30:00+08:00,2018-02-28T18:00:00+08:00,2018-03-01T09:30:00+08:00
2018-02-28,FIX037,1.578721568,-0.974830929,-0.05649534396,74672.15977,0.01575184031,0.0168760285,2018-02-28T17:30:00+08:00,2018-02-28T18:00:00+08:00,2018-03-01T09:30:00+08:00
2018-02-28,FIX038,2.143609578,-1.062300468,2.147105004,42278.12774,-0.04543881874,0.0168760285,2018-02-28T17:30:00+08:00,2018-02-28T18:00:00+08:00,2018-03-01T09:30:00+08:00
2018-02-28,FIX039,2.920576716,-1.008071721,0.7269053546,11232.99303,0.06803124294,0.0168760285,2018-02-28T17:30:00+08:00,2018-02-28T18:00:00+08:00,2018-03-01T09:30:00+08:00
2018-03-31,FIX000,0.1199084043,-1.546180194,1.592771181,12774.6815,-0.04628121457,0.002162390667,2018-03-31T17:30:00+08:00,2018-03-31T18:00:00+08:00,2018-04-02T09:30:00+08:00
2018-03-31,FIX001,2.259269618,-1.378531658,1.510793444,95485.20716,-0.06489585779,0.002162390667,2018-03-31T17:30:00+08:00,2018-03-31T18:00:00+08:00,2018-04-02T09:30:00+08:00
2018-03-31,FIX002,2.421818577,-0.3869883662,-0.0709448476,6957.519657,0.05668680604,0.002162390667,2018-03-31T17:30:00+08:00,2018-03-31T18:00:00+08:00,2018-04-02T09:30:00+08:00
2018-03-31,FIX003,2.730439671,-0.4050934255,-0.4283016511,17484.25192,0.07501792605,0.002162390667,2018-03-31T17:30:00+08:00,2018-03-31T18:00:00+08:00,2018-04-02T09:30:00+08:00
2018-03-31,FIX004,2.340605381,-0.7738240049,2.20747919,26816.47107,0.003030764681,0.002162390667,2018-03-31T17:30:00+08:00,2018-03-31T18:00:00+08:00,2018-04-02T09:30:00+08:00
2018-03-31,FIX005,2.984011528,-0.4198227548,-1.219614863,18733.8235,0.03328584816,0.002162390667,2018-03-31T17:30:00+08:00,2018-03-31T18:00:00+08:00,2018-04-02T09:30:00+08:00
2018-03-31,FIX006,-1.207209989,-0.5357210353,-0.3930183061,11093.5353,-0.000764411091,0.002162390667,2018-03-31T17:30:00+08:00,2018-03-31T18:00:00+08:00,2018-04-02T09:30:00+08:00
2018-03-31,FIX007,-0.2909047365,-1.566218826,0.8873871237,8214.426356,-0.005839946614,0.002162390667,2018-03-31T17:30:00+08:00,2018-03-31T18:00:00+08:00,2018-04-02T09:30:00+08:00
2018-03-31,FIX008,0.629019176,-3.13755279,-0.4416469958,3537.866351,-0.06430685626,0.002162390667,2018-03-31T17:30:00+08:00,2018-03-31T18:00:00+08:00,2018-04-02T09:30:00+08:00
2018-03-31,FIX009,0.1969807489,-0.2151223242,0.4865556201,65555.1225,-0.03006195397,0.002162390667,2018-03-31T17:30:00+08:00,2018-03-31T18:00:00+08:00,2018-04-02T09:30:00+08:00
2018-03-31,FIX010,1.679259461,-2.978520213,0.1541178175,116187.653,-0.02367540933,0.002162390667,2018-03-31T17:30:00+08:00,2018-03-31T18:00:00+08:00,2018-04-02T09:30:00+08:00
2018-03-31,FIX011,4.245667909,-1.278537766,-0.9786383574,15590.83727,0.04948108588,0.002162390667,2018-03-31T17:30:00+08:00,2018-03-31T18:00:00+08:00,2018-04-02T09:30:00+08:00
2018-03-31,FIX012,0.9814786953,-0.1634955695,0.2141022598,78607.83848,0.01130018095,0.002162390667,2018-03-31T17:30:00+08:00,2018-03-31T18:00:00+08:00,2018-04-02T09:30:00+08:00
2018-03-31,FIX013,1.556426256,-2.354563806,-0.0678750685,79959.45345,-0.03400124391,0.002162390667,2018-03-31T17:30:00+08:00,2018-03-31T18:00:00+08:00,2018-04-02T09:30:00+08:00
2018-03-31,FIX014,1.870826091,-1.068520131,0.7920639174,77356.86886,0.05025560128,0.002162390667,2018-03-31T17:30:00+08:00,2018-03-31T18:00:00+08:00,2018-04-02T09:30:00+08:00
2018-03-31,FIX015,-0.3405943121,-0.3232606832,0.1212576059,3539.578986,-0.03697025904,0.002162390667,2018-03-31T17:30:00+08:00,2018-03-31T18:00:00+08:00,2018-04-02T09:30:00+08:00
2018-03-31,FIX016,1.59155391,-1.453909205,0.8298068144,31837.51585,-0.00285809678,0.002162390667,2018-03-31T17:30:00+08:00,2018-03-31T18:00:00+08:00,2018-04-02T09:30:00+08:00
2018-03-31,FIX017,2.047184107,-3.022135482,0.8019745314,131675.9048,-0.03705700635,0.002162390667,2018-03-31T17:30:00+08:00,2018-03-31T18:00:00+08:00,2018-04-02T09:30:00+08:00
2018-03-31,FIX018,2.374877545,-0.1057227134,-0.1130695645,19171.7417,0.06416133863,0.002162390667,2018-03-31T17:30:00+08:00,2018-03-31T18:00:00+08:00,2018-04-02T09:30:00+08:00
2018-03-31,FIX019,2.414585263,-2.825978322,0.9089921958,40093.02937,0.01197176938,0.002162390667,2018-03-31T17:30:00+08:00,2018-03-31T18:00:00+08:00,2018-04-02T09:30:00+08:00
2018-03-31,FIX020,-0.3602666418,-0.4937147533,0.4790989106,19459.13489,-0.04739643314,0.002162390667,2018-03-31T17:30:00+08:00,2018-03-31T18:00:00+08:00,2018-04-02T09:30:00+08:00
2018-03-31,FIX021,2.166611176,-0.4999771634,0.1907649195,53084.22957,-0.01226488347,0.002162390667,2018-03-31T17:30:00+08:00,2018-03-31T18:00:00+08:00,2018-04-02T09:30:00+08:00
2018-03-31,FIX022,2.191119659,-2.176536144,2.52453232,4998.958249,-0.02123183076,0.002162390667,2018-03-31T17:30:00+08:00,2018-03-31T18:00:00+08:00,2018-04-02T09:30:00+08:00
2018-03-31,FIX023,1.345861054,-1.45130651,0.06569777141,4094.756386,-0.009242638734,0.002162390667,2018-03-31T17:30:00+08:00,2018-03-31T18:00:00+08:00,2018-04-02T09:30:00+08:00
2018-03-31,FIX024,0.8543485439,0.4445537345,0.5597562874,19495.37753,-0.05200068764,0.002162390667,2018-03-31T17:30:00+08:00,2018-03-31T18:00:00+08:00,2018-04-02T09:30:00+08:00
2018-03-31,FIX025,0.9621848239,-2.384630297,1.386929872,65208.60724,0.001424985436,0.002162390667,2018-03-31T17:30:00+08:00,2018-03-31T18:00:00+08:00,2018-04-02T09:30:00+08:00
2018-03-31,FIX026,2.33843552,-1.32407068,1.989195378,19648.29115,0.001093843487,0.002162390667,2018-03-31T17:30:00+08:00,2018-03-31T18:00:00+08:00,2018-04-02T09:30:00+08:00
2018-03-31,FIX027,1.58009229,-0.312025936,0.1395064663,6117.61088,0.01472731791,0.002162390667,2018-03-31T17:30:00+08:00,2018-03-31T18:00:00+08:00,2018-04-02T09:30:00+08:00
2018-03-31,FIX028,1.295911504,-1.239934865,0.1434941361,45400.30256,-0.01442538049,0.002162390667,2018-03-31T17:30:00+08:00,2018-03-31T18:00:00+08:00,2018-04-02T09:30:00+08:00
2018-03-31,FIX029,2.143467432,0.6829141906,-0.2909569126,29966.02005,-0.03323475343,0.002162390667,2018-03-31T17:30:00+08:00,2018-03-31T18:00:00+08:00,2018-04-02T09:30:00+08:00
2018-03-31,FIX030,1.712656433,-0.3989706109,-0.02670767695,9475.736308,-0.005058372968,0.002162390667,2018-03-31T17:30:00+08:00,2018-03-31T18:00:00+08:00,2018-04-02T09:30:00+08:00
2018-03-31,FIX031,0.8671405145,-0.7740883816,1.015267826,34216.7169,0.07946742527,0.002162390667,2018-03-31T17:30:00+08:00,2018-03-31T18:00:00+08:00,2018-04-02T09:30:00+08:00
2018-03-31,FIX032,0.4744443655,-2.870563049,-0.2090328046,112335.1735,-0.04144292375,0.002162390667,2018-03-31T17:30:00+08:00,2018-03-31T18:00:00+08:00,2018-04-02T09:30:00+08:00
2018-03-31,FIX033,4.288659474,0.5745601645,0.02610353658,6463.43082,0.01754473717,0.002162390667,2018-03-31T17:30:00+08:00,2018-03-31T18:00:00+08:00,2018-04-02T09:30:00+08:00
2018-03-31,FIX034,-0.245770755,-1.034239199,2.644780564,3899.988096,0.02549047528,0.002162390667,2018-03-31T17:30:00+08:00,2018-03-31T18:00:00+08:00,2018-04-02T09:30:00+08:00
2018-03-31,FIX035,0.1975512123,-2.2176234,0.04028637683,7881.62158,-0.01624066911,0.002162390667,2018-03-31T17:30:00+08:00,2018-03-31T18:00:00+08:00,2018-04-02T09:30:00+08:00
2018-03-31,FIX036,1.42670208,-1.400061953,1.250121282,11210.96201,0.04519969672,0.002162390667,2018-03-31T17:30:00+08:00,2018-03-31T18:00:00+08:00,2018-04-02T09:30:00+08:00
2018-03-31,FIX037,2.309587368,-1.397625442,-0.1299270247,32363.20468,0.05695029072,0.002162390667,2018-03-31T17:30:00+08:00,2018-03-31T18:00:00+08:00,2018-04-02T09:30:00+08:00
2018-03-31,FIX038,2.671898583,-1.208504619,1.868147202,38154.84264,0.003528167353,0.002162390667,2018-03-31T17:30:00+08:00,2018-03-31T18:00:00+08:00,2018-04-02T09:30:00+08:00
2018-03-31,FIX039,2.657510631,-0.1090800266,1.806701992,9386.186452,-0.03013925503,0.002162390667,2018-03-31T17:30:00+08:00,2018-03-31T18:00:00+08:00,2018-04-02T09:30:00+08:00
2018-04-30,FIX000,0.7873944935,-1.281780608,2.160655206,107225.7226,0.01393290128,0.03756649647,2018-04-30T17:30:00+08:00,2018-04-30T18:00:00+08:00,2018-05-01T09:30:00+08:00
2018-04-30,FIX001,2.586289238,-0.556292671,1.661660475,20065.7245,-0.0169114955,0.03756649647,2018-04-30T17:30:00+08:00,2018-04-30T18:00:00+08:00,2018-05-01T09:30:00+08:00
2018-04-30,FIX002,1.080271914,-1.009499087,-0.3211518342,5150.719918,-0.01241866771,0.03756649647,2018-04-30T17:30:00+08:00,2018-04-30T18:00:00+08:00,2018-05-01T09:30:00+08:00
2018-04-30,FIX003,2.283667259,-1.113302078,0.2119036303,47051.45957,-0.02007759692,0.03756649647,2018-04-30T17:30:00+08:00,2018-04-30T18:00:00+08:00,2018-05-01T09:30:00+08:00
2018-04-30,FIX004,1.2837368,-1.492917351,2.793539706,2244.839172,0.01544035025,0.03756649647,2018-04-30T17:30:00+08:00,2018-04-30T18:00:00+08:00,2018-05-01T09:30:00+08:00
2018-04-30,FIX005,2.825420812,-0.2689367527,-1.559271234,5173.755852,0.003160818683,0.03756649647,2018-04-30T17:30:00+08:00,2018-04-30T18:00:00+08:00,2018-05-01T09:30:00+08:00
2018-04-30,FIX006,-0.493887338,-0.1421552869,-0.492853857,25949.25695,-0.0434114887,0.03756649647,2018-04-30T17:30:00+08:00,2018-04-30T18:00:00+08:00,2018-05-01T09:30:00+08:00
2018-04-30,FIX007,0.1783118108,-2.22662494,1.419146631,16044.30053,0.0006144771401,0.03756649647,2018-04-30T17:30:00+08:00,2018-04-30T18:00:00+08:00,2018-05-01T09:30:00+08:00
2018-04-30,FIX008,1.2166312,-2.888202973,0.2097333582,29767.33131,-0.03706690479,0.03756649647,2018-04-30T17:30:00+08:00,2018-04-30T18:00:00+08:00,2018-05-01T09:30:00+08:00
2018-04-30,FIX009,0.7115604357,-1.259869861,-0.6081197435,10704.61423,-0.05712104837,0.03756649647,2018-04-30T17:30:00+08:00,2018-04-30T18:00:00+08:00,2018-05-01T09:30:00+08:00
2018-04-30,FIX010,2.382413393,-1.399672099,-0.05922832571,75648.8312,0.02892435472,0.03756649647,2018-04-30T17:30:00+08:00,2018-04-30T18:00:00+08:00,2018-05-01T09:30:00+08:00
2018-04-30,FIX011,3.630131795,-0.5706439889,0.3610303586,20890.93344,0.04563297034,0.03756649647,2018-04-30T17:30:00+08:00,2018-04-30T18:00:00+08:00,2018-05-01T09:30:00+08:00
2018-04-30,FIX012,1.288099252,-0.5252217869,0.2775550771,37077.81119,-0.07901715623,0.03756649647,2018-04-30T17:30:00+08:00,2018-04-30T18:00:00+08:00,2018-05-01T09:30:00+08:00
2018-04-30,FIX013,2.152381175,-2.157645692,0.1516416185,13577.49648,-0.003046709458,0.03756649647,2018-04-30T17:30:00+08:00,2018-04-30T18:00:00+08:00,2018-05-01T09:30:00+08:00
2018-04-30,FIX014,2.72830156,-1.453508382,0.89748486,31846.6206,-0.002210653372,0.03756649647,2018-04-30T17:30:00+08:00,2018-04-30T18:00:00+08:00,2018-05-01T09:30:00+08:00
2018-04-30,FIX015,1.114270718,-1.057997576,1.337191877,20101.55241,0.02734428837,0.03756649647,2018-04-30T17:30:00+08:00,2018-04-30T18:00:00+08:00,2018-05-01T09:30:00+08:00
2018-04-30,FIX016,0.2837204776,-1.179992266,0.477527166,5558.461787,0.01761942352,0.03756649647,2018-04-30T17:30:00+08:00,2018-04-30T18:00:00+08:00,2018-05-01T09:30:00+08:00
2018-04-30,FIX017,1.442952079,-2.370425495,0.2730052024,7564.306585,0.02634478994,0.03756649647,2018-04-30T17:30:00+08:00,2018-04-30T18:00:00+08:00,2018-05-01T09:30:00+08:00
2018-04-30,FIX018,3.113966396,0.07520679107,-0.2746671049,9822.093627,0.001184846469,0.03756649647,2018-04-30T17:30:00+08:00,2018-04-30T18:00:00+08:00,2018-05-01T09:30:00+08:00
2018-04-30,FIX019,2.613375207,-2.168630266,1.408461274,26819.1787,0.007915868602,0.03756649647,2018-04-30T17:30:00+08:00,2018-04-30T18:00:00+08:00,2018-05-01T09:30:00+08:00
2018-04-30,FIX020,0.04664372265,-1.510200889,0.055368759,16574.70638,0.0385170197,0.03756649647,2018-04-30T17:30:00+08:00,2018-04-30T18:00:00+08:00,2018-05-01T09:30:00+08:00
2018-04-30,FIX021,2.337779123,-0.5272373528,0.2566656777,10722.7392,-0.01892366847,0.03756649647,2018-04-30T17:30:00+08:00,2018-04-30T18:00:00+08:00,2018-05-01T09:30:00+08:00
2018-04-30,FIX022,2.207925152,-2.168418134,2.617153192,11091.42648,-0.04198149353,0.03756649647,2018-04-30T17:30:00+08:00,2018-04-30T18:00:00+08:00,2018-05-01T09:30:00+08:00
2018-04-30,FIX023,1.410148893,-2.357944452,-0.4222393163,54691.47254,-0.0006234154399,0.03756649647,2018-04-30T17:30:00+08:00,2018-04-30T18:00:00+08:00,2018-05-01T09:30:00+08:00
2018-04-30,FIX024,-0.09800048995,0.2759032716,1.362803786,13990.92073,-0.008350354838,0.03756649647,2018-04-30T17:30:00+08:00,2018-04-30T18:00:00+08:00,2018-05-01T09:30:00+08:00
2018-04-30,FIX025,0.878699383,-2.180448672,1.02148451,71304.45926,-0.009949831792,0.03756649647,2018-04-30T17:30:00+08:00,2018-04-30T18:00:00+08:00,2018-05-01T09:30:00+08:00
2018-04-30,FIX026,1.826464381,-0.5326421014,1.400884722,35750.72364,0.01971381059,0.03756649647,2018-04-30T17:30:00+08:00,2018-04-30T18:00:00+08:00,2018-05-01T09:30:00+08:00
2018-04-30,FIX027,0.6366803951,0.09708648924,0.2102643205,6787.010553,9.150836602e-05,0.03756649647,2018-04-30T17:30:00+08:00,2018-04-30T18:00:00+08:00,2018-05-01T09:30:00+08:00
2018-04-30,FIX028,1.649017063,-0.8366151532,0.0985666989,68743.8684,0.0348005686,0.03756649647,2018-04-30T17:30:00+08:00,2018-04-30T18:00:00+08:00,2018-05-01T09:30:00+08:00
2018-04-30,FIX029,2.047509953,-0.3768599365,-0.3758009339,32672.33431,0.08761802428,0.03756649647,2018-04-30T17:30:00+08:00,2018-04-30T18:00:00+08:00,2018-05-01T09:30:00+08:00
2018-04-30,FIX030,1.181336749,0.0288387273,0.04905086502,18678.34122,0.0157929823,0.03756649647,2018-04-30T17:30:00+08:00,2018-04-30T18:00:00+08:00,2018-05-01T09:30:00+08:00
2018-04-30,FIX031,0.9192267797,-0.5152442127,0.8348728333,25339.97065,-0.007949301215,0.03756649647,2018-04-30T17:30:00+08:00,2018-04-30T18:00:00+08:00,2018-05-01T09:30:00+08:00
2018-04-30,FIX032,1.749679541,-1.893894668,-0.3592477741,35485.37823,-0.04883328845,0.03756649647,2018-04-30T17:30:00+08:00,2018-04-30T18:00:00+08:00,2018-05-01T09:30:00+08:00
2018-04-30,FIX033,3.852626944,1.018907109,0.5441103499,38522.00801,0.0176105701,0.03756649647,2018-04-30T17:30:00+08:00,2018-04-30T18:00:00+08:00,2018-05-01T09:30:00+08:00
2018-04-30,FIX034,0.5985510955,-0.4385555841,2.611630398,38062.56572,0.04446314973,0.03756649647,2018-04-30T17:30:00+08:00,2018-04-30T18:00:00+08:00,2018-05-01T09:30:00+08:00
2018-04-30,FIX035,0.4973521733,-3.198617999,0.6819476371,21525.099,0.003184029119,0.03756649647,2018-04-30T17:30:00+08:00,2018-04-30T18:00:00+08:00,2018-05-01T09:30:00+08:00
2018-04-30,FIX036,2.101471024,-2.32610008,0.3835654827,20318.61141,-0.03874628276,0.03756649647,2018-04-30T17:30:00+08:00,2018-04-30T18:00:00+08:00,2018-05-01T09:30:00+08:00
2018-04-30,FIX037,2.140133287,-2.469770602,-0.7691596418,12898.7224,0.03215902727,0.03756649647,2018-04-30T17:30:00+08:00,2018-04-30T18:00:00+08:00,2018-05-01T09:30:00+08:00
2018-04-30,FIX038,1.847342555,-1.229275484,2.439123709,44830.56491,0.01864050874,0.03756649647,2018-04-30T17:30:00+08:00,2018-04-30T18:00:00+08:00,2018-05-01T09:30:00+08:00
2018-04-30,FIX039,2.16841092,-0.6671309564,1.340722331,5973.876952,0.04891878406,0.03756649647,2018-04-30T17:30:00+08:00,2018-04-30T18:00:00+08:00,2018-05-01T09:30:00+08:00
2018-05-31,FIX000,1.089171735,-0.8283438941,2.133570232,20597.15081,-0.007802579988,-0.009646979812,2018-05-31T17:30:00+08:00,2018-05-31T18:00:00+08:00,2018-06-01T09:30:00+08:00
2018-05-31,FIX001,2.889575136,-1.59935222,0.9522926958,59131.20207,0.05110299947,-0.009646979812,2018-05-31T17:30:00+08:00,2018-05-31T18:00:00+08:00,2018-06-01T09:30:00+08:00
2018-05-31,FIX002,2.475550511,-0.8506480685,0.3097521575,12137.03964,0.0008318773729,-0.009646979812,2018-05-31T17:30:00+08:00,2018-05-31T18:00:00+08:00,2018-06-01T09:30:00+08:00
2018-05-31,FIX003,1.707068205,-2.550912738,0.2022565948,65706.39994,-0.00831419077,-0.009646979812,2018-05-31T17:30:00+08:00,2018-05-31T18:00:00+08:00,2018-06-01T09:30:00+08:00
2018-05-31,FIX004,1.004815117,-0.4321813418,2.243854595,15728.76451,-0.04124624058,-0.009646979812,2018-05-31T17:30:00+08:00,2018-05-31T18:00:00+08:00,2018-06-01T09:30:00+08:00
2018-05-31,FIX005,3.611959835,0.4214538101,-1.181629448,32838.97916,-0.005841147943,-0.009646979812,2018-05-31T17:30:00+08:00,2018-05-31T18:00:00+08:00,2018-06-01T09:30:00+08:00
2018-05-31,FIX006,-0.290758243,-0.820191182,-0.1529634918,16531.77885,-0.02391270526,-0.009646979812,2018-05-31T17:30:00+08:00,2018-05-31T18:00:00+08:00,2018-06-01T09:30:00+08:00
2018-05-31,FIX007,0.06586248008,-2.056618574,1.64093753,24340.26798,0.03614744682,-0.009646979812,2018-05-31T17:30:00+08:00,2018-05-31T18:00:00+08:00,2018-06-01T09:30:00+08:00
2018-05-31,FIX008,0.678007589,-2.06542647,0.5202379254,24043.25055,-0.001598900761,-0.009646979812,2018-05-31T17:30:00+08:00,2018-05-31T18:00:00+08:00,2018-06-01T09:30:00+08:00
2018-05-31,FIX009,1.073612969,-1.320642384,0.094733757,36148.18349,-0.04152173134,-0.009646979812,2018-05-31T17:30:00+08:00,2018-05-31T18:00:00+08:00,2018-06-01T09:30:00+08:00
2018-05-31,FIX010,2.129337448,-1.243116348,-0.06429571973,15478.21955,0.04565021343,-0.009646979812,2018-05-31T17:30:00+08:00,2018-05-31T18:00:00+08:00,2018-06-01T09:30:00+08:00
2018-05-31,FIX011,3.56259426,-0.1728883312,0.5370042732,59482.78706,-0.02123277267,-0.009646979812,2018-05-31T17:30:00+08:00,2018-05-31T18:00:00+08:00,2018-06-01T09:30:00+08:00
2018-05-31,FIX012,1.038382853,-1.974830996,0.1617587907,33713.11828,-0.02698215875,-0.009646979812,2018-05-31T17:30:00+08:00,2018-05-31T18:00:00+08:00,2018-06-01T09:30:00+08:00
2018-05-31,FIX013,1.970330428,-2.102205825,0.8098319435,19352.24448,0.006467383225,-0.009646979812,2018-05-31T17:30:00+08:00,2018-05-31T18:00:00+08:00,2018-06-01T09:30:00+08:00
2018-05-31,FIX014,2.422107065,-0.6367619033,1.304001259,51133.50625,0.001403843044,-0.009646979812,2018-05-31T17:30:00+08:00,2018-05-31T18:00:00+08:00,2018-06-01T09:30:00+08:00
2018-05-31,FIX015,1.655619752,0.1689779026,2.39781799,37366.62868,-0.01593503399,-0.009646979812,2018-05-31T17:30:00+08:00,2018-05-31T18:00:00+08:00,2018-06-01T09:30:00+08:00
2018-05-31,FIX016,1.481432372,-1.592902166,0.428823734,10055.22012,-0.00918112976,-0.009646979812,2018-05-31T17:30:00+08:00,2018-05-31T18:00:00+08:00,2018-06-01T09:30:00+08:00
2018-05-31,FIX017,0.7416463355,-2.218660163,0.3302488745,3103.432599,0.01389002419,-0.009646979812,2018-05-31T17:30:00+08:00,2018-05-31T18:00:00+08:00,2018-06-01T09:30:00+08:00
2018-05-31,FIX018,2.71390189,0.002894821132,0.2667608321,31127.16853,0.05526376929,-0.009646979812,2018-05-31T17:30:00+08:00,2018-05-31T18:00:00+08:00,2018-06-01T09:30:00+08:00
2018-05-31,FIX019,2.82385769,-1.741504868,1.264538234,8719.106624,0.03222046486,-0.009646979812,2018-05-31T17:30:00+08:00,2018-05-31T18:00:00+08:00,2018-06-01T09:30:00+08:00
2018-05-31,FIX020,0.1440113236,-1.891908076,-0.03423240764,7019.618605,-0.02379019592,-0.009646979812,2018-05-31T17:30:00+08:00,2018-05-31T18:00:00+08:00,2018-06-01T09:30:00+08:00
2018-05-31,FIX021,2.477332724,-1.075600152,0.1508994805,125301.2098,0.03729185443,-0.009646979812,2018-05-31T17:30:00+08:00,2018-05-31T18:00:00+08:00,2018-06-01T09:30:00+08:00
2018-05-31,FIX022,2.040948922,-1.345446455,2.398279718,18360.37785,0.02199186486,-0.009646979812,2018-05-31T17:30:00+08:00,2018-05-31T18:00:00+08:00,2018-06-01T09:30:00+08:00
2018-05-31,FIX023,1.360971119,-2.382910786,-0.2695595655,21445.06069,0.02114251748,-0.009646979812,2018-05-31T17:30:00+08:00,2018-05-31T18:00:00+08:00,2018-06-01T09:30:00+08:00
2018-05-31,FIX024,0.06642907856,-0.2923519107,1.370800713,41905.82131,-0.01599295459,-0.009646979812,2018-05-31T17:30:00+08:00,2018-05-31T18:00:00+08:00,2018-06-01T09:30:00+08:00
2018-05-31,FIX025,0.8639864297,-2.786374049,1.104876159,68860.51648,-0.002158437748,-0.009646979812,2018-05-31T17:30:00+08:00,2018-05-31T18:00:00+08:00,2018-06-01T09:30:00+08:00
2018-05-31,FIX026,1.127395166,-0.5635990894,0.983113313,19469.44726,-0.01707335047,-0.009646979812,2018-05-31T17:30:00+08:00,2018-05-31T18:00:00+08:00,2018-06-01T09:30:00+08:00
2018-05-31,FIX027,0.7440620704,-1.217930655,0.2748064362,20133.2696,-0.02424971742,-0.009646979812,2018-05-31T17:30:00+08:00,2018-05-31T18:00:00+08:00,2018-06-01T09:30:00+08:00
2018-05-31,FIX028,2.222051451,-1.76275731,-0.0718974123,18907.53049,0.02307371079,-0.009646979812,2018-05-31T17:30:00+08:00,2018-05-31T18:00:00+08:00,2018-06-01T09:30:00+08:00
2018-05-31,FIX029,2.620770011,0.09910237625,0.2063551162,91323.39991,0.02523530754,-0.009646979812,2018-05-31T17:30:00+08:00,2018-05-31T18:00:00+08:00,2018-06-01T09:30:00+08:00
2018-05-31,FIX030,1.133814125,-0.02338175799,-0.3608861771,22969.63538,0.05975298231,-0.009646979812,2018-05-31T17:30:00+08:00,2018-05-31T18:00:00+08:00,2018-06-01T09:30:00+08:00
2018-05-31,FIX031,0.5836799216,-0.2733065972,0.66184351,13098.90464,-0.01273095416,-0.009646979812,2018-05-31T17:30:00+08:00,2018-05-31T18:00:00+08:00,2018-06-01T09:30:00+08:00
2018-05-31,FIX032,1.371154758,-1.089063637,-0.1921472176,23870.64305,0.01918125491,-0.009646979812,2018-05-31T17:30:00+08:00,2018-05-31T18:00:00+08:00,2018-06-01T09:30:00+08:00
2018-05-31,FIX033,3.550584337,1.39923306,1.749624934,30960.51364,-0.02757846029,-0.009646979812,2018-05-31T17:30:00+08:00,2018-05-31T18:00:00+08:00,2018-06-01T09:30:00+08:00
2018-05-31,FIX034,0.4641025571,0.3340778383,0.5220841511,10012.4187,-0.01281556768,-0.009646979812,2018-05-31T17:30:00+08:00,2018-05-31T18:00:00+08:00,2018-06-01T09:30:00+08:00
2018-05-31,FIX035,0.7692171944,-2.413202166,0.6740166986,53392.1258,0.0267155449,-0.009646979812,2018-05-31T17:30:00+08:00,2018-05-31T18:00:00+08:00,2018-06-01T09:30:00+08:00
2018-05-31,FIX036,1.349922802,-1.793757331,0.6781231264,17514.57027,0.05724160137,-0.009646979812,2018-05-31T17:30:00+08:00,2018-05-31T18:00:00+08:00,2018-06-01T09:30:00+08:00
2018-05-31,FIX037,1.578612723,-1.615589977,-0.2749986435,38016.42736,0.04496611416,-0.009646979812,2018-05-31T17:30:00+08:00,2018-05-31T18:00:00+08:00,2018-06-01T09:30:00+08:00
2018-05-31,FIX038,2.339130983,-1.802227229,2.543121212,14475.37717,0.03071379984,-0.009646979812,2018-05-31T17:30:00+08:00,2018-05-31T18:00:00+08:00,2018-06-01T09:30:00+08:00
2018-05-31,FIX039,2.627511753,-0.6802883123,2.193759483,51251.66489,0.05882544281,-0.009646979812,2018-05-31T17:30:00+08:00,2018-05-31T18:00:00+08:00,2018-06-01T09:30:00+08:00
2018-06-30,FIX000,1.205275501,-0.05364506547,2.004804172,11222.20658,-0.0112601604,-0.03613868616,2018-06-30T17:30:00+08:00,2018-06-30T18:00:00+08:00,2018-07-02T09:30:00+08:00
2018-06-30,FIX001,2.27500032,-1.520542205,1.506825468,6280.988837,-0.06976411536,-0.03613868616,2018-06-30T17:30:00+08:00,2018-06-30T18:00:00+08:00,2018-07-02T09:30:00+08:00
2018-06-30,FIX002,2.76159652,-2.361773258,0.05320798156,37855.89821,-0.01103979705,-0.03613868616,2018-06-30T17:30:00+08:00,2018-06-30T18:00:00+08:00,2018-07-02T09:30:00+08:00
2018-06-30,FIX003,1.874610318,-2.880087578,-0.08001786377,6427.847399,0.000495480671,-0.03613868616,2018-06-30T17:30:00+08:00,2018-06-30T18:00:00+08:00,2018-07-02T09:30:00+08:00
2018-06-30,FIX004,1.343590496,-0.8652052018,0.4713285937,64463.04955,0.06286847236,-0.03613868616,2018-06-30T17:30:00+08:00,2018-06-30T18:00:00+08:00,2018-07-02T09:30:00+08:00
2018-06-30,FIX005,3.621605604,0.8654266435,-0.9741051249,55206.32988,-0.02148987961,-0.03613868616,2018-06-30T17:30:00+08:00,2018-06-30T18:00:00+08:00,2018-07-02T09:30:00+08:00
2018-06-30,FIX006,-0.6206326973,-1.000721133,1.088056644,20244.47326,0.001331663672,-0.03613868616,2018-06-30T17:30:00+08:00,2018-06-30T18:00:00+08:00,2018-07-02T09:30:00+08:00
2018-06-30,FIX007,0.4479219032,-2.53261468,1.656110629,25653.88601,0.02071489194,-0.03613868616,2018-06-30T17:30:00+08:00,2018-06-30T18:00:00+08:00,2018-07-02T09:30:00+08:00
2018-06-30,FIX008,0.8259604,-1.914107404,0.0978970886,27065.49509,-0.004626752236,-0.03613868616,2018-06-30T17:30:00+08:00,2018-06-30T18:00:00+08:00,2018-07-02T09:30:00+08:00
2018-06-30,FIX009,0.4083502029,-0.5141572317,1.234165596,20661.54766,-0.03770442951,-0.03613868616,2018-06-30T17:30:00+08:00,2018-06-30T18:00:00+08:00,2018-07-02T09:30:00+08:00
2018-06-30,FIX010,2.877170938,-0.6055109904,0.6033895386,89181.76984,-0.002017445812,-0.03613868616,2018-06-30T17:30:00+08:00,2018-06-30T18:00:00+08:00,2018-07-02T09:30:00+08:00
2018-06-30,FIX011,3.185415263,-0.6494979619,1.095012138,74701.07713,0.0002251765608,-0.03613868616,2018-06-30T17:30:00+08:00,2018-06-30T18:00:00+08:00,2018-07-02T09:30:00+08:00
2018-06-30,FIX012,0.5523627958,-0.7348613977,-0.662179532,2416.440295,-0.07433351918,-0.03613868616,2018-06-30T17:30:00+08:00,2018-06-30T18:00:00+08:00,2018-07-02T09:30:00+08:00
2018-06-30,FIX013,2.115004218,-1.706570506,0.8095356402,13989.70746,0.02334373613,-0.03613868616,2018-06-30T17:30:00+08:00,2018-06-30T18:00:00+08:00,2018-07-02T09:30:00+08:00
2018-06-30,FIX014,1.940089834,-0.3115118791,0.5212158327,7555.326168,0.03225924583,-0.03613868616,2018-06-30T17:30:00+08:00,2018-06-30T18:00:00+08:00,2018-07-02T09:30:00+08:00
2018-06-30,FIX015,1.715512597,-0.2303862851,1.782055282,84268.04207,0.03314509903,-0.03613868616,2018-06-30T17:30:00+08:00,2018-06-30T18:00:00+08:00,2018-07-02T09:30:00+08:00
2018-06-30,FIX016,1.782705818,-0.9987171791,0.5986466292,3329.325248,-0.02862662517,-0.03613868616,2018-06-30T17:30:00+08:00,2018-06-30T18:00:00+08:00,2018-07-02T09:30:00+08:00
2018-06-30,FIX017,2.03551643,-2.004047863,0.2354375994,27000.28542,0.04108366639,-0.03613868616,2018-06-30T17:30:00+08:00,2018-06-30T18:00:00+08:00,2018-07-02T09:30:00+08:00
2018-06-30,FIX018,2.251045679,-0.008266677088,0.8907104844,31977.0334,-0.001085437234,-0.03613868616,2018-06-30T17:30:00+08:00,2018-06-30T18:00:00+08:00,2018-07-02T09:30:00+08:00
2018-06-30,FIX019,1.823147954,-0.9583801776,1.015308856,18830.8215,-0.04447802054,-0.03613868616,2018-06-30T17:30:00+08:00,2018-06-30T18:00:00+08:00,2018-07-02T09:30:00+08:00
2018-06-30,FIX020,0.9884339615,-0.7728657184,0.2300392471,25514.95265,0.007829587569,-0.03613868616,2018-06-30T17:30:00+08:00,2018-06-30T18:00:00+08:00,2018-07-02T09:30:00+08:00
2018-06-30,FIX021,1.877797783,-0.9247112187,0.6749609211,8361.875147,-0.01025046224,-0.03613868616,2018-06-30T17:30:00+08:00,2018-06-30T18:00:00+08:00,2018-07-02T09:30:00+08:00
2018-06-30,FIX022,1.780305346,-1.752943199,1.898685143,39738.02655,0.01154356916,-0.03613868616,2018-06-30T17:30:00+08:00,2018-06-30T18:00:00+08:00,2018-07-02T09:30:00+08:00
2018-06-30,FIX023,0.6462520664,-1.949761456,-0.3055645525,37011.68648,0.065041227,-0.03613868616,2018-06-30T17:30:00+08:00,2018-06-30T18:00:00+08:00,2018-07-02T09:30:00+08:00
2018-06-30,FIX024,0.03522520015,-0.3798355042,0.7356321755,30560.03866,-0.03792848723,-0.03613868616,2018-06-30T17:30:00+08:00,2018-06-30T18:00:00+08:00,2018-07-02T09:30:00+08:00
2018-06-30,FIX025,0.9536807288,-2.471757112,1.774902393,29392.37953,0.03213319127,-0.03613868616,2018-06-30T17:30:00+08:00,2018-06-30T18:00:00+08:00,2018-07-02T09:30:00+08:00
2018-06-30,FIX026,0.9095219845,-0.33763453,0.958951741,12954.541,0.0337358322,-0.03613868616,2018-06-30T17:30:00+08:00,2018-06-30T18:00:00+08:00,2018-07-02T09:30:00+08:00
2018-06-30,FIX027,1.647931504,-1.75630978,-0.04819706355,53876.16825,0.03468662926,-0.03613868616,2018-06-30T17:30:00+08:00,2018-06-30T18:00:00+08:00,2018-07-02T09:30:00+08:00
2018-06-30,FIX028,2.439944333,-1.946718504,0.1607986348,29260.77161,0.01414475434,-0.03613868616,2018-06-30T17:30:00+08:00,2018-06-30T18:00:00+08:00,2018-07-02T09:30:00+08:00
2018-06-30,FIX029,2.534506387,0.5247284586,-0.392056977,7647.523302,-0.03838412099,-0.03613868616,2018-06-30T17:30:00+08:00,2018-06-30T18:00:00+08:00,2018-07-02T09:30:00+08:00
2018-06-30,FIX030,1.039453949,-0.3510293663,-0.7156739689,3464.344944,-0.05137130601,-0.03613868616,2018-06-30T17:30:00+08:00,2018-06-30T18:00:00+08:00,2018-07-02T09:30:00+08:00
2018-06-30,FIX031,1.223711986,-1.085371979,-0.1897772265,28758.62569,-0.05931151831,-0.03613868616,2018-06-30T17:30:00+08:00,2018-06-30T18:00:00+08:00,2018-07-02T09:30:00+08:00
2018-06-30,FIX032,1.919219478,-0.856136955,-0.6498429985,10818.6066,-0.06135345291,-0.03613868616,2018-06-30T17:30:00+08:00,2018-06-30T18:00:00+08:00,2018-07-02T09:30:00+08:00
2018-06-30,FIX033,2.2114959,1.234674425,-0.5294153458,7703.935019,-0.02150808486,-0.03613868616,2018-06-30T17:30:00+08:00,2018-06-30T18:00:00+08:00,2018-07-02T09:30:00+08:00
2018-06-30,FIX034,0.2691039132,0.3894293131,0.04135330039,18555.86631,-0.009474600108,-0.03613868616,2018-06-30T17:30:00+08:00,2018-06-30T18:00:00+08:00,2018-07-02T09:30:00+08:00
2018-06-30,FIX035,1.11342386,-1.080298888,1.236710763,42877.98124,0.005265240888,-0.03613868616,2018-06-30T17:30:00+08:00,2018-06-30T18:00:00+08:00,2018-07-02T09:30:00+08:00
2018-06-30,FIX036,1.902806774,-3.26688423,0.6068485784,5059.987628,0.01290393394,-0.03613868616,2018-06-30T17:30:00+08:00,2018-06-30T18:00:00+08:00,2018-07-02T09:30:00+08:00
2018-06-30,FIX037,1.351164755,-1.410523814,0.4392404667,22055.2628,-0.004010235314,-0.03613868616,2018-06-30T17:30:00+08:00,2018-06-30T18:00:00+08:00,2018-07-02T09:30:00+08:00
2018-06-30,FIX038,3.216353426,-1.473148369,1.902129472,10824.3481,0.05055613104,-0.03613868616,2018-06-30T17:30:00+08:00,2018-06-30T18:00:00+08:00,2018-07-02T09:30:00+08:00
2018-06-30,FIX039,1.64417171,-1.252029495,1.649549515,6481.459007,0.00803050459,-0.03613868616,2018-06-30T17:30:00+08:00,2018-06-30T18:00:00+08:00,2018-07-02T09:30:00+08:00
2018-07-31,FIX000,1.421571675,-0.5964514426,1.485209432,18163.25237,-0.008191866134,0.02092716222,2018-07-31T17:30:00+08:00,2018-07-31T18:00:00+08:00,2018-08-01T09:30:00+08:00
2018-07-31,FIX001,2.418026068,-0.8757012987,1.412017944,23637.4314,0.03379493343,0.02092716222,2018-07-31T17:30:00+08:00,2018-07-31T18:00:00+08:00,2018-08-01T09:30:00+08:00
2018-07-31,FIX002,2.476344309,-2.132332081,0.3752618514,20600.45528,-0.03427306645,0.02092716222,2018-07-31T17:30:00+08:00,2018-07-31T18:00:00+08:00,2018-08-01T09:30:00+08:00
2018-07-31,FIX003,1.826010225,-3.402481866,-0.55739189,11152.74776,0.0001481071906,0.02092716222,2018-07-31T17:30:00+08:00,2018-07-31T18:00:00+08:00,2018-08-01T09:30:00+08:00
2018-07-31,FIX004,1.887306635,-0.4966790025,0.8497794211,50035.34716,-0.02349582049,0.02092716222,2018-07-31T17:30:00+08:00,2018-07-31T18:00:00+08:00,2018-08-01T09:30:00+08:00
2018-07-31,FIX005,3.793769344,0.3792153166,-0.5065179713,34484.87642,0.01528231884,0.02092716222,2018-07-31T17:30:00+08:00,2018-07-31T18:00:00+08:00,2018-08-01T09:30:00+08:00
2018-07-31,FIX006,-0.04344830662,-1.704458893,2.029113523,9602.277861,-0.04646248048,0.02092716222,2018-07-31T17:30:00+08:00,2018-07-31T18:00:00+08:00,2018-08-01T09:30:00+08:00
2018-07-31,FIX007,1.275222388,-1.482668754,1.496965736,20469.33786,-0.03244007244,0.02092716222,2018-07-31T17:30:00+08:00,2018-07-31T18:00:00+08:00,2018-08-01T09:30:00+08:00
2018-07-31,FIX008,0.4926415214,-1.957805738,0.4041480943,9732.128694,-0.0006360693925,0.02092716222,2018-07-31T17:30:00+08:00,2018-07-31T18:00:00+08:00,2018-08-01T09:30:00+08:00
2018-07-31,FIX009,-0.3858283193,0.04091402671,1.307400335,4724.164045,-0.01961132734,0.02092716222,2018-07-31T17:30:00+08:00,2018-07-31T18:00:00+08:00,2018-08-01T09:30:00+08:00
2018-07-31,FIX010,2.638986357,-0.4062443567,0.3894411656,7107.501519,-0.005164466296,0.02092716222,2018-07-31T17:30:00+08:00,2018-07-31T18:00:00+08:00,2018-08-01T09:30:00+08:00
2018-07-31,FIX011,2.161917913,-1.644741981,1.623413806,32920.37754,0.04435347306,0.02092716222,2018-07-31T17:30:00+08:00,2018-07-31T18:00:00+08:00,2018-08-01T09:30:00+08:00
2018-07-31,FIX012,0.8426490555,-1.909165885,0.2225824259,78291.95637,0.06719269785,0.02092716222,2018-07-31T17:30:00+08:00,2018-07-31T18:00:00+08:00,2018-08-01T09:30:00+08:00
2018-07-31,FIX013,2.438144237,-1.909836151,0.4850639726,27182.70081,0.01494969065,0.02092716222,2018-07-31T17:30:00+08:00,2018-07-31T18:00:00+08:00,2018-08-01T09:30:00+08:00
2018-07-31,FIX014,2.426043422,-0.3320812745,0.6078758614,41271.89177,-0.02577900384,0.02092716222,2018-07-31T17:30:00+08:00,2018-07-31T18:00:00+08:00,2018-08-01T09:30:00+08:00
2018-07-31,FIX015,1.872481814,0.3181961532,1.828358018,64475.53035,0.079924596,0.02092716222,2018-07-31T17:30:00+08:00,2018-07-31T18:00:00+08:00,2018-08-01T09:30:00+08:00
2018-07-31,FIX016,1.442283415,-1.366180222,1.217883143,39094.25421,0.02583041268,0.02092716222,2018-07-31T17:30:00+08:00,2018-07-31T18:00:00+08:00,2018-08-01T09:30:00+08:00
2018-07-31,FIX017,2.030567174,-0.881927118,-0.4833940799,18042.42701,7.182109188e-05,0.02092716222,2018-07-31T17:30:00+08:00,2018-07-31T18:00:00+08:00,2018-08-01T09:30:00+08:00
2018-07-31,FIX018,1.880510349,-0.08523083205,1.093069098,9341.520426,0.04763923763,0.02092716222,2018-07-31T17:30:00+08:00,2018-07-31T18:00:00+08:00,2018-08-01T09:30:00+08:00
2018-07-31,FIX019,2.500197447,-0.8422136831,0.7623259783,25521.05787,0.07517777504,0.02092716222,2018-07-31T17:30:00+08:00,2018-07-31T18:00:00+08:00,2018-08-01T09:30:00+08:00
2018-07-31,FIX020,-0.1010997388,-1.00312585,0.3667548028,16710.4262,0.02238286796,0.02092716222,2018-07-31T17:30:00+08:00,2018-07-31T18:00:00+08:00,2018-08-01T09:30:00+08:00
2018-07-31,FIX021,2.095320646,-2.243653301,-0.3793021574,30389.62544,0.006775292435,0.02092716222,2018-07-31T17:30:00+08:00,2018-07-31T18:00:00+08:00,2018-08-01T09:30:00+08:00
2018-07-31,FIX022,1.41955842,-1.400188769,1.189133564,62354.40869,0.02168646228,0.02092716222,2018-07-31T17:30:00+08:00,2018-07-31T18:00:00+08:00,2018-08-01T09:30:00+08:00
2018-07-31,FIX023,0.1229920847,-1.618543089,0.2043718635,18757.73918,0.01333114758,0.02092716222,2018-07-31T17:30:00+08:00,2018-07-31T18:00:00+08:00,2018-08-01T09:30:00+08:00
2018-07-31,FIX024,0.2994557994,-1.042151701,2.15074313,28896.4028,0.01084599688,0.02092716222,2018-07-31T17:30:00+08:00,2018-07-31T18:00:00+08:00,2018-08-01T09:30:00+08:00
2018-07-31,FIX025,1.118620696,-2.366709438,1.999280417,148535.4506,-0.04372590034,0.02092716222,2018-07-31T17:30:00+08:00,2018-07-31T18:00:00+08:00,2018-08-01T09:30:00+08:00
2018-07-31,FIX026,1.098603415,-0.06752284279,2.365369631,55180.69362,0.01370168641,0.02092716222,2018-07-31T17:30:00+08:00,2018-07-31T18:00:00+08:00,2018-08-01T09:30:00+08:00
2018-07-31,FIX027,1.266076359,-0.8813079842,-0.1623071624,12921.34625,0.0294966017,0.02092716222,2018-07-31T17:30:00+08:00,2018-07-31T18:00:00+08:00,2018-08-01T09:30:00+08:00
2018-07-31,FIX028,2.386891804,-1.753073458,-0.8335234527,35141.21303,-0.03404072178,0.02092716222,2018-07-31T17:30:00+08:00,2018-07-31T18:00:00+08:00,2018-08-01T09:30:00+08:00
2018-07-31,FIX029,2.045632637,-1.334998078,0.2729582549,104679.9964,-0.02926644721,0.02092716222,2018-07-31T17:30:00+08:00,2018-07-31T18:00:00+08:00,2018-08-01T09:30:00+08:00
2018-07-31,FIX030,1.093301719,-0.8675645633,-1.27185974,34255.57512,0.02780966511,0.02092716222,2018-07-31T17:30:00+08:00,2018-07-31T18:00:00+08:00,2018-08-01T09:30:00+08:00
2018-07-31,FIX031,1.025555195,-1.513242559,-0.249424128,11245.16258,-0.05496351638,0.02092716222,2018-07-31T17:30:00+08:00,2018-07-31T18:00:00+08:00,2018-08-01T09:30:00+08:00
2018-07-31,FIX032,3.035133077,-0.2834822944,0.1703994684,17023.92973,-0.01559588036,0.02092716222,2018-07-31T17:30:00+08:00,2018-07-31T18:00:00+08:00,2018-08-01T09:30:00+08:00
2018-07-31,FIX033,1.405888345,-0.2978178433,0.5128029407,30178.57692,-0.01155960778,0.02092716222,2018-07-31T17:30:00+08:00,2018-07-31T18:00:00+08:00,2018-08-01T09:30:00+08:00
2018-07-31,FIX034,1.629791214,-1.096821721,0.6363003115,22509.11398,0.03675247712,0.02092716222,2018-07-31T17:30:00+08:00,2018-07-31T18:00:00+08:00,2018-08-01T09:30:00+08:00
2018-07-31,FIX035,1.17095537,-1.138667619,0.7152534168,143829.0823,0.04921963669,0.02092716222,2018-07-31T17:30:00+08:00,2018-07-31T18:00:00+08:00,2018-08-01T09:30:00+08:00
2018-07-31,FIX036,2.170248081,-2.297560681,0.5131141779,34893.87323,0.01167293454,0.02092716222,2018-07-31T17:30:00+08:00,2018-07-31T18:00:00+08:00,2018-08-01T09:30:00+08:00
2018-07-31,FIX037,1.323230985,-1.091111571,0.226838174,6273.537024,-0.08098097932,0.02092716222,2018-07-31T17:30:00+08:00,2018-07-31T18:00:00+08:00,2018-08-01T09:30:00+08:00
2018-07-31,FIX038,2.767772523,-1.003858479,1.664920632,6159.041877,-0.01073506366,0.02092716222,2018-07-31T17:30:00+08:00,2018-07-31T18:00:00+08:00,2018-08-01T09:30:00+08:00
2018-07-31,FIX039,2.6311504,0.1628123427,1.504971437,4652.604312,-0.007343569636,0.02092716222,2018-07-31T17:30:00+08:00,2018-07-31T18:00:00+08:00,2018-08-01T09:30:00+08:00
2018-08-31,FIX000,1.487357217,-0.4226243079,1.567075326,5466.444865,-0.0227634901,0.01659201944,2018-08-31T17:30:00+08:00,2018-08-31T18:00:00+08:00,2018-09-03T09:30:00+08:00
2018-08-31,FIX001,2.915370669,0.1717930304,0.9135143875,28444.22104,-0.03496039188,0.01659201944,2018-08-31T17:30:00+08:00,2018-08-31T18:00:00+08:00,2018-09-03T09:30:00+08:00
2018-08-31,FIX002,2.213639344,-3.021822594,0.1905649836,33041.38379,-0.02976618254,0.01659201944,2018-08-31T17:30:00+08:00,2018-08-31T18:00:00+08:00,2018-09-03T09:30:00+08:00
2018-08-31,FIX003,2.215467003,-2.128175188,0.4558185202,23597.38715,-0.01777251769,0.01659201944,2018-08-31T17:30:00+08:00,2018-08-31T18:00:00+08:00,2018-09-03T09:30:00+08:00
2018-08-31,FIX004,2.014324308,-0.8948456292,1.149313071,18601.77443,0.02256502743,0.01659201944,2018-08-31T17:30:00+08:00,2018-08-31T18:00:00+08:00,2018-09-03T09:30:00+08:00
2018-08-31,FIX005,3.135639395,-1.119890243,-0.9542111034,10494.48819,0.08496737841,0.01659201944,2018-08-31T17:30:00+08:00,2018-08-31T18:00:00+08:00,2018-09-03T09:30:00+08:00
2018-08-31,FIX006,0.1023735075,-2.555740771,0.7739238895,7481.941025,0.0284859679,0.01659201944,2018-08-31T17:30:00+08:00,2018-08-31T18:00:00+08:00,2018-09-03T09:30:00+08:00
2018-08-31,FIX007,1.653588963,-1.631829967,1.102063255,32094.61015,-0.01153224335,0.01659201944,2018-08-31T17:30:00+08:00,2018-08-31T18:00:00+08:00,2018-09-03T09:30:00+08:00
2018-08-31,FIX008,0.3027440065,-0.6294349607,1.140322171,256130.9872,-0.02386731391,0.01659201944,2018-08-31T17:30:00+08:00,2018-08-31T18:00:00+08:00,2018-09-03T09:30:00+08:00
2018-08-31,FIX009,-0.2028975478,0.3102080268,0.7708033221,24132.68375,-0.01763575257,0.01659201944,2018-08-31T17:30:00+08:00,2018-08-31T18:00:00+08:00,2018-09-03T09:30:00+08:00
2018-08-31,FIX010,2.743351092,-1.385465844,0.5059417178,5554.372634,-0.02508889877,0.01659201944,2018-08-31T17:30:00+08:00,2018-08-31T18:00:00+08:00,2018-09-03T09:30:00+08:00
2018-08-31,FIX011,2.486710903,-1.197324018,0.4987087609,7778.285994,0.07627053612,0.01659201944,2018-08-31T17:30:00+08:00,2018-08-31T18:00:00+08:00,2018-09-03T09:30:00+08:00
2018-08-31,FIX012,1.974051505,-1.963374679,-0.3540636654,18832.46074,-0.02703986625,0.01659201944,2018-08-31T17:30:00+08:00,2018-08-31T18:00:00+08:00,2018-09-03T09:30:00+08:00
2018-08-31,FIX013,2.693867036,-2.117594256,1.174066667,18123.82278,-0.04558147504,0.01659201944,2018-08-31T17:30:00+08:00,2018-08-31T18:00:00+08:00,2018-09-03T09:30:00+08:00
2018-08-31,FIX014,1.811345234,-0.661787572,0.001255349981,10682.1936,-0.03579883744,0.01659201944,2018-08-31T17:30:00+08:00,2018-08-31T18:00:00+08:00,2018-09-03T09:30:00+08:00
2018-08-31,FIX015,2.162609392,-1.391936026,2.162108663,22135.09742,-0.062980011,0.01659201944,2018-08-31T17:30:00+08:00,2018-08-31T18:00:00+08:00,2018-09-03T09:30:00+08:00
2018-08-31,FIX016,1.083977109,-0.9662804609,1.019544136,13819.52254,0.002150749929,0.01659201944,2018-08-31T17:30:00+08:00,2018-08-31T18:00:00+08:00,2018-09-03T09:30:00+08:00
2018-08-31,FIX017,1.459052049,-1.480592801,-0.8687999285,34461.47914,0.0008679316125,0.01659201944,2018-08-31T17:30:00+08:00,2018-08-31T18:00:00+08:00,2018-09-03T09:30:00+08:00
2018-08-31,FIX018,1.76162675,0.05339672622,-0.05929320962,12802.46513,0.02491136315,0.01659201944,2018-08-31T17:30:00+08:00,2018-08-31T18:00:00+08:00,2018-09-03T09:30:00+08:00
2018-08-31,FIX019,2.039664675,-0.5424771442,1.17001685,22997.1672,-0.0213193078,0.01659201944,2018-08-31T17:30:00+08:00,2018-08-31T18:00:00+08:00,2018-09-03T09:30:00+08:00
2018-08-31,FIX020,-0.9513875353,-0.9448097272,0.6990447095,4788.649147,-0.07489586197,0.01659201944,2018-08-31T17:30:00+08:00,2018-08-31T18:00:00+08:00,2018-09-03T09:30:00+08:00
2018-08-31,FIX021,2.031681175,-2.224651602,-0.6987710836,33285.77456,-0.0291513016,0.01659201944,2018-08-31T17:30:00+08:00,2018-08-31T18:00:00+08:00,2018-09-03T09:30:00+08:00
2018-08-31,FIX022,0.2636103846,-1.236770532,-0.0728138483,80095.70672,0.01159979796,0.01659201944,2018-08-31T17:30:00+08:00,2018-08-31T18:00:00+08:00,2018-09-03T09:30:00+08:00
2018-08-31,FIX023,0.6898264427,-1.815452461,0.8748141348,23969.35005,0.04014092963,0.01659201944,2018-08-31T17:30:00+08:00,2018-08-31T18:00:00+08:00,2018-09-03T09:30:00+08:00
2018-08-31,FIX024,0.5847938581,-0.6825859893,2.218407812,28241.14484,-0.00286171136,0.01659201944,2018-08-31T17:30:00+08:00,2018-08-31T18:00:00+08:00,2018-09-03T09:30:00+08:00
2018-08-31,FIX025,0.5001557622,-1.637003501,1.477987048,11576.97043,0.0347249476,0.01659201944,2018-08-31T17:30:00+08:00,2018-08-31T18:00:00+08:00,2018-09-03T09:30:00+08:00
2018-08-31,FIX026,1.168638409,0.0008533243524,1.603546137,47915.97263,-0.01072231268,0.01659201944,2018-08-31T17:30:00+08:00,2018-08-31T18:00:00+08:00,2018-09-03T09:30:00+08:00
2018-08-31,FIX027,2.192168791,-0.2491456664,-0.3735807465,92270.77789,-0.04703904505,0.01659201944,2018-08-31T17:30:00+08:00,2018-08-31T18:00:00+08:00,2018-09-03T09:30:00+08:00
2018-08-31,FIX028,2.589534985,-1.895728541,-0.7229199146,20533.88394,-0.02273302479,0.01659201944,2018-08-31T17:30:00+08:00,2018-08-31T18:00:00+08:00,2018-09-03T09:30:00+08:00
2018-08-31,FIX029,1.929227341,-1.443484615,0.2615793038,17848.74281,-0.02698306855,0.01659201944,2018-08-31T17:30:00+08:00,2018-08-31T18:00:00+08:00,2018-09-03T09:30:00+08:00
2018-08-31,FIX030,1.433086539,-0.5133515904,-1.990442803,61699.64455,0.02606732614,0.01659201944,2018-08-31T17:30:00+08:00,2018-08-31T18:00:00+08:00,2018-09-03T09:30:00+08:00
2018-08-31,FIX031,1.139124027,-1.154664726,-0.2245070009,17928.60418,-0.04767475084,0.01659201944,2018-08-31T17:30:00+08:00,2018-08-31T18:00:00+08:00,2018-09-03T09:30:00+08:00
2018-08-31,FIX032,2.928332881,-0.05521088019,0.06958204983,9977.857656,0.01834242888,0.01659201944,2018-08-31T17:30:00+08:00,2018-08-31T18:00:00+08:00,2018-09-03T09:30:00+08:00
2018-08-31,FIX033,2.307204215,0.259131431,-0.2960583477,16209.68169,0.01003717627,0.01659201944,2018-08-31T17:30:00+08:00,2018-08-31T18:00:00+08:00,2018-09-03T09:30:00+08:00
2018-08-31,FIX034,0.6941398876,-0.6748250373,0.636718244,9923.730389,-0.004029170582,0.01659201944,2018-08-31T17:30:00+08:00,2018-08-31T18:00:00+08:00,2018-09-03T09:30:00+08:00
2018-08-31,FIX035,2.23260533,-1.172385168,0.4108376592,38987.53713,0.03495020785,0.01659201944,2018-08-31T17:30:00+08:00,2018-08-31T18:00:00+08:00,2018-09-03T09:30:00+08:00
2018-08-31,FIX036,0.5215257602,-2.242202909,-0.3517343606,14069.85678,0.02242923573,0.01659201944,2018-08-31T17:30:00+08:00,2018-08-31T18:00:00+08:00,2018-09-03T09:30:00+08:00
2018-08-31,FIX037,0.6798824386,-0.2908719941,0.844961898,23025.58766,-0.039984661,0.01659201944,2018-08-31T17:30:00+08:00,2018-08-31T18:00:00+08:00,2018-09-03T09:30:00+08:00
2018-08-31,FIX038,2.847977457,-1.693052035,1.731105779,8668.99799,0.02899047851,0.01659201944,2018-08-31T17:30:00+08:00,2018-08-31T18:00:00+08:00,2018-09-03T09:30:00+08:00
2018-08-31,FIX039,2.007711332,-0.4565191782,2.155559933,15645.31388,0.01619786552,0.01659201944,2018-08-31T17:30:00+08:00,2018-08-31T18:00:00+08:00,2018-09-03T09:30:00+08:00
2018-09-30,FIX000,1.838897235,-0.5482613018,1.807875792,66134.72375,-0.01227187261,-0.01741882448,2018-09-30T17:30:00+08:00,2018-09-30T18:00:00+08:00,2018-10-01T09:30:00+08:00
2018-09-30,FIX001,3.100822804,0.0004914055036,0.577268792,43382.34788,0.03759453715,-0.01741882448,2018-09-30T17:30:00+08:00,2018-09-30T18:00:00+08:00,2018-10-01T09:30:00+08:00
2018-09-30,FIX002,1.548052806,-1.811856346,-0.4021779043,8976.056301,-0.02160120636,-0.01741882448,2018-09-30T17:30:00+08:00,2018-09-30T18:00:00+08:00,2018-10-01T09:30:00+08:00
2018-09-30,FIX003,2.183776564,-1.399902463,0.3054241531,22452.43721,-0.009540838153,-0.01741882448,2018-09-30T17:30:00+08:00,2018-09-30T18:00:00+08:00,2018-10-01T09:30:00+08:00
2018-09-30,FIX004,1.176222346,-1.748526773,0.8891871216,44208.4285,-0.004457612768,-0.01741882448,2018-09-30T17:30:00+08:00,2018-09-30T18:00:00+08:00,2018-10-01T09:30:00+08:00
2018-09-30,FIX005,3.453745697,-1.036815633,-0.6005161225,21705.50754,-0.0264641837,-0.01741882448,2018-09-30T17:30:00+08:00,2018-09-30T18:00:00+08:00,2018-10-01T09:30:00+08:00
2018-09-30,FIX006,-0.7160232402,-2.747486519,0.9620856349,13192.76168,0.02346559126,-0.01741882448,2018-09-30T17:30:00+08:00,2018-09-30T18:00:00+08:00,2018-10-01T09:30:00+08:00
2018-09-30,FIX007,1.26524569,-1.790632138,1.192297201,108102.1948,-0.04485389775,-0.01741882448,2018-09-30T17:30:00+08:00,2018-09-30T18:00:00+08:00,2018-10-01T09:30:00+08:00
2018-09-30,FIX008,0.270932529,-1.108811689,0.8436379379,8558.60094,0.008211741675,-0.01741882448,2018-09-30T17:30:00+08:00,2018-09-30T18:00:00+08:00,2018-10-01T09:30:00+08:00
2018-09-30,FIX009,0.1964507586,-0.1117649404,-0.2129672713,23458.72858,-0.007715353376,-0.01741882448,2018-09-30T17:30:00+08:00,2018-09-30T18:00:00+08:00,2018-10-01T09:30:00+08:00
2018-09-30,FIX010,3.078288298,-1.136773816,1.655719905,11540.33734,0.03790335594,-0.01741882448,2018-09-30T17:30:00+08:00,2018-09-30T18:00:00+08:00,2018-10-01T09:30:00+08:00
2018-09-30,FIX011,2.861273874,-0.6275910475,0.8672750181,10169.0729,0.04331472915,-0.01741882448,2018-09-30T17:30:00+08:00,2018-09-30T18:00:00+08:00,2018-10-01T09:30:00+08:00
2018-09-30,FIX012,2.644292909,-2.336102635,-1.081252738,12285.99852,0.03408780216,-0.01741882448,2018-09-30T17:30:00+08:00,2018-09-30T18:00:00+08:00,2018-10-01T09:30:00+08:00
2018-09-30,FIX013,3.123191309,-2.397020601,0.4294942582,35966.04273,0.01936154221,-0.01741882448,2018-09-30T17:30:00+08:00,2018-09-30T18:00:00+08:00,2018-10-01T09:30:00+08:00
2018-09-30,FIX014,1.962394186,-1.281513738,0.5930554722,20846.325,-0.0247602905,-0.01741882448,2018-09-30T17:30:00+08:00,2018-09-30T18:00:00+08:00,2018-10-01T09:30:00+08:00
2018-09-30,FIX015,2.830725338,-0.5756417391,1.992291071,34286.64146,0.02035038342,-0.01741882448,2018-09-30T17:30:00+08:00,2018-09-30T18:00:00+08:00,2018-10-01T09:30:00+08:00
2018-09-30,FIX016,1.903534178,-0.8663194743,1.471382271,41956.00577,0.01776163046,-0.01741882448,2018-09-30T17:30:00+08:00,2018-09-30T18:00:00+08:00,2018-10-01T09:30:00+08:00
2018-09-30,FIX017,2.02580596,-1.191875761,-0.3829755076,20272.29833,-0.02686979557,-0.01741882448,2018-09-30T17:30:00+08:00,2018-09-30T18:00:00+08:00,2018-10-01T09:30:00+08:00
2018-09-30,FIX018,2.474496675,-1.136231799,1.277241764,25021.31471,-0.02096517943,-0.01741882448,2018-09-30T17:30:00+08:00,2018-09-30T18:00:00+08:00,2018-10-01T09:30:00+08:00
2018-09-30,FIX019,2.029971708,-1.474652001,1.520164322,132402.6091,0.01348903339,-0.01741882448,2018-09-30T17:30:00+08:00,2018-09-30T18:00:00+08:00,2018-10-01T09:30:00+08:00
2018-09-30,FIX020,-1.064730956,-0.733622115,1.180675043,96735.58845,-0.03720264916,-0.01741882448,2018-09-30T17:30:00+08:00,2018-09-30T18:00:00+08:00,2018-10-01T09:30:00+08:00
2018-09-30,FIX021,1.683438052,-2.097905402,0.9752983327,9475.31423,-0.01000254739,-0.01741882448,2018-09-30T17:30:00+08:00,2018-09-30T18:00:00+08:00,2018-10-01T09:30:00+08:00
2018-09-30,FIX022,0.4955366525,-1.391858215,-0.0907796177,24437.10711,-0.01518464322,-0.01741882448,2018-09-30T17:30:00+08:00,2018-09-30T18:00:00+08:00,2018-10-01T09:30:00+08:00
2018-09-30,FIX023,0.3085353356,-2.703229582,0.142291588,19314.5444,-0.01599175902,-0.01741882448,2018-09-30T17:30:00+08:00,2018-09-30T18:00:00+08:00,2018-10-01T09:30:00+08:00
2018-09-30,FIX024,0.6264724448,-0.5544980245,3.144902469,11676.37688,-0.001135448138,-0.01741882448,2018-09-30T17:30:00+08:00,2018-09-30T18:00:00+08:00,2018-10-01T09:30:00+08:00
2018-09-30,FIX025,0.7449329026,-2.347942527,1.192586528,28413.28104,-0.01469438807,-0.01741882448,2018-09-30T17:30:00+08:00,2018-09-30T18:00:00+08:00,2018-10-01T09:30:00+08:00
2018-09-30,FIX026,1.721188436,-0.4018241287,2.064662954,96333.46988,0.09679359172,-0.01741882448,2018-09-30T17:30:00+08:00,2018-09-30T18:00:00+08:00,2018-10-01T09:30:00+08:00
2018-09-30,FIX027,1.94464052,-0.7260917226,-0.9968477636,25292.60021,-0.05305828808,-0.01741882448,2018-09-30T17:30:00+08:00,2018-09-30T18:00:00+08:00,2018-10-01T09:30:00+08:00
2018-09-30,FIX028,2.171949269,-1.544267819,-0.6982773047,76003.18883,-0.01930819752,-0.01741882448,2018-09-30T17:30:00+08:00,2018-09-30T18:00:00+08:00,2018-10-01T09:30:00+08:00
2018-09-30,FIX029,1.38360302,-0.2583512088,1.14925791,95739.59749,-0.03094760091,-0.01741882448,2018-09-30T17:30:00+08:00,2018-09-30T18:00:00+08:00,2018-10-01T09:30:00+08:00
2018-09-30,FIX030,0.2483153681,-0.5500676481,-0.7009476202,10245.87202,0.0197461471,-0.01741882448,2018-09-30T17:30:00+08:00,2018-09-30T18:00:00+08:00,2018-10-01T09:30:00+08:00
2018-09-30,FIX031,1.0587781,-0.8017614667,-0.322910323,3827.854667,0.06227207956,-0.01741882448,2018-09-30T17:30:00+08:00,2018-09-30T18:00:00+08:00,2018-10-01T09:30:00+08:00
2018-09-30,FIX032,2.780800126,0.2306225161,-0.2061791131,7491.89254,-0.02615744988,-0.01741882448,2018-09-30T17:30:00+08:00,2018-09-30T18:00:00+08:00,2018-10-01T09:30:00+08:00
2018-09-30,FIX033,1.920952996,0.6911803776,-1.047783754,13677.89663,-0.01761012207,-0.01741882448,2018-09-30T17:30:00+08:00,2018-09-30T18:00:00+08:00,2018-10-01T09:30:00+08:00
2018-09-30,FIX034,0.739307291,-1.823722082,0.6974475268,32135.89719,-0.02822118657,-0.01741882448,2018-09-30T17:30:00+08:00,2018-09-30T18:00:00+08:00,2018-10-01T09:30:00+08:00
2018-09-30,FIX035,2.543261407,-1.677266152,-0.4662876125,11628.32391,0.0555557292,-0.01741882448,2018-09-30T17:30:00+08:00,2018-09-30T18:00:00+08:00,2018-10-01T09:30:00+08:00
2018-09-30,FIX036,0.3197242593,-1.545961169,-0.1884328273,29388.18414,-0.07755380683,-0.01741882448,2018-09-30T17:30:00+08:00,2018-09-30T18:00:00+08:00,2018-10-01T09:30:00+08:00
2018-09-30,FIX037,0.589419992,-0.5657015744,1.527024352,55284.94909,0.005828899576,-0.01741882448,2018-09-30T17:30:00+08:00,2018-09-30T18:00:00+08:00,2018-10-01T09:30:00+08:00
2018-09-30,FIX038,2.368238706,-0.523514186,1.788930657,42507.24715,-0.0009518385191,-0.01741882448,2018-09-30T17:30:00+08:00,2018-09-30T18:00:00+08:00,2018-10-01T09:30:00+08:00
2018-09-30,FIX039,2.346608957,-0.6092554393,1.203952174,30739.45956,0.006059883838,-0.01741882448,2018-09-30T17:30:00+08:00,2018-09-30T18:00:00+08:00,2018-10-01T09:30:00+08:00
2018-10-31,FIX000,1.719988877,-0.06723770971,0.9881605101,14323.55863,-0.006749808398,-0.02209314456,2018-10-31T17:30:00+08:00,2018-10-31T18:00:00+08:00,2018-11-01T09:30:00+08:00
2018-10-31,FIX001,2.660757269,-0.09589424822,0.4813011136,60454.05095,-0.04036583328,-0.02209314456,2018-10-31T17:30:00+08:00,2018-10-31T18:00:00+08:00,2018-11-01T09:30:00+08:00
2018-10-31,FIX002,1.965756173,-2.402195159,1.035542806,22284.76063,0.006267193206,-0.02209314456,2018-10-31T17:30:00+08:00,2018-10-31T18:00:00+08:00,2018-11-01T09:30:00+08:00
2018-10-31,FIX003,2.540810555,-1.273369468,0.7919472602,12857.0196,-0.001290351413,-0.02209314456,2018-10-31T17:30:00+08:00,2018-10-31T18:00:00+08:00,2018-11-01T09:30:00+08:00
2018-10-31,FIX004,1.0558021,-1.736430458,-0.04542875551,21805.79906,-0.04614974388,-0.02209314456,2018-10-31T17:30:00+08:00,2018-10-31T18:00:00+08:00,2018-11-01T09:30:00+08:00
2018-10-31,FIX005,2.652225545,-1.018485162,-0.676346388,47344.84239,-0.002311917029,-0.02209314456,2018-10-31T17:30:00+08:00,2018-10-31T18:00:00+08:00,2018-11-01T09:30:00+08:00
2018-10-31,FIX006,-0.1223722589,-2.091592279,0.5760323501,40592.2639,-0.02746372788,-0.02209314456,2018-10-31T17:30:00+08:00,2018-10-31T18:00:00+08:00,2018-11-01T09:30:00+08:00
2018-10-31,FIX007,0.4737045581,-0.9998053991,2.050574958,50949.0816,-0.02905425649,-0.02209314456,2018-10-31T17:30:00+08:00,2018-10-31T18:00:00+08:00,2018-11-01T09:30:00+08:00
2018-10-31,FIX008,1.705356639,-0.3772014309,0.7553504783,37030.03666,-0.01629876851,-0.02209314456,2018-10-31T17:30:00+08:00,2018-10-31T18:00:00+08:00,2018-11-01T09:30:00+08:00
2018-10-31,FIX009,0.159121021,0.1560393821,-0.4019710864,9233.819213,-0.05385163654,-0.02209314456,2018-10-31T17:30:00+08:00,2018-10-31T18:00:00+08:00,2018-11-01T09:30:00+08:00
2018-10-31,FIX010,3.327065777,-1.137591121,1.491515671,29033.58179,-0.01118577302,-0.02209314456,2018-10-31T17:30:00+08:00,2018-10-31T18:00:00+08:00,2018-11-01T09:30:00+08:00
2018-10-31,FIX011,2.990088385,-1.594898337,0.5913656839,24629.23618,0.0372706203,-0.02209314456,2018-10-31T17:30:00+08:00,2018-10-31T18:00:00+08:00,2018-11-01T09:30:00+08:00
2018-10-31,FIX012,2.204923719,-1.564487386,-2.14509986,19683.76925,0.01406031031,-0.02209314456,2018-10-31T17:30:00+08:00,2018-10-31T18:00:00+08:00,2018-11-01T09:30:00+08:00
2018-10-31,FIX013,3.305676781,-1.676205896,0.1024081016,14865.47558,-0.05507349482,-0.02209314456,2018-10-31T17:30:00+08:00,2018-10-31T18:00:00+08:00,2018-11-01T09:30:00+08:00
2018-10-31,FIX014,2.144055683,-0.9680841817,0.3815646495,58274.69353,0.02333438873,-0.02209314456,2018-10-31T17:30:00+08:00,2018-10-31T18:00:00+08:00,2018-11-01T09:30:00+08:00
2018-10-31,FIX015,2.716410177,0.3046616592,1.963706062,10075.20231,0.005088976605,-0.02209314456,2018-10-31T17:30:00+08:00,2018-10-31T18:00:00+08:00,2018-11-01T09:30:00+08:00
2018-10-31,FIX016,1.828333462,-1.212073112,1.57025612,11982.08591,-0.007768593241,-0.02209314456,2018-10-31T17:30:00+08:00,2018-10-31T18:00:00+08:00,2018-11-01T09:30:00+08:00
2018-10-31,FIX017,2.386520672,-0.5334231361,-0.5928760192,47890.51004,-0.03391974723,-0.02209314456,2018-10-31T17:30:00+08:00,2018-10-31T18:00:00+08:00,2018-11-01T09:30:00+08:00
2018-10-31,FIX018,1.320682066,-0.3612046813,1.924785206,29450.38908,-0.006492602098,-0.02209314456,2018-10-31T17:30:00+08:00,2018-10-31T18:00:00+08:00,2018-11-01T09:30:00+08:00
2018-10-31,FIX019,0.8787825011,-0.2794356067,1.738540952,8629.722055,-0.0268857351,-0.02209314456,2018-10-31T17:30:00+08:00,2018-10-31T18:00:00+08:00,2018-11-01T09:30:00+08:00
2018-10-31,FIX020,-1.435391528,-1.05001454,1.005640499,32818.75761,-0.04179836494,-0.02209314456,2018-10-31T17:30:00+08:00,2018-10-31T18:00:00+08:00,2018-11-01T09:30:00+08:00
2018-10-31,FIX021,1.989574003,-1.965622762,0.1188752774,17434.81599,-0.03535709484,-0.02209314456,2018-10-31T17:30:00+08:00,2018-10-31T18:00:00+08:00,2018-11-01T09:30:00+08:00
2018-10-31,FIX022,1.311630927,-1.454792259,0.2632641421,53258.07607,0.01359705608,-0.02209314456,2018-10-31T17:30:00+08:00,2018-10-31T18:00:00+08:00,2018-11-01T09:30:00+08:00
2018-10-31,FIX023,1.190015204,-2.239026296,0.004087684648,69803.83425,0.05261997107,-0.02209314456,2018-10-31T17:30:00+08:00,2018-10-31T18:00:00+08:00,2018-11-01T09:30:00+08:00
2018-10-31,FIX024,1.257735562,0.3503404992,2.781058217,53250.78094,0.01121752452,-0.02209314456,2018-10-31T17:30:00+08:00,2018-10-31T18:00:00+08:00,2018-11-01T09:30:00+08:00
2018-10-31,FIX025,2.898831283,-2.004621581,2.088668489,13623.60413,0.01070431172,-0.02209314456,2018-10-31T17:30:00+08:00,2018-10-31T18:00:00+08:00,2018-11-01T09:30:00+08:00
2018-10-31,FIX026,1.704111859,-0.2327998596,2.393383637,6967.838435,0.008391559106,-0.02209314456,2018-10-31T17:30:00+08:00,2018-10-31T18:00:00+08:00,2018-11-01T09:30:00+08:00
2018-10-31,FIX027,1.918736572,-0.0258490552,-0.3890815111,22219.59407,-0.03527133019,-0.02209314456,2018-10-31T17:30:00+08:00,2018-10-31T18:00:00+08:00,2018-11-01T09:30:00+08:00
2018-10-31,FIX028,2.100884343,-1.757832931,-0.9662117613,55777.60659,0.03272034316,-0.02209314456,2018-10-31T17:30:00+08:00,2018-10-31T18:00:00+08:00,2018-11-01T09:30:00+08:00
2018-10-31,FIX029,0.8340786008,-0.4325335848,0.9361167195,14082.10989,0.0202531465,-0.02209314456,2018-10-31T17:30:00+08:00,2018-10-31T18:00:00+08:00,2018-11-01T09:30:00+08:00
2018-10-31,FIX030,0.8039962256,-0.2156863207,-1.500077666,12837.50648,0.0006178597311,-0.02209314456,2018-10-31T17:30:00+08:00,2018-10-31T18:00:00+08:00,2018-11-01T09:30:00+08:00
2018-10-31,FIX031,1.164248321,-0.9067695162,1.057353301,53573.62669,0.02786312539,-0.02209314456,2018-10-31T17:30:00+08:00,2018-10-31T18:00:00+08:00,2018-11-01T09:30:00+08:00
2018-10-31,FIX032,1.917112099,-0.3228714985,-0.2888922667,98599.61141,-0.02322616141,-0.02209314456,2018-10-31T17:30:00+08:00,2018-10-31T18:00:00+08:00,2018-11-01T09:30:00+08:00
2018-10-31,FIX033,1.73881492,0.3399479093,-0.8059291513,16410.17572,-0.04506547474,-0.02209314456,2018-10-31T17:30:00+08:00,2018-10-31T18:00:00+08:00,2018-11-01T09:30:00+08:00
2018-10-31,FIX034,0.5802786537,-1.541084732,0.1806323704,7054.293057,-0.01053871202,-0.02209314456,2018-10-31T17:30:00+08:00,2018-10-31T18:00:00+08:00,2018-11-01T09:30:00+08:00
2018-10-31,FIX035,1.914392519,-1.721707571,-1.394621083,11924.85693,0.01509506644,-0.02209314456,2018-10-31T17:30:00+08:00,2018-10-31T18:00:00+08:00,2018-11-01T09:30:00+08:00
2018-10-31,FIX036,0.7855696706,-0.7983888484,-0.1869936734,11202.88234,0.00339053463,-0.02209314456,2018-10-31T17:30:00+08:00,2018-10-31T18:00:00+08:00,2018-11-01T09:30:00+08:00
2018-10-31,FIX037,0.7840098724,-0.4642850055,0.2403174041,7419.363735,-0.02230902728,-0.02209314456,2018-10-31T17:30:00+08:00,2018-10-31T18:00:00+08:00,2018-11-01T09:30:00+08:00
2018-10-31,FIX038,1.958738677,-0.617089232,1.20336195,12397.48749,-0.005729855728,-0.02209314456,2018-10-31T17:30:00+08:00,2018-10-31T18:00:00+08:00,2018-11-01T09:30:00+08:00
2018-10-31,FIX039,2.19966215,-0.2537624584,1.687661724,24623.68782,0.06077972611,-0.02209314456,2018-10-31T17:30:00+08:00,2018-10-31T18:00:00+08:00,2018-11-01T09:30:00+08:00
2018-11-30,FIX000,1.409825909,-0.1217684742,1.302244036,28648.15544,-0.006784028007,0.02614505828,2018-11-30T17:30:00+08:00,2018-11-30T18:00:00+08:00,2018-12-03T09:30:00+08:00
2018-11-30,FIX001,2.411564514,1.130992075,0.3464097428,37845.1235,0.03997052177,0.02614505828,2018-11-30T17:30:00+08:00,2018-11-30T18:00:00+08:00,2018-12-03T09:30:00+08:00
2018-11-30,FIX002,1.497571315,-2.519141503,1.051948464,12318.28064,0.004388257775,0.02614505828,2018-11-30T17:30:00+08:00,2018-11-30T18:00:00+08:00,2018-12-03T09:30:00+08:00
2018-11-30,FIX003,2.286255904,-1.820386671,0.1314066065,8102.180494,-0.01834921115,0.02614505828,2018-11-30T17:30:00+08:00,2018-11-30T18:00:00+08:00,2018-12-03T09:30:00+08:00
2018-11-30,FIX004,1.662171747,-1.005699985,-0.1124681248,6064.786284,0.02134727362,0.02614505828,2018-11-30T17:30:00+08:00,2018-11-30T18:00:00+08:00,2018-12-03T09:30:00+08:00
2018-11-30,FIX005,1.891960263,-1.504824912,-1.48952532,2617.924754,0.03390703435,0.02614505828,2018-11-30T17:30:00+08:00,2018-11-30T18:00:00+08:00,2018-12-03T09:30:00+08:00
2018-11-30,FIX006,1.074902706,-1.39877764,0.04066615981,49017.78144,-0.003627568748,0.02614505828,2018-11-30T17:30:00+08:00,2018-11-30T18:00:00+08:00,2018-12-03T09:30:00+08:00
2018-11-30,FIX007,0.03312553492,-1.25368506,1.567947079,43924.86748,-0.02525921122,0.02614505828,2018-11-30T17:30:00+08:00,2018-11-30T18:00:00+08:00,2018-12-03T09:30:00+08:00
2018-11-30,FIX008,1.654876383,0.03089838734,0.4468704753,15183.11485,-0.02407237833,0.02614505828,2018-11-30T17:30:00+08:00,2018-11-30T18:00:00+08:00,2018-12-03T09:30:00+08:00
2018-11-30,FIX009,0.5787479677,-0.1859199264,-0.3733496289,13244.013,0.0487627627,0.02614505828,2018-11-30T17:30:00+08:00,2018-11-30T18:00:00+08:00,2018-12-03T09:30:00+08:00
2018-11-30,FIX010,2.88708355,-1.2034691,1.279178008,6794.672149,0.01347750957,0.02614505828,2018-11-30T17:30:00+08:00,2018-11-30T18:00:00+08:00,2018-12-03T09:30:00+08:00
2018-11-30,FIX011,3.094153981,-1.780338343,0.8364492865,9231.868466,-0.005725118819,0.02614505828,2018-11-30T17:30:00+08:00,2018-11-30T18:00:00+08:00,2018-12-03T09:30:00+08:00
2018-11-30,FIX012,2.048316651,-1.096948182,-2.281188754,2914.35064,0.03643378615,0.02614505828,2018-11-30T17:30:00+08:00,2018-11-30T18:00:00+08:00,2018-12-03T09:30:00+08:00
2018-11-30,FIX013,3.118800452,-2.043539932,0.8140644525,4655.658359,-0.04409568205,0.02614505828,2018-11-30T17:30:00+08:00,2018-11-30T18:00:00+08:00,2018-12-03T09:30:00+08:00
2018-11-30,FIX014,1.842625567,-0.9323447913,-0.1213858147,49979.02805,0.02850732014,0.02614505828,2018-11-30T17:30:00+08:00,2018-11-30T18:00:00+08:00,2018-12-03T09:30:00+08:00
2018-11-30,FIX015,2.220139611,0.2334626402,2.027934135,49459.21618,0.03418644225,0.02614505828,2018-11-30T17:30:00+08:00,2018-11-30T18:00:00+08:00,2018-12-03T09:30:00+08:00
2018-11-30,FIX016,2.467535927,-0.7813654425,1.811690058,7384.427604,-0.01548420552,0.02614505828,2018-11-30T17:30:00+08:00,2018-11-30T18:00:00+08:00,2018-12-03T09:30:00+08:00
2018-11-30,FIX017,3.019874383,-0.1685629418,0.4234571838,21112.22292,0.002875095373,0.02614505828,2018-11-30T17:30:00+08:00,2018-11-30T18:00:00+08:00,2018-12-03T09:30:00+08:00
2018-11-30,FIX018,1.530850345,-0.8655832144,2.207668068,64779.76528,0.006950567844,0.02614505828,2018-11-30T17:30:00+08:00,2018-11-30T18:00:00+08:00,2018-12-03T09:30:00+08:00
2018-11-30,FIX019,1.924694672,-0.05767016131,1.441976799,44836.7193,0.0289496276,0.02614505828,2018-11-30T17:30:00+08:00,2018-11-30T18:00:00+08:00,2018-12-03T09:30:00+08:00
2018-11-30,FIX020,-1.115726595,-0.6595461634,0.6097941009,6757.433789,-0.04607870643,0.02614505828,2018-11-30T17:30:00+08:00,2018-11-30T18:00:00+08:00,2018-12-03T09:30:00+08:00
2018-11-30,FIX021,3.000275112,-0.9896092524,1.133684136,16856.66877,0.01620120815,0.02614505828,2018-11-30T17:30:00+08:00,2018-11-30T18:00:00+08:00,2018-12-03T09:30:00+08:00
2018-11-30,FIX022,1.861572153,-0.9660823905,0.8505411442,13415.65287,-0.0354469272,0.02614505828,2018-11-30T17:30:00+08:00,2018-11-30T18:00:00+08:00,2018-12-03T09:30:00+08:00
2018-11-30,FIX023,1.65243735,-2.349558667,0.6831280919,74946.67334,0.01524091589,0.02614505828,2018-11-30T17:30:00+08:00,2018-11-30T18:00:00+08:00,2018-12-03T09:30:00+08:00
2018-11-30,FIX024,2.257099566,-0.2158901796,1.726487666,56735.88121,0.02358857532,0.02614505828,2018-11-30T17:30:00+08:00,2018-11-30T18:00:00+08:00,2018-12-03T09:30:00+08:00
2018-11-30,FIX025,3.079318724,-1.595042438,1.261288371,52976.52133,0.007248377102,0.02614505828,2018-11-30T17:30:00+08:00,2018-11-30T18:00:00+08:00,2018-12-03T09:30:00+08:00
2018-11-30,FIX026,2.740049713,-1.276580919,1.66131196,7397.437283,-0.06647198989,0.02614505828,2018-11-30T17:30:00+08:00,2018-11-30T18:00:00+08:00,2018-12-03T09:30:00+08:00
2018-11-30,FIX027,1.629082594,-0.5609106628,-0.5629880081,131251.1912,-0.01561742376,0.02614505828,2018-11-30T17:30:00+08:00,2018-11-30T18:00:00+08:00,2018-12-03T09:30:00+08:00
2018-11-30,FIX028,2.054360218,-1.476840749,-0.9760854537,18045.06751,0.03082389426,0.02614505828,2018-11-30T17:30:00+08:00,2018-11-30T18:00:00+08:00,2018-12-03T09:30:00+08:00
2018-11-30,FIX029,1.902303666,-0.4852038519,1.788179904,42635.25489,0.01890074758,0.02614505828,2018-11-30T17:30:00+08:00,2018-11-30T18:00:00+08:00,2018-12-03T09:30:00+08:00
2018-11-30,FIX030,1.317659212,-0.7638011923,-1.039371215,31986.75979,-0.05777806016,0.02614505828,2018-11-30T17:30:00+08:00,2018-11-30T18:00:00+08:00,2018-12-03T09:30:00+08:00
2018-11-30,FIX031,1.036144505,-1.767589808,0.3269580848,19773.86498,0.001464921318,0.02614505828,2018-11-30T17:30:00+08:00,2018-11-30T18:00:00+08:00,2018-12-03T09:30:00+08:00
2018-11-30,FIX032,2.455504472,-0.5035249708,0.3590630438,13317.14549,0.008127554119,0.02614505828,2018-11-30T17:30:00+08:00,2018-11-30T18:00:00+08:00,2018-12-03T09:30:00+08:00
2018-11-30,FIX033,1.94366552,-0.8612590698,-0.6106102523,26192.61701,-0.02779046708,0.02614505828,2018-11-30T17:30:00+08:00,2018-11-30T18:00:00+08:00,2018-12-03T09:30:00+08:00
2018-11-30,FIX034,1.189384608,-1.979150389,0.9382208183,7392.700032,-0.01435007299,0.02614505828,2018-11-30T17:30:00+08:00,2018-11-30T18:00:00+08:00,2018-12-03T09:30:00+08:00
2018-11-30,FIX035,1.525400589,-1.071633576,-0.9058634776,11677.68293,-0.01086060663,0.02614505828,2018-11-30T17:30:00+08:00,2018-11-30T18:00:00+08:00,2018-12-03T09:30:00+08:00
2018-11-30,FIX036,1.286841955,-0.1950228937,0.1131520109,36093.01552,0.02833503954,0.02614505828,2018-11-30T17:30:00+08:00,2018-11-30T18:00:00+08:00,2018-12-03T09:30:00+08:00
2018-11-30,FIX037,1.201929949,-0.8014090927,0.03529797102,53091.85086,-0.01341910763,0.02614505828,2018-11-30T17:30:00+08:00,2018-11-30T18:00:00+08:00,2018-12-03T09:30:00+08:00
2018-11-30,FIX038,1.093113682,0.1244820971,0.735315714,5077.750896,0.004646350156,0.02614505828,2018-11-30T17:30:00+08:00,2018-11-30T18:00:00+08:00,2018-12-03T09:30:00+08:00
2018-11-30,FIX039,2.035035389,-0.2766758167,2.504818879,17120.12139,0.01476377838,0.02614505828,2018-11-30T17:30:00+08:00,2018-11-30T18:00:00+08:00,2018-12-03T09:30:00+08:00
2018-12-31,FIX000,1.06279735,-0.4450918866,1.507100102,36351.38283,0.04499909785,0.02451766417,2018-12-31T17:30:00+08:00,2018-12-31T18:00:00+08:00,2019-01-01T09:30:00+08:00
2018-12-31,FIX001,1.015719675,1.086109416,0.3064781332,25765.97348,-0.05055978945,0.02451766417,2018-12-31T17:30:00+08:00,2018-12-31T18:00:00+08:00,2019-01-01T09:30:00+08:00
2018-12-31,FIX002,1.365942668,-3.143703411,1.21136027,53257.48522,-0.04072975091,0.02451766417,2018-12-31T17:30:00+08:00,2018-12-31T18:00:00+08:00,2019-01-01T09:30:00+08:00
2018-12-31,FIX003,2.113074656,-2.729945665,-0.7903476674,35425.61885,-0.009210372968,0.02451766417,2018-12-31T17:30:00+08:00,2018-12-31T18:00:00+08:00,2019-01-01T09:30:00+08:00
2018-12-31,FIX004,1.70653851,-1.296256792,0.9119099485,6992.923775,-0.06645911338,0.02451766417,2018-12-31T17:30:00+08:00,2018-12-31T18:00:00+08:00,2019-01-01T09:30:00+08:00
2018-12-31,FIX005,2.156577051,-1.769397578,-1.078471818,76035.04699,-0.05227149808,0.02451766417,2018-12-31T17:30:00+08:00,2018-12-31T18:00:00+08:00,2019-01-01T09:30:00+08:00
2018-12-31,FIX006,0.4725466604,-1.706148156,0.6800072116,13592.35187,0.03825082086,0.02451766417,2018-12-31T17:30:00+08:00,2018-12-31T18:00:00+08:00,2019-01-01T09:30:00+08:00
2018-12-31,FIX007,-0.8974096538,-1.407557386,1.711162696,10547.62038,0.0002450220343,0.02451766417,2018-12-31T17:30:00+08:00,2018-12-31T18:00:00+08:00,2019-01-01T09:30:00+08:00
2018-12-31,FIX008,1.669715073,0.6920288152,0.2253387157,16612.59002,0.009606026094,0.02451766417,2018-12-31T17:30:00+08:00,2018-12-31T18:00:00+08:00,2019-01-01T09:30:00+08:00
2018-12-31,FIX009,0.8100050038,-0.6208089163,0.3361376874,46088.97693,-0.01972318734,0.02451766417,2018-12-31T17:30:00+08:00,2018-12-31T18:00:00+08:00,2019-01-01T09:30:00+08:00
2018-12-31,FIX010,2.534567309,-2.088948349,0.1625687385,16741.46828,0.04596664417,0.02451766417,2018-12-31T17:30:00+08:00,2018-12-31T18:00:00+08:00,2019-01-01T09:30:00+08:00
2018-12-31,FIX011,3.523978119,-2.527366068,0.9555419756,274470.0717,0.01953581558,0.02451766417,2018-12-31T17:30:00+08:00,2018-12-31T18:00:00+08:00,2019-01-01T09:30:00+08:00
2018-12-31,FIX012,3.273336813,-1.778773451,-1.789251926,33089.06661,-0.03103182612,0.02451766417,2018-12-31T17:30:00+08:00,2018-12-31T18:00:00+08:00,2019-01-01T09:30:00+08:00
2018-12-31,FIX013,2.809126361,-1.652715022,1.449269654,17755.31336,-0.04630300223,0.02451766417,2018-12-31T17:30:00+08:00,2018-12-31T18:00:00+08:00,2019-01-01T09:30:00+08:00
2018-12-31,FIX014,0.9005992985,-0.4077876956,0.4536620264,26708.21376,0.01424639366,0.02451766417,2018-12-31T17:30:00+08:00,2018-12-31T18:00:00+08:00,2019-01-01T09:30:00+08:00
2018-12-31,FIX015,1.76964299,0.4802310932,2.050412381,49002.71653,0.01808460043,0.02451766417,2018-12-31T17:30:00+08:00,2018-12-31T18:00:00+08:00,2019-01-01T09:30:00+08:00
2018-12-31,FIX016,2.313900702,-1.620612538,0.7583319663,20040.53478,0.02997942342,0.02451766417,2018-12-31T17:30:00+08:00,2018-12-31T18:00:00+08:00,2019-01-01T09:30:00+08:00
2018-12-31,FIX017,2.307667806,-0.2973898631,-0.9725589965,22136.48179,-0.05522805186,0.02451766417,2018-12-31T17:30:00+08:00,2018-12-31T18:00:00+08:00,2019-01-01T09:30:00+08:00
2018-12-31,FIX018,0.1369884159,-0.5017440488,1.559237407,9784.113723,0.0225537056,0.02451766417,2018-12-31T17:30:00+08:00,2018-12-31T18:00:00+08:00,2019-01-01T09:30:00+08:00
2018-12-31,FIX019,1.504373449,0.07672273344,0.6969420489,91001.28825,-0.04203271094,0.02451766417,2018-12-31T17:30:00+08:00,2018-12-31T18:00:00+08:00,2019-01-01T09:30:00+08:00
2018-12-31,FIX020,-0.7955501718,-1.283795177,1.208685964,8632.793917,-0.04661877842,0.02451766417,2018-12-31T17:30:00+08:00,2018-12-31T18:00:00+08:00,2019-01-01T09:30:00+08:00
2018-12-31,FIX021,2.488728343,-0.6716467687,0.1585836428,9172.053922,0.01249877499,0.02451766417,2018-12-31T17:30:00+08:00,2018-12-31T18:00:00+08:00,2019-01-01T09:30:00+08:00
2018-12-31,FIX022,2.25136084,-1.688581366,1.443648574,34841.90716,0.009186456188,0.02451766417,2018-12-31T17:30:00+08:00,2018-12-31T18:00:00+08:00,2019-01-01T09:30:00+08:00
2018-12-31,FIX023,1.543582988,-2.390800962,-0.4651692433,8855.26165,-0.06350642673,0.02451766417,2018-12-31T17:30:00+08:00,2018-12-31T18:00:00+08:00,2019-01-01T09:30:00+08:00
2018-12-31,FIX024,1.861356016,0.07425243627,1.312070533,8865.696483,0.0220774332,0.02451766417,2018-12-31T17:30:00+08:00,2018-12-31T18:00:00+08:00,2019-01-01T09:30:00+08:00
2018-12-31,FIX025,2.7594139,-1.841524097,2.183046038,7924.409729,0.02228884726,0.02451766417,2018-12-31T17:30:00+08:00,2018-12-31T18:00:00+08:00,2019-01-01T09:30:00+08:00
2018-12-31,FIX026,2.458324388,-0.8914201762,1.108484045,16986.90631,0.0179817635,0.02451766417,2018-12-31T17:30:00+08:00,2018-12-31T18:00:00+08:00,2019-01-01T09:30:00+08:00
2018-12-31,FIX027,1.219756082,-0.8513255668,-0.4889203805,34351.47939,0.02444269005,0.02451766417,2018-12-31T17:30:00+08:00,2018-12-31T18:00:00+08:00,2019-01-01T09:30:00+08:00
2018-12-31,FIX028,1.910986867,-0.0759857929,0.4668812446,37176.18525,-0.06478709368,0.02451766417,2018-12-31T17:30:00+08:00,2018-12-31T18:00:00+08:00,2019-01-01T09:30:00+08:00
2018-12-31,FIX029,1.536130761,-0.9534908055,1.794961952,40097.43717,-0.02853522869,0.02451766417,2018-12-31T17:30:00+08:00,2018-12-31T18:00:00+08:00,2019-01-01T09:30:00+08:00
2018-12-31,FIX030,0.2483139702,-0.3584275309,-0.8983455064,19311.97973,-0.0003760082636,0.02451766417,2018-12-31T17:30:00+08:00,2018-12-31T18:00:00+08:00,2019-01-01T09:30:00+08:00
2018-12-31,FIX031,1.368923431,-0.6095831902,0.3126763852,98044.23575,0.05913378491,0.02451766417,2018-12-31T17:30:00+08:00,2018-12-31T18:00:00+08:00,2019-01-01T09:30:00+08:00
2018-12-31,FIX032,2.575301315,-0.04089899072,0.5476873891,79192.03549,-0.04817692607,0.02451766417,2018-12-31T17:30:00+08:00,2018-12-31T18:00:00+08:00,2019-01-01T09:30:00+08:00
2018-12-31,FIX033,2.298293076,-1.1544261,-0.3649475115,23899.20294,-0.01226775293,0.02451766417,2018-12-31T17:30:00+08:00,2018-12-31T18:00:00+08:00,2019-01-01T09:30:00+08:00
2018-12-31,FIX034,1.575098794,-1.898200682,0.8134157921,39554.35752,-0.006619721396,0.02451766417,2018-12-31T17:30:00+08:00,2018-12-31T18:00:00+08:00,2019-01-01T09:30:00+08:00
2018-12-31,FIX035,1.393462208,-0.8947161164,-0.5788376068,45470.73344,0.02928961765,0.02451766417,2018-12-31T17:30:00+08:00,2018-12-31T18:00:00+08:00,2019-01-01T09:30:00+08:00
2018-12-31,FIX036,0.8127921953,-0.9608092644,-0.1467110691,28624.11082,0.01092867483,0.02451766417,2018-12-31T17:30:00+08:00,2018-12-31T18:00:00+08:00,2019-01-01T09:30:00+08:00
2018-12-31,FIX037,1.012363852,-0.565236607,-0.3563825254,125647.5436,-0.00615903468,0.02451766417,2018-12-31T17:30:00+08:00,2018-12-31T18:00:00+08:00,2019-01-01T09:30:00+08:00
2018-12-31,FIX038,1.069879524,-0.1756423911,0.1529814166,23014.00329,-0.03966992697,0.02451766417,2018-12-31T17:30:00+08:00,2018-12-31T18:00:00+08:00,2019-01-01T09:30:00+08:00
2018-12-31,FIX039,1.336810035,-0.6938141563,2.81996344,38844.88769,-0.01000321223,0.02451766417,2018-12-31T17:30:00+08:00,2018-12-31T18:00:00+08:00,2019-01-01T09:30:00+08:00
2019-01-31,FIX000,1.685516005,-0.7570847361,0.3675799557,39999.17965,0.05109179098,-0.01269296441,2019-01-31T17:30:00+08:00,2019-01-31T18:00:00+08:00,2019-02-01T09:30:00+08:00
2019-01-31,FIX001,0.999798884,0.6606297232,-0.2756462435,19674.59794,0.009319503327,-0.01269296441,2019-01-31T17:30:00+08:00,2019-01-31T18:00:00+08:00,2019-02-01T09:30:00+08:00
2019-01-31,FIX002,0.2644510137,-2.994333151,1.415736981,13627.48696,-0.03950197619,-0.01269296441,2019-01-31T17:30:00+08:00,2019-01-31T18:00:00+08:00,2019-02-01T09:30:00+08:00
2019-01-31,FIX003,2.264043011,-2.964310889,-0.2325146224,39291.28057,-0.00214390339,-0.01269296441,2019-01-31T17:30:00+08:00,2019-01-31T18:00:00+08:00,2019-02-01T09:30:00+08:00
2019-01-31,FIX004,2.18970476,-2.434475002,0.5129785687,23647.93702,-0.008941399545,-0.01269296441,2019-01-31T17:30:00+08:00,2019-01-31T18:00:00+08:00,2019-02-01T09:30:00+08:00
2019-01-31,FIX005,0.5747598476,-1.724765757,-0.6335098786,22856.01595,-0.02343605918,-0.01269296441,2019-01-31T17:30:00+08:00,2019-01-31T18:00:00+08:00,2019-02-01T09:30:00+08:00
2019-01-31,FIX006,1.988923732,-2.051520594,1.022515369,139248.3503,0.009066846454,-0.01269296441,2019-01-31T17:30:00+08:00,2019-01-31T18:00:00+08:00,2019-02-01T09:30:00+08:00
2019-01-31,FIX007,0.3526525639,-1.94024643,1.982765427,87729.03542,0.03602896343,-0.01269296441,2019-01-31T17:30:00+08:00,2019-01-31T18:00:00+08:00,2019-02-01T09:30:00+08:00
2019-01-31,FIX008,1.679021275,0.6909201792,0.6140041549,11806.18839,0.005414964595,-0.01269296441,2019-01-31T17:30:00+08:00,2019-01-31T18:00:00+08:00,2019-02-01T09:30:00+08:00
2019-01-31,FIX009,-0.05232495952,-0.4829535725,1.284777182,29521.73744,-0.0007410751303,-0.01269296441,2019-01-31T17:30:00+08:00,2019-01-31T18:00:00+08:00,2019-02-01T09:30:00+08:00
2019-01-31,FIX010,2.918772255,-2.13205629,0.4371627516,6201.112975,-0.00535771132,-0.01269296441,2019-01-31T17:30:00+08:00,2019-01-31T18:00:00+08:00,2019-02-01T09:30:00+08:00
2019-01-31,FIX011,3.711912679,-2.586365386,-0.006167691196,45347.3067,0.03689773045,-0.01269296441,2019-01-31T17:30:00+08:00,2019-01-31T18:00:00+08:00,2019-02-01T09:30:00+08:00
2019-01-31,FIX012,2.64734305,-0.9848168846,-0.7007937393,2421.187574,-0.01274068868,-0.01269296441,2019-01-31T17:30:00+08:00,2019-01-31T18:00:00+08:00,2019-02-01T09:30:00+08:00
2019-01-31,FIX013,3.366846717,-2.197811808,0.8668216855,23726.07325,-0.02749012998,-0.01269296441,2019-01-31T17:30:00+08:00,2019-01-31T18:00:00+08:00,2019-02-01T09:30:00+08:00
2019-01-31,FIX014,0.6095247288,-0.1596952236,0.1133109647,9914.961663,0.003786344191,-0.01269296441,2019-01-31T17:30:00+08:00,2019-01-31T18:00:00+08:00,2019-02-01T09:30:00+08:00
2019-01-31,FIX015,0.6729237065,0.5716636181,1.928320419,84191.204,0.04680969498,-0.01269296441,2019-01-31T17:30:00+08:00,2019-01-31T18:00:00+08:00,2019-02-01T09:30:00+08:00
2019-01-31,FIX016,1.425827151,-1.753592619,1.267238534,43844.13587,0.02235934615,-0.01269296441,2019-01-31T17:30:00+08:00,2019-01-31T18:00:00+08:00,2019-02-01T09:30:00+08:00
2019-01-31,FIX017,3.176455534,-0.8114242819,-0.3517605247,324009.6018,-0.01483165955,-0.01269296441,2019-01-31T17:30:00+08:00,2019-01-31T18:00:00+08:00,2019-02-01T09:30:00+08:00
2019-01-31,FIX018,1.434999389,-0.03612443715,1.547953462,23987.1696,-0.04452289255,-0.01269296441,2019-01-31T17:30:00+08:00,2019-01-31T18:00:00+08:00,2019-02-01T09:30:00+08:00
2019-01-31,FIX019,1.077271558,-0.4314654245,0.4665141478,71478.92391,-0.001007168412,-0.01269296441,2019-01-31T17:30:00+08:00,2019-01-31T18:00:00+08:00,2019-02-01T09:30:00+08:00
2019-01-31,FIX020,0.4173562429,-0.5109553853,1.137742235,20823.89277,0.007688250364,-0.01269296441,2019-01-31T17:30:00+08:00,2019-01-31T18:00:00+08:00,2019-02-01T09:30:00+08:00
2019-01-31,FIX021,3.474661227,-1.297202997,0.9559979347,25730.80519,0.009916846335,-0.01269296441,2019-01-31T17:30:00+08:00,2019-01-31T18:00:00+08:00,2019-02-01T09:30:00+08:00
2019-01-31,FIX022,2.185695605,-1.285115155,1.576651168,74203.34654,-0.001376830652,-0.01269296441,2019-01-31T17:30:00+08:00,2019-01-31T18:00:00+08:00,2019-02-01T09:30:00+08:00
2019-01-31,FIX023,1.841507403,-1.750769506,0.03869437319,8388.936172,0.03984756044,-0.01269296441,2019-01-31T17:30:00+08:00,2019-01-31T18:00:00+08:00,2019-02-01T09:30:00+08:00
2019-01-31,FIX024,1.405900181,-0.7752418486,1.637798241,53957.00913,-0.03900395105,-0.01269296441,2019-01-31T17:30:00+08:00,2019-01-31T18:00:00+08:00,2019-02-01T09:30:00+08:00
2019-01-31,FIX025,3.231353076,-1.474097322,1.817037935,21467.75511,0.01321168496,-0.01269296441,2019-01-31T17:30:00+08:00,2019-01-31T18:00:00+08:00,2019-02-01T09:30:00+08:00
2019-01-31,FIX026,1.956789996,-1.755784806,1.450862855,34033.10122,-0.05855242196,-0.01269296441,2019-01-31T17:30:00+08:00,2019-01-31T18:00:00+08:00,2019-02-01T09:30:00+08:00
2019-01-31,FIX027,0.8313140498,-0.6811091912,-0.0551880412,3528.228195,-0.003913504862,-0.01269296441,2019-01-31T17:30:00+08:00,2019-01-31T18:00:00+08:00,2019-02-01T09:30:00+08:00
2019-01-31,FIX028,2.120355285,-0.03199000402,0.2914377329,53339.46402,0.04338251784,-0.01269296441,2019-01-31T17:30:00+08:00,2019-01-31T18:00:00+08:00,2019-02-01T09:30:00+08:00
2019-01-31,FIX029,1.633971886,-1.032798,1.877338347,68272.88094,-0.02820088572,-0.01269296441,2019-01-31T17:30:00+08:00,2019-01-31T18:00:00+08:00,2019-02-01T09:30:00+08:00
2019-01-31,FIX030,0.5796554326,-1.984242455,-0.1398621026,8727.700803,0.009847604458,-0.01269296441,2019-01-31T17:30:00+08:00,2019-01-31T18:00:00+08:00,2019-02-01T09:30:00+08:00
2019-01-31,FIX031,0.8033149144,0.1634366848,1.220442943,21266.49357,0.01259549609,-0.01269296441,2019-01-31T17:30:00+08:00,2019-01-31T18:00:00+08:00,2019-02-01T09:30:00+08:00
2019-01-31,FIX032,3.367602027,-0.399596278,1.427569206,106992.6461,0.07779716249,-0.01269296441,2019-01-31T17:30:00+08:00,2019-01-31T18:00:00+08:00,2019-02-01T09:30:00+08:00
2019-01-31,FIX033,1.764523802,-0.6642743385,0.4995177943,20437.52606,0.03162918984,-0.01269296441,2019-01-31T17:30:00+08:00,2019-01-31T18:00:00+08:00,2019-02-01T09:30:00+08:00
2019-01-31,FIX034,1.875510562,-2.295473923,-0.7677481849,61574.26464,-0.0389739455,-0.01269296441,2019-01-31T17:30:00+08:00,2019-01-31T18:00:00+08:00,2019-02-01T09:30:00+08:00
2019-01-31,FIX035,2.185669385,-0.5388736969,-0.9692443223,151964.4433,0.003866254667,-0.01269296441,2019-01-31T17:30:00+08:00,2019-01-31T18:00:00+08:00,2019-02-01T09:30:00+08:00
2019-01-31,FIX036,1.027711369,-1.037383797,-0.1190201816,14394.30178,-0.01733548097,-0.01269296441,2019-01-31T17:30:00+08:00,2019-01-31T18:00:00+08:00,2019-02-01T09:30:00+08:00
2019-01-31,FIX037,1.157897502,0.8248297888,-1.054019687,11574.29029,0.008641931568,-0.01269296441,2019-01-31T17:30:00+08:00,2019-01-31T18:00:00+08:00,2019-02-01T09:30:00+08:00
2019-01-31,FIX038,0.2972694015,-0.3734784269,-0.4024079943,27465.76406,0.01692296821,-0.01269296441,2019-01-31T17:30:00+08:00,2019-01-31T18:00:00+08:00,2019-02-01T09:30:00+08:00
2019-01-31,FIX039,1.124679225,-1.382295109,2.665932252,11466.5712,0.01979579065,-0.01269296441,2019-01-31T17:30:00+08:00,2019-01-31T18:00:00+08:00,2019-02-01T09:30:00+08:00
2019-02-28,FIX000,2.006838738,-1.684002993,0.3746457327,18247.40848,0.01173382957,-0.003705549229,2019-02-28T17:30:00+08:00,2019-02-28T18:00:00+08:00,2019-03-01T09:30:00+08:00
2019-02-28,FIX001,1.508768526,1.21484188,-0.4706499543,37619.39617,-0.008201532602,-0.003705549229,2019-02-28T17:30:00+08:00,2019-02-28T18:00:00+08:00,2019-03-01T09:30:00+08:00
2019-02-28,FIX002,0.8522843558,-1.953272184,1.192052178,17220.7517,0.09908605799,-0.003705549229,2019-02-28T17:30:00+08:00,2019-02-28T18:00:00+08:00,2019-03-01T09:30:00+08:00
2019-02-28,FIX003,2.419942787,-3.109931673,-0.8571578169,5808.755076,0.01514986356,-0.003705549229,2019-02-28T17:30:00+08:00,2019-02-28T18:00:00+08:00,2019-03-01T09:30:00+08:00
2019-02-28,FIX004,2.111968422,-2.472664943,1.401646559,136445.0976,-0.01369300931,-0.003705549229,2019-02-28T17:30:00+08:00,2019-02-28T18:00:00+08:00,2019-03-01T09:30:00+08:00
2019-02-28,FIX005,1.890487397,-0.77007392,0.7198456122,28079.85289,0.02671789653,-0.003705549229,2019-02-28T17:30:00+08:00,2019-02-28T18:00:00+08:00,2019-03-01T09:30:00+08:00
2019-02-28,FIX006,2.540067618,-2.503351125,1.660986067,25553.24156,0.02528278161,-0.003705549229,2019-02-28T17:30:00+08:00,2019-02-28T18:00:00+08:00,2019-03-01T09:30:00+08:00
2019-02-28,FIX007,-0.2452645043,-1.814997047,1.720796064,15087.5407,-0.01681825485,-0.003705549229,2019-02-28T17:30:00+08:00,2019-02-28T18:00:00+08:00,2019-03-01T09:30:00+08:00
2019-02-28,FIX008,1.923031698,-0.325186736,0.1936807017,9162.841639,-0.01116724307,-0.003705549229,2019-02-28T17:30:00+08:00,2019-02-28T18:00:00+08:00,2019-03-01T09:30:00+08:00
2019-02-28,FIX009,-0.3479498432,-0.451262068,1.210675927,75886.11638,-0.03316146686,-0.003705549229,2019-02-28T17:30:00+08:00,2019-02-28T18:00:00+08:00,2019-03-01T09:30:00+08:00
2019-02-28,FIX010,2.292599031,-2.674324514,0.3935009254,6101.669016,-0.03775330753,-0.003705549229,2019-02-28T17:30:00+08:00,2019-02-28T18:00:00+08:00,2019-03-01T09:30:00+08:00
2019-02-28,FIX011,2.871281828,-2.844835726,0.2457278127,13773.70114,-0.03023359363,-0.003705549229,2019-02-28T17:30:00+08:00,2019-02-28T18:00:00+08:00,2019-03-01T09:30:00+08:00
2019-02-28,FIX012,1.72072463,-1.505462614,-0.395888832,11718.01813,-0.01364555554,-0.003705549229,2019-02-28T17:30:00+08:00,2019-02-28T18:00:00+08:00,2019-03-01T09:30:00+08:00
2019-02-28,FIX013,2.844701178,-2.469336702,1.081396671,90260.04407,-0.01304306362,-0.003705549229,2019-02-28T17:30:00+08:00,2019-02-28T18:00:00+08:00,2019-03-01T09:30:00+08:00
2019-02-28,FIX014,1.165187456,-0.74416016,0.04418335743,17342.45021,-0.02514413425,-0.003705549229,2019-02-28T17:30:00+08:00,2019-02-28T18:00:00+08:00,2019-03-01T09:30:00+08:00
2019-02-28,FIX015,0.5347172492,0.7776625669,0.8967614083,52437.68891,0.008741060161,-0.003705549229,2019-02-28T17:30:00+08:00,2019-02-28T18:00:00+08:00,2019-03-01T09:30:00+08:00
2019-02-28,FIX016,1.228916147,-0.3918662161,0.8875609822,21381.89565,0.009914465037,-0.003705549229,2019-02-28T17:30:00+08:00,2019-02-28T18:00:00+08:00,2019-03-01T09:30:00+08:00
2019-02-28,FIX017,2.613005653,-0.6141880625,-0.5775657364,10958.07162,0.04242417846,-0.003705549229,2019-02-28T17:30:00+08:00,2019-02-28T18:00:00+08:00,2019-03-01T09:30:00+08:00
2019-02-28,FIX018,2.199423988,-0.7955596406,0.08487847357,30288.16858,0.001058019936,-0.003705549229,2019-02-28T17:30:00+08:00,2019-02-28T18:00:00+08:00,2019-03-01T09:30:00+08:00
2019-02-28,FIX019,1.423535664,-0.03157344209,0.6862572134,31424.34459,0.04098253469,-0.003705549229,2019-02-28T17:30:00+08:00,2019-02-28T18:00:00+08:00,2019-03-01T09:30:00+08:00
2019-02-28,FIX020,0.0596752977,-0.2497187547,1.616823532,14913.69779,-0.02418194706,-0.003705549229,2019-02-28T17:30:00+08:00,2019-02-28T18:00:00+08:00,2019-03-01T09:30:00+08:00
2019-02-28,FIX021,3.118790562,-2.191652024,0.6635012893,100479.8647,-0.04418682857,-0.003705549229,2019-02-28T17:30:00+08:00,2019-02-28T18:00:00+08:00,2019-03-01T09:30:00+08:00
2019-02-28,FIX022,2.069405429,-0.05274742956,1.632751192,13616.48131,-0.01368561872,-0.003705549229,2019-02-28T17:30:00+08:00,2019-02-28T18:00:00+08:00,2019-03-01T09:30:00+08:00
2019-02-28,FIX023,2.716459873,-2.214278613,0.3349846372,101596.2076,0.02873300551,-0.003705549229,2019-02-28T17:30:00+08:00,2019-02-28T18:00:00+08:00,2019-03-01T09:30:00+08:00
2019-02-28,FIX024,0.7419143987,0.06006968345,1.067347098,3675.690077,-0.03366378092,-0.003705549229,2019-02-28T17:30:00+08:00,2019-02-28T18:00:00+08:00,2019-03-01T09:30:00+08:00
2019-02-28,FIX025,2.545202318,-2.402733009,1.945643083,13861.10095,-0.02429499083,-0.003705549229,2019-02-28T17:30:00+08:00,2019-02-28T18:00:00+08:00,2019-03-01T09:30:00+08:00
2019-02-28,FIX026,1.282521736,-1.64248521,2.540240787,7188.565077,0.03612188692,-0.003705549229,2019-02-28T17:30:00+08:00,2019-02-28T18:00:00+08:00,2019-03-01T09:30:00+08:00
2019-02-28,FIX027,1.826343,-0.2673546418,0.2794133688,19339.18313,0.0405123166,-0.003705549229,2019-02-28T17:30:00+08:00,2019-02-28T18:00:00+08:00,2019-03-01T09:30:00+08:00
2019-02-28,FIX028,1.166724947,0.243609318,-0.7910370755,21347.74396,-0.01224295057,-0.003705549229,2019-02-28T17:30:00+08:00,2019-02-28T18:00:00+08:00,2019-03-01T09:30:00+08:00
2019-02-28,FIX029,2.053446195,-1.162737247,2.141517929,46571.24582,0.05534073624,-0.003705549229,2019-02-28T17:30:00+08:00,2019-02-28T18:00:00+08:00,2019-03-01T09:30:00+08:00
2019-02-28,FIX030,0.7351383257,-2.271526589,0.3262565662,34515.98682,-0.01553284811,-0.003705549229,2019-02-28T17:30:00+08:00,2019-02-28T18:00:00+08:00,2019-03-01T09:30:00+08:00
2019-02-28,FIX031,0.7332077089,0.8464689715,1.261121281,61031.56819,0.03421401928,-0.003705549229,2019-02-28T17:30:00+08:00,2019-02-28T18:00:00+08:00,2019-03-01T09:30:00+08:00
2019-02-28,FIX032,3.540077878,-0.7394745447,1.183049154,55410.03416,0.05406959404,-0.003705549229,2019-02-28T17:30:00+08:00,2019-02-28T18:00:00+08:00,2019-03-01T09:30:00+08:00
2019-02-28,FIX033,1.566272195,-0.7228481087,-0.3107934953,28216.21741,0.04598753242,-0.003705549229,2019-02-28T17:30:00+08:00,2019-02-28T18:00:00+08:00,2019-03-01T09:30:00+08:00
2019-02-28,FIX034,2.003751858,-1.364726584,-0.4956923784,23803.41899,-0.02361708534,-0.003705549229,2019-02-28T17:30:00+08:00,2019-02-28T18:00:00+08:00,2019-03-01T09:30:00+08:00
2019-02-28,FIX035,0.5692677293,0.05642383762,-0.459336412,12002.14444,-0.007385694923,-0.003705549229,2019-02-28T17:30:00+08:00,2019-02-28T18:00:00+08:00,2019-03-01T09:30:00+08:00
2019-02-28,FIX036,0.8702611017,-2.370382645,-0.694634715,80438.91013,-0.0298633566,-0.003705549229,2019-02-28T17:30:00+08:00,2019-02-28T18:00:00+08:00,2019-03-01T09:30:00+08:00
2019-02-28,FIX037,0.9254724698,-0.4203453793,-1.28218662,44512.89233,0.01505441944,-0.003705549229,2019-02-28T17:30:00+08:00,2019-02-28T18:00:00+08:00,2019-03-01T09:30:00+08:00
2019-02-28,FIX038,0.9026701662,0.5118963849,-1.11443102,33493.5426,0.02721163326,-0.003705549229,2019-02-28T17:30:00+08:00,2019-02-28T18:00:00+08:00,2019-03-01T09:30:00+08:00
2019-02-28,FIX039,1.750387363,-1.893588981,3.410805592,19668.69618,0.03656601298,-0.003705549229,2019-02-28T17:30:00+08:00,2019-02-28T18:00:00+08:00,2019-03-01T09:30:00+08:00
2019-03-31,FIX000,0.8826494541,-2.083498156,0.4194506067,23404.1448,-0.009623129244,0.02485968821,2019-03-31T17:30:00+08:00,2019-03-31T18:00:00+08:00,2019-04-01T09:30:00+08:00
2019-03-31,FIX001,2.168711355,0.7852375924,-0.5516217036,30566.72457,0.008025770097,0.02485968821,2019-03-31T17:30:00+08:00,2019-03-31T18:00:00+08:00,2019-04-01T09:30:00+08:00
2019-03-31,FIX002,1.270296099,-2.288887081,0.232001354,70596.2657,-0.03223384401,0.02485968821,2019-03-31T17:30:00+08:00,2019-03-31T18:00:00+08:00,2019-04-01T09:30:00+08:00
2019-03-31,FIX003,1.692730396,-4.376427348,-0.9939195694,2842.340267,0.04550337605,0.02485968821,2019-03-31T17:30:00+08:00,2019-03-31T18:00:00+08:00,2019-04-01T09:30:00+08:00
2019-03-31,FIX004,2.75783818,-3.124276306,0.1018232768,30356.42463,-0.04387403854,0.02485968821,2019-03-31T17:30:00+08:00,2019-03-31T18:00:00+08:00,2019-04-01T09:30:00+08:00
2019-03-31,FIX005,2.050360416,-0.5674372737,1.278887057,5664.935172,0.007248475363,0.02485968821,2019-03-31T17:30:00+08:00,2019-03-31T18:00:00+08:00,2019-04-01T09:30:00+08:00
2019-03-31,FIX006,1.696485514,-2.188005985,1.811818878,44643.97484,-0.04472650714,0.02485968821,2019-03-31T17:30:00+08:00,2019-03-31T18:00:00+08:00,2019-04-01T09:30:00+08:00
2019-03-31,FIX007,-0.3980181049,-0.846488743,1.188589671,3363.049899,0.02038724216,0.02485968821,2019-03-31T17:30:00+08:00,2019-03-31T18:00:00+08:00,2019-04-01T09:30:00+08:00
2019-03-31,FIX008,3.200679702,-0.4152268923,0.03445148835,31420.6459,-0.1014984485,0.02485968821,2019-03-31T17:30:00+08:00,2019-03-31T18:00:00+08:00,2019-04-01T09:30:00+08:00
2019-03-31,FIX009,0.9406756682,-0.3297295323,1.411848677,9549.812416,0.09849480098,0.02485968821,2019-03-31T17:30:00+08:00,2019-03-31T18:00:00+08:00,2019-04-01T09:30:00+08:00
2019-03-31,FIX010,3.191120505,-3.588438375,0.216420051,34544.86447,-0.01458204639,0.02485968821,2019-03-31T17:30:00+08:00,2019-03-31T18:00:00+08:00,2019-04-01T09:30:00+08:00
2019-03-31,FIX011,1.616705091,-3.532376709,0.1395619244,23285.8024,0.03385569558,0.02485968821,2019-03-31T17:30:00+08:00,2019-03-31T18:00:00+08:00,2019-04-01T09:30:00+08:00
2019-03-31,FIX012,1.97369557,-1.145397286,-0.3571742519,49472.26651,0.005293679318,0.02485968821,2019-03-31T17:30:00+08:00,2019-03-31T18:00:00+08:00,2019-04-01T09:30:00+08:00
2019-03-31,FIX013,3.087904008,-1.404947276,-0.0008654038318,15385.59135,0.03413408228,0.02485968821,2019-03-31T17:30:00+08:00,2019-03-31T18:00:00+08:00,2019-04-01T09:30:00+08:00
2019-03-31,FIX014,1.802674857,0.4502610499,0.2656979677,26328.17351,-0.02814247013,0.02485968821,2019-03-31T17:30:00+08:00,2019-03-31T18:00:00+08:00,2019-04-01T09:30:00+08:00
2019-03-31,FIX015,-0.3990343958,0.03544103959,0.775116111,17682.581,-0.005485899178,0.02485968821,2019-03-31T17:30:00+08:00,2019-03-31T18:00:00+08:00,2019-04-01T09:30:00+08:00
2019-03-31,FIX016,1.986552133,-1.617080466,1.12610037,10301.10296,-0.003675137065,0.02485968821,2019-03-31T17:30:00+08:00,2019-03-31T18:00:00+08:00,2019-04-01T09:30:00+08:00
2019-03-31,FIX017,3.018008941,-0.1394495825,-0.6152686486,29196.24586,-0.02319521632,0.02485968821,2019-03-31T17:30:00+08:00,2019-03-31T18:00:00+08:00,2019-04-01T09:30:00+08:00
2019-03-31,FIX018,2.861217548,-1.289363068,0.666104004,12219.37033,-0.01065615698,0.02485968821,2019-03-31T17:30:00+08:00,2019-03-31T18:00:00+08:00,2019-04-01T09:30:00+08:00
2019-03-31,FIX019,2.219282268,-0.0314358373,0.09463669187,57375.5347,-0.006472250307,0.02485968821,2019-03-31T17:30:00+08:00,2019-03-31T18:00:00+08:00,2019-04-01T09:30:00+08:00
2019-03-31,FIX020,-0.0244846711,-0.287256111,1.785478627,3907.128329,-0.00168241355,0.02485968821,2019-03-31T17:30:00+08:00,2019-03-31T18:00:00+08:00,2019-04-01T09:30:00+08:00
2019-03-31,FIX021,2.176796277,-1.256016565,0.8305896461,6497.46068,-0.06182037489,0.02485968821,2019-03-31T17:30:00+08:00,2019-03-31T18:00:00+08:00,2019-04-01T09:30:00+08:00
2019-03-31,FIX022,2.1581596,-1.021922356,1.467852395,24848.15419,0.01053699943,0.02485968821,2019-03-31T17:30:00+08:00,2019-03-31T18:00:00+08:00,2019-04-01T09:30:00+08:00
2019-03-31,FIX023,3.466971291,-2.009176109,0.7850491364,11128.42497,0.04459665371,0.02485968821,2019-03-31T17:30:00+08:00,2019-03-31T18:00:00+08:00,2019-04-01T09:30:00+08:00
2019-03-31,FIX024,0.3798596287,-0.330193529,2.061519981,24088.91971,-0.0006297826184,0.02485968821,2019-03-31T17:30:00+08:00,2019-03-31T18:00:00+08:00,2019-04-01T09:30:00+08:00
2019-03-31,FIX025,2.654908502,-2.624061028,1.915605,46598.66958,0.04100184951,0.02485968821,2019-03-31T17:30:00+08:00,2019-03-31T18:00:00+08:00,2019-04-01T09:30:00+08:00
2019-03-31,FIX026,0.5544409865,-1.871701812,2.872459472,11700.11902,-0.02344073543,0.02485968821,2019-03-31T17:30:00+08:00,2019-03-31T18:00:00+08:00,2019-04-01T09:30:00+08:00
2019-03-31,FIX027,1.721043682,-0.761473774,0.6003530968,20855.77687,0.06738276894,0.02485968821,2019-03-31T17:30:00+08:00,2019-03-31T18:00:00+08:00,2019-04-01T09:30:00+08:00
2019-03-31,FIX028,1.5317318,0.9971255325,-1.186126351,18843.61384,0.04115443771,0.02485968821,2019-03-31T17:30:00+08:00,2019-03-31T18:00:00+08:00,2019-04-01T09:30:00+08:00
2019-03-31,FIX029,0.5130041456,0.3128921688,2.23601144,3460.772332,0.07368784964,0.02485968821,2019-03-31T17:30:00+08:00,2019-03-31T18:00:00+08:00,2019-04-01T09:30:00+08:00
2019-03-31,FIX030,1.501462425,-1.807214884,0.4934487357,7227.067266,-0.05938841772,0.02485968821,2019-03-31T17:30:00+08:00,2019-03-31T18:00:00+08:00,2019-04-01T09:30:00+08:00
2019-03-31,FIX031,0.4771580374,-0.3233180466,1.277143376,210385.945,-0.006322869009,0.02485968821,2019-03-31T17:30:00+08:00,2019-03-31T18:00:00+08:00,2019-04-01T09:30:00+08:00
2019-03-31,FIX032,2.813362598,-1.382163881,0.8939088154,14598.11582,-0.01872594667,0.02485968821,2019-03-31T17:30:00+08:00,2019-03-31T18:00:00+08:00,2019-04-01T09:30:00+08:00
2019-03-31,FIX033,1.134259037,-0.7254681086,0.4389285839,3188.4415,0.02131108223,0.02485968821,2019-03-31T17:30:00+08:00,2019-03-31T18:00:00+08:00,2019-04-01T09:30:00+08:00
2019-03-31,FIX034,1.800727178,-0.08292503067,-0.1132080371,4920.139076,0.06132743128,0.02485968821,2019-03-31T17:30:00+08:00,2019-03-31T18:00:00+08:00,2019-04-01T09:30:00+08:00
2019-03-31,FIX035,0.5948942058,-0.8003156372,-0.44203478,32003.84685,0.05770177721,0.02485968821,2019-03-31T17:30:00+08:00,2019-03-31T18:00:00+08:00,2019-04-01T09:30:00+08:00
2019-03-31,FIX036,1.366161364,-1.359069714,0.3020128263,16391.77241,0.0309489531,0.02485968821,2019-03-31T17:30:00+08:00,2019-03-31T18:00:00+08:00,2019-04-01T09:30:00+08:00
2019-03-31,FIX037,0.0629161342,-0.5756736245,-0.4312176185,9923.180062,0.02624698858,0.02485968821,2019-03-31T17:30:00+08:00,2019-03-31T18:00:00+08:00,2019-04-01T09:30:00+08:00
2019-03-31,FIX038,0.1272361709,0.2359617749,-0.4366317597,27054.70541,0.09183800371,0.02485968821,2019-03-31T17:30:00+08:00,2019-03-31T18:00:00+08:00,2019-04-01T09:30:00+08:00
2019-03-31,FIX039,1.394804949,-1.328857605,2.154556134,68551.3168,0.02660531423,0.02485968821,2019-03-31T17:30:00+08:00,2019-03-31T18:00:00+08:00,2019-04-01T09:30:00+08:00
2019-04-30,FIX000,1.333641416,-1.959618464,-0.2780068843,56166.07198,-0.03565317289,0.02609026254,2019-04-30T17:30:00+08:00,2019-04-30T18:00:00+08:00,2019-05-01T09:30:00+08:00
2019-04-30,FIX001,2.441601132,0.2577992506,-0.8475344887,20383.85508,-0.01050024531,0.02609026254,2019-04-30T17:30:00+08:00,2019-04-30T18:00:00+08:00,2019-05-01T09:30:00+08:00
2019-04-30,FIX002,2.138829,-1.374321441,0.3769453298,35411.86514,-0.003727029503,0.02609026254,2019-04-30T17:30:00+08:00,2019-04-30T18:00:00+08:00,2019-05-01T09:30:00+08:00
2019-04-30,FIX003,1.8669119,-4.093222881,-0.7544314226,8579.451954,-0.06303116879,0.02609026254,2019-04-30T17:30:00+08:00,2019-04-30T18:00:00+08:00,2019-05-01T09:30:00+08:00
2019-04-30,FIX004,2.406050502,-3.974436621,-0.2779795569,39769.27044,-0.03878057164,0.02609026254,2019-04-30T17:30:00+08:00,2019-04-30T18:00:00+08:00,2019-05-01T09:30:00+08:00
2019-04-30,FIX005,2.40116585,-0.5716602774,1.398506529,54708.62892,-0.006652972334,0.02609026254,2019-04-30T17:30:00+08:00,2019-04-30T18:00:00+08:00,2019-05-01T09:30:00+08:00
2019-04-30,FIX006,0.7558695906,-1.859143068,1.046635562,15863.66763,-0.03697267196,0.02609026254,2019-04-30T17:30:00+08:00,2019-04-30T18:00:00+08:00,2019-05-01T09:30:00+08:00
2019-04-30,FIX007,-0.2268655224,-0.6190549223,0.8533345299,19186.46288,0.04228590978,0.02609026254,2019-04-30T17:30:00+08:00,2019-04-30T18:00:00+08:00,2019-05-01T09:30:00+08:00
2019-04-30,FIX008,1.874034321,-0.6058249555,-0.8268341247,5005.30367,-0.001704028858,0.02609026254,2019-04-30T17:30:00+08:00,2019-04-30T18:00:00+08:00,2019-05-01T09:30:00+08:00
2019-04-30,FIX009,0.8034399756,-0.6191397581,1.586179274,17823.84221,0.03746220384,0.02609026254,2019-04-30T17:30:00+08:00,2019-04-30T18:00:00+08:00,2019-05-01T09:30:00+08:00
2019-04-30,FIX010,3.14343309,-3.247504672,-0.05928186113,24567.77339,-0.02074608516,0.02609026254,2019-04-30T17:30:00+08:00,2019-04-30T18:00:00+08:00,2019-05-01T09:30:00+08:00
2019-04-30,FIX011,1.446420261,-3.783259196,-0.508874323,51206.94951,0.06068907496,0.02609026254,2019-04-30T17:30:00+08:00,2019-04-30T18:00:00+08:00,2019-05-01T09:30:00+08:00
2019-04-30,FIX012,1.752138572,-0.1617194354,-0.6590789988,109114.1814,0.008236997621,0.02609026254,2019-04-30T17:30:00+08:00,2019-04-30T18:00:00+08:00,2019-05-01T09:30:00+08:00
2019-04-30,FIX013,2.419764467,-2.075458173,0.3331682932,27388.82481,-0.100415027,0.02609026254,2019-04-30T17:30:00+08:00,2019-04-30T18:00:00+08:00,2019-05-01T09:30:00+08:00
2019-04-30,FIX014,2.01779973,-0.2770185334,0.08873398538,16999.15897,0.06952951658,0.02609026254,2019-04-30T17:30:00+08:00,2019-04-30T18:00:00+08:00,2019-05-01T09:30:00+08:00
2019-04-30,FIX015,1.175026996,-0.2179878572,0.7550889692,54202.30922,0.02581793668,0.02609026254,2019-04-30T17:30:00+08:00,2019-04-30T18:00:00+08:00,2019-05-01T09:30:00+08:00
2019-04-30,FIX016,2.535231038,-1.757455813,1.417911057,17087.07827,0.05186409855,0.02609026254,2019-04-30T17:30:00+08:00,2019-04-30T18:00:00+08:00,2019-05-01T09:30:00+08:00
2019-04-30,FIX017,2.634773363,-0.6615594018,-0.1580188743,25127.61916,0.02652526575,0.02609026254,2019-04-30T17:30:00+08:00,2019-04-30T18:00:00+08:00,2019-05-01T09:30:00+08:00
2019-04-30,FIX018,2.3993172,-0.7194755633,2.312814261,5563.113179,0.06007647551,0.02609026254,2019-04-30T17:30:00+08:00,2019-04-30T18:00:00+08:00,2019-05-01T09:30:00+08:00
2019-04-30,FIX019,2.037206593,0.7233241058,-0.08959368831,15526.47291,-0.04467063768,0.02609026254,2019-04-30T17:30:00+08:00,2019-04-30T18:00:00+08:00,2019-05-01T09:30:00+08:00
2019-04-30,FIX020,0.6351292249,-0.4400846128,1.311904263,53239.50874,0.01092311882,0.02609026254,2019-04-30T17:30:00+08:00,2019-04-30T18:00:00+08:00,2019-05-01T09:30:00+08:00
2019-04-30,FIX021,2.027568405,-1.123913582,-0.2863843903,26708.19797,-0.02938272038,0.02609026254,2019-04-30T17:30:00+08:00,2019-04-30T18:00:00+08:00,2019-05-01T09:30:00+08:00
2019-04-30,FIX022,1.569364329,-0.9231349459,1.7785812,11207.59749,-0.01800197166,0.02609026254,2019-04-30T17:30:00+08:00,2019-04-30T18:00:00+08:00,2019-05-01T09:30:00+08:00
2019-04-30,FIX023,3.326354288,-2.353107985,0.8157897714,9872.369752,0.03216089922,0.02609026254,2019-04-30T17:30:00+08:00,2019-04-30T18:00:00+08:00,2019-05-01T09:30:00+08:00
2019-04-30,FIX024,1.3543786,0.4854737313,2.190841359,12710.83096,0.05555437164,0.02609026254,2019-04-30T17:30:00+08:00,2019-04-30T18:00:00+08:00,2019-05-01T09:30:00+08:00
2019-04-30,FIX025,2.723310794,-2.626456723,1.012876878,41814.09843,0.0122531991,0.02609026254,2019-04-30T17:30:00+08:00,2019-04-30T18:00:00+08:00,2019-05-01T09:30:00+08:00
2019-04-30,FIX026,-0.002418737395,-1.097786148,2.412600684,40182.31608,0.02524497536,0.02609026254,2019-04-30T17:30:00+08:00,2019-04-30T18:00:00+08:00,2019-05-01T09:30:00+08:00
2019-04-30,FIX027,1.509440651,-0.6565382349,0.4613224163,12392.21291,-0.01035050589,0.02609026254,2019-04-30T17:30:00+08:00,2019-04-30T18:00:00+08:00,2019-05-01T09:30:00+08:00
2019-04-30,FIX028,0.8032906247,1.406022494,-0.655183971,9064.82002,-0.0221090445,0.02609026254,2019-04-30T17:30:00+08:00,2019-04-30T18:00:00+08:00,2019-05-01T09:30:00+08:00
2019-04-30,FIX029,-0.3421911622,1.00954813,2.291108886,10423.42514,-0.07485930054,0.02609026254,2019-04-30T17:30:00+08:00,2019-04-30T18:00:00+08:00,2019-05-01T09:30:00+08:00
2019-04-30,FIX030,0.7538372433,-1.741598339,0.4886769272,6435.429389,0.04066863966,0.02609026254,2019-04-30T17:30:00+08:00,2019-04-30T18:00:00+08:00,2019-05-01T09:30:00+08:00
2019-04-30,FIX031,-0.06039388152,-0.8377260498,1.468810202,14846.18975,0.02072516679,0.02609026254,2019-04-30T17:30:00+08:00,2019-04-30T18:00:00+08:00,2019-05-01T09:30:00+08:00
2019-04-30,FIX032,2.948639893,-0.7606039492,0.8522097574,3939.22165,-0.01114014296,0.02609026254,2019-04-30T17:30:00+08:00,2019-04-30T18:00:00+08:00,2019-05-01T09:30:00+08:00
2019-04-30,FIX033,1.633243182,-0.9476713931,0.2178683313,58407.96414,-0.05946419943,0.02609026254,2019-04-30T17:30:00+08:00,2019-04-30T18:00:00+08:00,2019-05-01T09:30:00+08:00
2019-04-30,FIX034,2.11381088,0.2076831367,-0.144169981,54164.29757,-0.04402462368,0.02609026254,2019-04-30T17:30:00+08:00,2019-04-30T18:00:00+08:00,2019-05-01T09:30:00+08:00
2019-04-30,FIX035,1.443585771,-1.460212304,-0.4700701865,55989.18269,-0.06611040229,0.02609026254,2019-04-30T17:30:00+08:00,2019-04-30T18:00:00+08:00,2019-05-01T09:30:00+08:00
2019-04-30,FIX036,2.199052698,-1.643322847,0.747465354,21530.11155,-0.002484311921,0.02609026254,2019-04-30T17:30:00+08:00,2019-04-30T18:00:00+08:00,2019-05-01T09:30:00+08:00
2019-04-30,FIX037,0.6240022473,-0.8006342685,0.03786649361,28117.25915,-0.05428266919,0.02609026254,2019-04-30T17:30:00+08:00,2019-04-30T18:00:00+08:00,2019-05-01T09:30:00+08:00
2019-04-30,FIX038,1.386104109,-0.08168531533,-0.769881558,23036.71709,0.06891256772,0.02609026254,2019-04-30T17:30:00+08:00,2019-04-30T18:00:00+08:00,2019-05-01T09:30:00+08:00
2019-04-30,FIX039,0.9260484898,-0.8542000604,2.250807532,23721.44485,0.03755638028,0.02609026254,2019-04-30T17:30:00+08:00,2019-04-30T18:00:00+08:00,2019-05-01T09:30:00+08:00
2019-05-31,FIX000,1.320775865,-1.515094692,-0.4261345045,19138.24065,-0.04533027159,0.01247611521,2019-05-31T17:30:00+08:00,2019-05-31T18:00:00+08:00,2019-06-03T09:30:00+08:00
2019-05-31,FIX001,1.871530188,-0.2110545412,0.1952644838,19580.42584,-0.05591814056,0.01247611521,2019-05-31T17:30:00+08:00,2019-05-31T18:00:00+08:00,2019-06-03T09:30:00+08:00
2019-05-31,FIX002,2.388574041,-0.7714019122,-0.4868793449,13120.50412,-0.009688574925,0.01247611521,2019-05-31T17:30:00+08:00,2019-05-31T18:00:00+08:00,2019-06-03T09:30:00+08:00
2019-05-31,FIX003,1.581617984,-3.327093722,-0.7260980072,92627.18546,-0.02079133816,0.01247611521,2019-05-31T17:30:00+08:00,2019-05-31T18:00:00+08:00,2019-06-03T09:30:00+08:00
2019-05-31,FIX004,1.467073368,-3.603085194,0.09217080914,102974.8499,-0.01545511295,0.01247611521,2019-05-31T17:30:00+08:00,2019-05-31T18:00:00+08:00,2019-06-03T09:30:00+08:00
2019-05-31,FIX005,2.101236001,-0.593340175,0.7400108328,8566.511722,0.02269376312,0.01247611521,2019-05-31T17:30:00+08:00,2019-05-31T18:00:00+08:00,2019-06-03T09:30:00+08:00
2019-05-31,FIX006,1.485745606,-1.261835931,0.4326987721,74765.45604,0.02290955032,0.01247611521,2019-05-31T17:30:00+08:00,2019-05-31T18:00:00+08:00,2019-06-03T09:30:00+08:00
2019-05-31,FIX007,0.1141340109,-1.614328256,1.325985493,46923.13316,-0.01112000823,0.01247611521,2019-05-31T17:30:00+08:00,2019-05-31T18:00:00+08:00,2019-06-03T09:30:00+08:00
2019-05-31,FIX008,2.677764631,-0.8350197367,-0.5567116651,59043.40392,-0.009158897592,0.01247611521,2019-05-31T17:30:00+08:00,2019-05-31T18:00:00+08:00,2019-06-03T09:30:00+08:00
2019-05-31,FIX009,0.7294713862,-0.8726796146,1.803871612,96987.00499,0.05013166536,0.01247611521,2019-05-31T17:30:00+08:00,2019-05-31T18:00:00+08:00,2019-06-03T09:30:00+08:00
2019-05-31,FIX010,2.945643649,-3.287817019,0.543133642,13827.31953,0.01655908598,0.01247611521,2019-05-31T17:30:00+08:00,2019-05-31T18:00:00+08:00,2019-06-03T09:30:00+08:00
2019-05-31,FIX011,1.298438318,-2.788891187,-0.247090701,14231.46607,0.0123416908,0.01247611521,2019-05-31T17:30:00+08:00,2019-05-31T18:00:00+08:00,2019-06-03T09:30:00+08:00
2019-05-31,FIX012,1.623556931,0.1776690831,-0.7068912924,37069.76458,-0.04081496824,0.01247611521,2019-05-31T17:30:00+08:00,2019-05-31T18:00:00+08:00,2019-06-03T09:30:00+08:00
2019-05-31,FIX013,1.961925181,-1.586055543,-0.005839263961,4318.270934,0.01479118581,0.01247611521,2019-05-31T17:30:00+08:00,2019-05-31T18:00:00+08:00,2019-06-03T09:30:00+08:00
2019-05-31,FIX014,1.862191149,-1.161514999,-0.6462920876,47075.99439,0.0002605158365,0.01247611521,2019-05-31T17:30:00+08:00,2019-05-31T18:00:00+08:00,2019-06-03T09:30:00+08:00
2019-05-31,FIX015,0.6110965999,0.05606252556,1.36338779,45675.72747,0.0330524964,0.01247611521,2019-05-31T17:30:00+08:00,2019-05-31T18:00:00+08:00,2019-06-03T09:30:00+08:00
2019-05-31,FIX016,2.364916661,-1.228261455,1.830136143,28720.19692,-0.01708607054,0.01247611521,2019-05-31T17:30:00+08:00,2019-05-31T18:00:00+08:00,2019-06-03T09:30:00+08:00
2019-05-31,FIX017,3.12941928,-0.454134164,0.248657806,30569.90448,0.02304672445,0.01247611521,2019-05-31T17:30:00+08:00,2019-05-31T18:00:00+08:00,2019-06-03T09:30:00+08:00
2019-05-31,FIX018,1.805061092,-1.267912973,2.994068639,9621.039153,-0.02030326538,0.01247611521,2019-05-31T17:30:00+08:00,2019-05-31T18:00:00+08:00,2019-06-03T09:30:00+08:00
2019-05-31,FIX019,3.048563425,1.439438674,-0.2824835018,5566.625937,0.03069156577,0.01247611521,2019-05-31T17:30:00+08:00,2019-05-31T18:00:00+08:00,2019-06-03T09:30:00+08:00
2019-05-31,FIX020,0.8076440703,-1.590523252,1.846827494,13344.46985,0.01437896226,0.01247611521,2019-05-31T17:30:00+08:00,2019-05-31T18:00:00+08:00,2019-06-03T09:30:00+08:00
2019-05-31,FIX021,2.753707165,-0.6352325678,0.5879775387,5766.860294,-0.03916056883,0.01247611521,2019-05-31T17:30:00+08:00,2019-05-31T18:00:00+08:00,2019-06-03T09:30:00+08:00
2019-05-31,FIX022,0.9079684986,-1.474187212,2.12967452,8635.788882,0.002433280762,0.01247611521,2019-05-31T17:30:00+08:00,2019-05-31T18:00:00+08:00,2019-06-03T09:30:00+08:00
2019-05-31,FIX023,3.020928482,-2.587865099,1.275876637,13601.32579,-0.05385824225,0.01247611521,2019-05-31T17:30:00+08:00,2019-05-31T18:00:00+08:00,2019-06-03T09:30:00+08:00
2019-05-31,FIX024,1.345229793,-0.01351815449,2.282796212,14255.61392,0.01415664439,0.01247611521,2019-05-31T17:30:00+08:00,2019-05-31T18:00:00+08:00,2019-06-03T09:30:00+08:00
2019-05-31,FIX025,2.51799308,-2.324206194,0.6460566378,118003.3217,0.03816393951,0.01247611521,2019-05-31T17:30:00+08:00,2019-05-31T18:00:00+08:00,2019-06-03T09:30:00+08:00
2019-05-31,FIX026,-0.09715656421,-1.430367854,1.845295161,43441.15281,-0.03968837492,0.01247611521,2019-05-31T17:30:00+08:00,2019-05-31T18:00:00+08:00,2019-06-03T09:30:00+08:00
2019-05-31,FIX027,1.902654942,-2.471253822,1.522365992,111989.1307,-0.03477049901,0.01247611521,2019-05-31T17:30:00+08:00,2019-05-31T18:00:00+08:00,2019-06-03T09:30:00+08:00
2019-05-31,FIX028,0.5594472468,0.6807547712,-0.3172465765,47389.07433,0.004335187791,0.01247611521,2019-05-31T17:30:00+08:00,2019-05-31T18:00:00+08:00,2019-06-03T09:30:00+08:00
2019-05-31,FIX029,-0.579851353,1.307261077,1.655201224,19294.67008,-0.0644864605,0.01247611521,2019-05-31T17:30:00+08:00,2019-05-31T18:00:00+08:00,2019-06-03T09:30:00+08:00
2019-05-31,FIX030,0.8502407188,-2.100083158,-0.1161576711,18622.75307,-0.03503249692,0.01247611521,2019-05-31T17:30:00+08:00,2019-05-31T18:00:00+08:00,2019-06-03T09:30:00+08:00
2019-05-31,FIX031,0.3843487506,-1.212537225,0.7897925066,7358.995075,-0.01407713447,0.01247611521,2019-05-31T17:30:00+08:00,2019-05-31T18:00:00+08:00,2019-06-03T09:30:00+08:00
2019-05-31,FIX032,2.874024237,-0.5893615598,0.87564117,19234.43089,0.04170409991,0.01247611521,2019-05-31T17:30:00+08:00,2019-05-31T18:00:00+08:00,2019-06-03T09:30:00+08:00
2019-05-31,FIX033,1.742486282,-0.1597752849,0.17167908,16257.45891,0.001343672846,0.01247611521,2019-05-31T17:30:00+08:00,2019-05-31T18:00:00+08:00,2019-06-03T09:30:00+08:00
2019-05-31,FIX034,1.629281103,1.213132887,1.139579289,16666.90982,0.03445114684,0.01247611521,2019-05-31T17:30:00+08:00,2019-05-31T18:00:00+08:00,2019-06-03T09:30:00+08:00
2019-05-31,FIX035,1.557943817,-1.811587887,-1.220158329,16400.29412,0.01205609613,0.01247611521,2019-05-31T17:30:00+08:00,2019-05-31T18:00:00+08:00,2019-06-03T09:30:00+08:00
2019-05-31,FIX036,1.471187819,-0.9232801385,0.6531015021,4890.896171,-0.05180046094,0.01247611521,2019-05-31T17:30:00+08:00,2019-05-31T18:00:00+08:00,2019-06-03T09:30:00+08:00
2019-05-31,FIX037,0.3893476073,0.2300818215,-0.2197990982,9771.329076,-0.02305934075,0.01247611521,2019-05-31T17:30:00+08:00,2019-05-31T18:00:00+08:00,2019-06-03T09:30:00+08:00
2019-05-31,FIX038,0.5188861613,-0.4296881185,-0.9143648859,20008.31073,-0.008883500488,0.01247611521,2019-05-31T17:30:00+08:00,2019-05-31T18:00:00+08:00,2019-06-03T09:30:00+08:00
2019-05-31,FIX039,0.1198910134,-1.014044983,2.476918713,14165.0024,-0.01778780456,0.01247611521,2019-05-31T17:30:00+08:00,2019-05-31T18:00:00+08:00,2019-06-03T09:30:00+08:00
2019-06-30,FIX000,1.70944889,-1.557333773,-0.3011934762,18042.85397,-0.01529552376,-0.03513388594,2019-06-30T17:30:00+08:00,2019-06-30T18:00:00+08:00,2019-07-01T09:30:00+08:00
2019-06-30,FIX001,2.225686192,-0.9424109555,0.601693453,67729.06564,-0.01237761398,-0.03513388594,2019-06-30T17:30:00+08:00,2019-06-30T18:00:00+08:00,2019-07-01T09:30:00+08:00
2019-06-30,FIX002,2.119082438,-0.5213658845,-0.1231955004,4907.786966,-0.008282823964,-0.03513388594,2019-06-30T17:30:00+08:00,2019-06-30T18:00:00+08:00,2019-07-01T09:30:00+08:00
2019-06-30,FIX003,0.8924554747,-2.64715003,-0.2080441933,6289.529604,-0.02460353894,-0.03513388594,2019-06-30T17:30:00+08:00,2019-06-30T18:00:00+08:00,2019-07-01T09:30:00+08:00
2019-06-30,FIX004,1.224621037,-2.494561602,0.582606084,22469.34893,-0.0007082927161,-0.03513388594,2019-06-30T17:30:00+08:00,2019-06-30T18:00:00+08:00,2019-07-01T09:30:00+08:00
2019-06-30,FIX005,2.780238102,-2.740143545,0.7605307998,47868.492,-0.07494912375,-0.03513388594,2019-06-30T17:30:00+08:00,2019-06-30T18:00:00+08:00,2019-07-01T09:30:00+08:00
2019-06-30,FIX006,1.128980286,-1.515384125,-0.0749590978,55298.3306,-0.01398691011,-0.03513388594,2019-06-30T17:30:00+08:00,2019-06-30T18:00:00+08:00,2019-07-01T09:30:00+08:00
2019-06-30,FIX007,-1.407062065,-0.6505076784,0.5501435241,56345.14917,-0.06178429744,-0.03513388594,2019-06-30T17:30:00+08:00,2019-06-30T18:00:00+08:00,2019-07-01T09:30:00+08:00
2019-06-30,FIX008,2.578382687,-0.8867342879,-0.002755717565,13735.89005,0.008606601349,-0.03513388594,2019-06-30T17:30:00+08:00,2019-06-30T18:00:00+08:00,2019-07-01T09:30:00+08:00
2019-06-30,FIX009,1.308370976,-1.284139381,1.289374644,32679.66123,-0.07933746536,-0.03513388594,2019-06-30T17:30:00+08:00,2019-06-30T18:00:00+08:00,2019-07-01T09:30:00+08:00
2019-06-30,FIX010,2.810888518,-3.331919093,1.027268142,13099.49963,-0.0752965927,-0.03513388594,2019-06-30T17:30:00+08:00,2019-06-30T18:00:00+08:00,2019-07-01T09:30:00+08:00
2019-06-30,FIX011,1.419238702,-3.402141339,-0.4423126109,15498.87826,0.04475460962,-0.03513388594,2019-06-30T17:30:00+08:00,2019-06-30T18:00:00+08:00,2019-07-01T09:30:00+08:00
2019-06-30,FIX012,2.114995897,-0.4861139094,-0.4030718004,34174.54428,0.0001277985949,-0.03513388594,2019-06-30T17:30:00+08:00,2019-06-30T18:00:00+08:00,2019-07-01T09:30:00+08:00
2019-06-30,FIX013,1.540740928,-1.009781851,0.3481370916,24729.65928,-0.01274685107,-0.03513388594,2019-06-30T17:30:00+08:00,2019-06-30T18:00:00+08:00,2019-07-01T09:30:00+08:00
2019-06-30,FIX014,1.791852396,-0.4328198379,-0.4151949716,8810.578085,0.006604189523,-0.03513388594,2019-06-30T17:30:00+08:00,2019-06-30T18:00:00+08:00,2019-07-01T09:30:00+08:00
2019-06-30,FIX015,1.203365249,0.4236165123,1.059927683,24822.65181,0.06124854274,-0.03513388594,2019-06-30T17:30:00+08:00,2019-06-30T18:00:00+08:00,2019-07-01T09:30:00+08:00
2019-06-30,FIX016,2.134344922,-1.886887638,1.559946327,99367.5416,0.03508295434,-0.03513388594,2019-06-30T17:30:00+08:00,2019-06-30T18:00:00+08:00,2019-07-01T09:30:00+08:00
2019-06-30,FIX017,2.87584929,-0.9659142128,0.08194756651,24560.0055,0.009295969805,-0.03513388594,2019-06-30T17:30:00+08:00,2019-06-30T18:00:00+08:00,2019-07-01T09:30:00+08:00
2019-06-30,FIX018,1.114351665,-0.967327901,2.744929874,18516.01369,0.04648411967,-0.03513388594,2019-06-30T17:30:00+08:00,2019-06-30T18:00:00+08:00,2019-07-01T09:30:00+08:00
2019-06-30,FIX019,3.03674277,1.05522693,0.2860173709,63402.51931,-0.00422684963,-0.03513388594,2019-06-30T17:30:00+08:00,2019-06-30T18:00:00+08:00,2019-07-01T09:30:00+08:00
2019-06-30,FIX020,0.5598920141,-0.3020732528,1.443389124,10385.23378,0.02397071678,-0.03513388594,2019-06-30T17:30:00+08:00,2019-06-30T18:00:00+08:00,2019-07-01T09:30:00+08:00
2019-06-30,FIX021,3.119913382,-0.8894494681,0.4234784091,86270.26972,0.02728307859,-0.03513388594,2019-06-30T17:30:00+08:00,2019-06-30T18:00:00+08:00,2019-07-01T09:30:00+08:00
2019-06-30,FIX022,1.795952007,-1.62022275,2.671106223,22047.53172,0.0503131937,-0.03513388594,2019-06-30T17:30:00+08:00,2019-06-30T18:00:00+08:00,2019-07-01T09:30:00+08:00
2019-06-30,FIX023,1.905914467,-3.722239689,0.9692404984,13189.32023,0.003157426677,-0.03513388594,2019-06-30T17:30:00+08:00,2019-06-30T18:00:00+08:00,2019-07-01T09:30:00+08:00
2019-06-30,FIX024,1.454747619,-0.2986589067,1.319201473,2856.428639,0.01902480438,-0.03513388594,2019-06-30T17:30:00+08:00,2019-06-30T18:00:00+08:00,2019-07-01T09:30:00+08:00
2019-06-30,FIX025,1.893017531,-1.122179044,0.9371064925,27643.48424,-0.004230010666,-0.03513388594,2019-06-30T17:30:00+08:00,2019-06-30T18:00:00+08:00,2019-07-01T09:30:00+08:00
2019-06-30,FIX026,0.8882721806,-1.512922115,0.6772328982,18310.81316,-0.02900458119,-0.03513388594,2019-06-30T17:30:00+08:00,2019-06-30T18:00:00+08:00,2019-07-01T09:30:00+08:00
2019-06-30,FIX027,1.647828801,-1.820721363,1.257569515,51374.19645,0.03596650436,-0.03513388594,2019-06-30T17:30:00+08:00,2019-06-30T18:00:00+08:00,2019-07-01T09:30:00+08:00
2019-06-30,FIX028,1.040242496,1.34553163,-0.5193062887,12479.05746,0.01722599787,-0.03513388594,2019-06-30T17:30:00+08:00,2019-06-30T18:00:00+08:00,2019-07-01T09:30:00+08:00
2019-06-30,FIX029,-0.4948459705,1.0908504,1.447114523,50575.73227,-0.02080777994,-0.03513388594,2019-06-30T17:30:00+08:00,2019-06-30T18:00:00+08:00,2019-07-01T09:30:00+08:00
2019-06-30,FIX030,0.1637733397,-2.008234706,0.02200774571,14198.76507,-0.0009611204359,-0.03513388594,2019-06-30T17:30:00+08:00,2019-06-30T18:00:00+08:00,2019-07-01T09:30:00+08:00
2019-06-30,FIX031,1.191723916,-1.674476216,-0.07428836115,64821.27692,0.06473187207,-0.03513388594,2019-06-30T17:30:00+08:00,2019-06-30T18:00:00+08:00,2019-07-01T09:30:00+08:00
2019-06-30,FIX032,1.957118973,0.02963643626,0.460059426,9707.943033,-0.01876415086,-0.03513388594,2019-06-30T17:30:00+08:00,2019-06-30T18:00:00+08:00,2019-07-01T09:30:00+08:00
2019-06-30,FIX033,2.462671992,0.5836752288,0.435877965,14221.31,0.0436523198,-0.03513388594,2019-06-30T17:30:00+08:00,2019-06-30T18:00:00+08:00,2019-07-01T09:30:00+08:00
2019-06-30,FIX034,1.663811772,1.546284055,0.1150473342,12557.47646,-0.008137696251,-0.03513388594,2019-06-30T17:30:00+08:00,2019-06-30T18:00:00+08:00,2019-07-01T09:30:00+08:00
2019-06-30,FIX035,0.7863650543,-1.722979552,-0.4510353082,19508.14436,0.03647780707,-0.03513388594,2019-06-30T17:30:00+08:00,2019-06-30T18:00:00+08:00,2019-07-01T09:30:00+08:00
2019-06-30,FIX036,1.920053944,-0.3323105494,1.331634247,6805.695013,-0.01646248109,-0.03513388594,2019-06-30T17:30:00+08:00,2019-06-30T18:00:00+08:00,2019-07-01T09:30:00+08:00
2019-06-30,FIX037,0.8998756338,0.7394295646,0.6612965235,25728.54044,0.05162421457,-0.03513388594,2019-06-30T17:30:00+08:00,2019-06-30T18:00:00+08:00,2019-07-01T09:30:00+08:00
2019-06-30,FIX038,0.8187485549,-0.09215343665,-0.9617071252,13763.84105,-0.02948242088,-0.03513388594,2019-06-30T17:30:00+08:00,2019-06-30T18:00:00+08:00,2019-07-01T09:30:00+08:00
2019-06-30,FIX039,0.1880353852,-0.3610472971,1.114534869,25869.30108,0.02687150551,-0.03513388594,2019-06-30T17:30:00+08:00,2019-06-30T18:00:00+08:00,2019-07-01T09:30:00+08:00
2019-07-31,FIX000,1.380008264,-1.874744027,0.3510897397,68598.6078,-0.05344761016,0.01036335956,2019-07-31T17:30:00+08:00,2019-07-31T18:00:00+08:00,2019-08-01T09:30:00+08:00
2019-07-31,FIX001,2.221455096,-1.583644943,0.7656235386,27964.29937,0.04465978689,0.01036335956,2019-07-31T17:30:00+08:00,2019-07-31T18:00:00+08:00,2019-08-01T09:30:00+08:00
2019-07-31,FIX002,2.587979589,-0.00168019416,-0.498702831,31695.58081,0.06372526818,0.01036335956,2019-07-31T17:30:00+08:00,2019-07-31T18:00:00+08:00,2019-08-01T09:30:00+08:00
2019-07-31,FIX003,1.081433872,-1.922576074,0.6388267629,5293.676122,0.06470085937,0.01036335956,2019-07-31T17:30:00+08:00,2019-07-31T18:00:00+08:00,2019-08-01T09:30:00+08:00
2019-07-31,FIX004,0.7979490342,-1.766465831,1.837169041,7669.142075,0.04009275625,0.01036335956,2019-07-31T17:30:00+08:00,2019-07-31T18:00:00+08:00,2019-08-01T09:30:00+08:00
2019-07-31,FIX005,2.500447318,-1.616367968,0.9489922688,18104.83999,0.01641574522,0.01036335956,2019-07-31T17:30:00+08:00,2019-07-31T18:00:00+08:00,2019-08-01T09:30:00+08:00
2019-07-31,FIX006,0.78192575,-1.093754414,0.9571872806,70947.89209,0.05085453954,0.01036335956,2019-07-31T17:30:00+08:00,2019-07-31T18:00:00+08:00,2019-08-01T09:30:00+08:00
2019-07-31,FIX007,-1.293067122,0.3177104547,-0.05761183416,49111.1676,-0.03625486676,0.01036335956,2019-07-31T17:30:00+08:00,2019-07-31T18:00:00+08:00,2019-08-01T09:30:00+08:00
2019-07-31,FIX008,1.350786425,0.1908686548,0.2794770727,8381.728015,0.06244970163,0.01036335956,2019-07-31T17:30:00+08:00,2019-07-31T18:00:00+08:00,2019-08-01T09:30:00+08:00
2019-07-31,FIX009,2.188660823,-1.351814099,1.520378074,280960.0137,0.0285697608,0.01036335956,2019-07-31T17:30:00+08:00,2019-07-31T18:00:00+08:00,2019-08-01T09:30:00+08:00
2019-07-31,FIX010,2.769572352,-2.682372115,1.820761987,42800.81645,-0.04242666579,0.01036335956,2019-07-31T17:30:00+08:00,2019-07-31T18:00:00+08:00,2019-08-01T09:30:00+08:00
2019-07-31,FIX011,1.013929057,-3.125639394,-0.5271488557,18620.93733,0.01865287806,0.01036335956,2019-07-31T17:30:00+08:00,2019-07-31T18:00:00+08:00,2019-08-01T09:30:00+08:00
2019-07-31,FIX012,2.192236509,-0.7241152853,0.1551942702,46213.22878,-0.02795565343,0.01036335956,2019-07-31T17:30:00+08:00,2019-07-31T18:00:00+08:00,2019-08-01T09:30:00+08:00
2019-07-31,FIX013,0.5878796705,-1.330665178,0.1155708275,4418.267261,-0.01164619747,0.01036335956,2019-07-31T17:30:00+08:00,2019-07-31T18:00:00+08:00,2019-08-01T09:30:00+08:00
2019-07-31,FIX014,1.873918649,-0.8248948832,0.4758034759,42707.38847,-0.02811299625,0.01036335956,2019-07-31T17:30:00+08:00,2019-07-31T18:00:00+08:00,2019-08-01T09:30:00+08:00
2019-07-31,FIX015,2.557571352,-1.306123201,0.2201178052,33522.20558,-0.00172196092,0.01036335956,2019-07-31T17:30:00+08:00,2019-07-31T18:00:00+08:00,2019-08-01T09:30:00+08:00
2019-07-31,FIX016,1.438014669,-2.387079382,1.129966855,20635.48722,0.001201607313,0.01036335956,2019-07-31T17:30:00+08:00,2019-07-31T18:00:00+08:00,2019-08-01T09:30:00+08:00
2019-07-31,FIX017,1.450294281,-1.367950178,-0.8216787758,7363.852077,0.06662149629,0.01036335956,2019-07-31T17:30:00+08:00,2019-07-31T18:00:00+08:00,2019-08-01T09:30:00+08:00
2019-07-31,FIX018,1.012885151,-0.9462056878,1.412648991,7976.088562,-0.02124954598,0.01036335956,2019-07-31T17:30:00+08:00,2019-07-31T18:00:00+08:00,2019-08-01T09:30:00+08:00
2019-07-31,FIX019,2.049967147,0.7963056939,0.8430605632,9474.518854,0.01697546711,0.01036335956,2019-07-31T17:30:00+08:00,2019-07-31T18:00:00+08:00,2019-08-01T09:30:00+08:00
2019-07-31,FIX020,-0.345860606,-0.350648026,1.356298919,21063.88874,-0.01040173321,0.01036335956,2019-07-31T17:30:00+08:00,2019-07-31T18:00:00+08:00,2019-08-01T09:30:00+08:00
2019-07-31,FIX021,2.714444247,0.2586571424,1.709636553,24839.86877,0.04735213493,0.01036335956,2019-07-31T17:30:00+08:00,2019-07-31T18:00:00+08:00,2019-08-01T09:30:00+08:00
2019-07-31,FIX022,2.125650251,-1.678823512,2.292351358,19754.25437,-0.01436201383,0.01036335956,2019-07-31T17:30:00+08:00,2019-07-31T18:00:00+08:00,2019-08-01T09:30:00+08:00
2019-07-31,FIX023,2.656651037,-4.332945865,0.7511759174,29942.05122,-0.01896854433,0.01036335956,2019-07-31T17:30:00+08:00,2019-07-31T18:00:00+08:00,2019-08-01T09:30:00+08:00
2019-07-31,FIX024,1.455149614,0.2735861283,1.30803034,95528.66082,0.04943265381,0.01036335956,2019-07-31T17:30:00+08:00,2019-07-31T18:00:00+08:00,2019-08-01T09:30:00+08:00
2019-07-31,FIX025,1.53183819,-0.9892672616,0.5216477331,45212.76154,-0.02327427511,0.01036335956,2019-07-31T17:30:00+08:00,2019-07-31T18:00:00+08:00,2019-08-01T09:30:00+08:00
2019-07-31,FIX026,-0.1335938655,-2.219408233,0.8177028522,19847.39902,0.00243610645,0.01036335956,2019-07-31T17:30:00+08:00,2019-07-31T18:00:00+08:00,2019-08-01T09:30:00+08:00
2019-07-31,FIX027,1.164456026,-1.506961852,1.760260805,15524.39011,-0.002165852718,0.01036335956,2019-07-31T17:30:00+08:00,2019-07-31T18:00:00+08:00,2019-08-01T09:30:00+08:00
2019-07-31,FIX028,1.258666383,0.4580281254,-0.5685168222,31158.02791,-0.01288616515,0.01036335956,2019-07-31T17:30:00+08:00,2019-07-31T18:00:00+08:00,2019-08-01T09:30:00+08:00
2019-07-31,FIX029,-0.2863020388,0.1846665042,1.645081684,10188.63018,-0.0327947332,0.01036335956,2019-07-31T17:30:00+08:00,2019-07-31T18:00:00+08:00,2019-08-01T09:30:00+08:00
2019-07-31,FIX030,1.294318564,-1.986089878,-0.4460353258,217758.8224,-0.09300701995,0.01036335956,2019-07-31T17:30:00+08:00,2019-07-31T18:00:00+08:00,2019-08-01T09:30:00+08:00
2019-07-31,FIX031,1.364555934,-0.9957129359,-0.6946096883,13075.50756,-0.09491513582,0.01036335956,2019-07-31T17:30:00+08:00,2019-07-31T18:00:00+08:00,2019-08-01T09:30:00+08:00
2019-07-31,FIX032,3.160918082,0.6674099597,-0.009151939527,40107.8075,0.001157111202,0.01036335956,2019-07-31T17:30:00+08:00,2019-07-31T18:00:00+08:00,2019-08-01T09:30:00+08:00
2019-07-31,FIX033,2.713856727,-0.04881951237,0.7161367432,28256.27524,0.07633710878,0.01036335956,2019-07-31T17:30:00+08:00,2019-07-31T18:00:00+08:00,2019-08-01T09:30:00+08:00
2019-07-31,FIX034,1.582265637,1.714816716,-0.5768518211,22611.32245,0.03961876946,0.01036335956,2019-07-31T17:30:00+08:00,2019-07-31T18:00:00+08:00,2019-08-01T09:30:00+08:00
2019-07-31,FIX035,1.011814124,-1.131913576,0.1123451357,15019.05203,0.0117638202,0.01036335956,2019-07-31T17:30:00+08:00,2019-07-31T18:00:00+08:00,2019-08-01T09:30:00+08:00
2019-07-31,FIX036,2.663650966,-0.05475839289,0.3484698256,10039.09523,-0.04841563312,0.01036335956,2019-07-31T17:30:00+08:00,2019-07-31T18:00:00+08:00,2019-08-01T09:30:00+08:00
2019-07-31,FIX037,0.6523793337,0.8383116405,0.5904612688,33494.72333,0.02535217961,0.01036335956,2019-07-31T17:30:00+08:00,2019-07-31T18:00:00+08:00,2019-08-01T09:30:00+08:00
2019-07-31,FIX038,0.6475187224,-0.6671195818,-0.9045775389,5789.58884,0.02344553451,0.01036335956,2019-07-31T17:30:00+08:00,2019-07-31T18:00:00+08:00,2019-08-01T09:30:00+08:00
2019-07-31,FIX039,0.2546474937,-0.7041457534,1.204254308,18746.69602,0.00624860068,0.01036335956,2019-07-31T17:30:00+08:00,2019-07-31T18:00:00+08:00,2019-08-01T09:30:00+08:00
2019-08-31,FIX000,0.8301827224,-0.4699734257,0.1750610077,14707.09175,0.04293874053,-0.03647033158,2019-08-31T17:30:00+08:00,2019-08-31T18:00:00+08:00,2019-09-02T09:30:00+08:00
2019-08-31,FIX001,1.854695951,-1.039138397,1.299751068,7718.111127,0.04536307265,-0.03647033158,2019-08-31T17:30:00+08:00,2019-08-31T18:00:00+08:00,2019-09-02T09:30:00+08:00
2019-08-31,FIX002,1.980373311,-0.1658253773,-1.623414312,15564.10827,0.01961854474,-0.03647033158,2019-08-31T17:30:00+08:00,2019-08-31T18:00:00+08:00,2019-09-02T09:30:00+08:00
2019-08-31,FIX003,1.136945682,-2.497720461,0.9215870981,34497.61243,0.049003509,-0.03647033158,2019-08-31T17:30:00+08:00,2019-08-31T18:00:00+08:00,2019-09-02T09:30:00+08:00
2019-08-31,FIX004,1.834304014,-0.6469915647,1.401385008,6729.118236,0.01028302666,-0.03647033158,2019-08-31T17:30:00+08:00,2019-08-31T18:00:00+08:00,2019-09-02T09:30:00+08:00
2019-08-31,FIX005,2.518143573,-2.192694535,1.092284247,21649.75186,-0.01208753871,-0.03647033158,2019-08-31T17:30:00+08:00,2019-08-31T18:00:00+08:00,2019-09-02T09:30:00+08:00
2019-08-31,FIX006,0.5413109462,-1.546542217,-0.38856322,11206.9826,0.01370625944,-0.03647033158,2019-08-31T17:30:00+08:00,2019-08-31T18:00:00+08:00,2019-09-02T09:30:00+08:00
2019-08-31,FIX007,-0.9786064637,0.1266793016,0.06070989731,10504.72659,-0.02598123127,-0.03647033158,2019-08-31T17:30:00+08:00,2019-08-31T18:00:00+08:00,2019-09-02T09:30:00+08:00
2019-08-31,FIX008,2.081259434,-1.204806733,0.8325495427,44140.07414,-0.007333621788,-0.03647033158,2019-08-31T17:30:00+08:00,2019-08-31T18:00:00+08:00,2019-09-02T09:30:00+08:00
2019-08-31,FIX009,2.418400299,-2.817970948,1.673404556,308585.4385,-0.002999842,-0.03647033158,2019-08-31T17:30:00+08:00,2019-08-31T18:00:00+08:00,2019-09-02T09:30:00+08:00
2019-08-31,FIX010,2.657184566,-2.60697204,1.799349928,61007.27879,-0.01851043174,-0.03647033158,2019-08-31T17:30:00+08:00,2019-08-31T18:00:00+08:00,2019-09-02T09:30:00+08:00
2019-08-31,FIX011,1.209727898,-2.400019265,-0.1255756718,13485.70829,-0.05494284721,-0.03647033158,2019-08-31T17:30:00+08:00,2019-08-31T18:00:00+08:00,2019-09-02T09:30:00+08:00
2019-08-31,FIX012,1.247396527,-0.4051788044,0.9688564192,3739.083807,0.06559170738,-0.03647033158,2019-08-31T17:30:00+08:00,2019-08-31T18:00:00+08:00,2019-09-02T09:30:00+08:00
2019-08-31,FIX013,1.638273279,-2.351960236,0.2759273162,75674.71317,-0.007988977443,-0.03647033158,2019-08-31T17:30:00+08:00,2019-08-31T18:00:00+08:00,2019-09-02T09:30:00+08:00
2019-08-31,FIX014,1.189902318,-1.185313304,0.5020309897,83679.97009,0.0420750153,-0.03647033158,2019-08-31T17:30:00+08:00,2019-08-31T18:00:00+08:00,2019-09-02T09:30:00+08:00
2019-08-31,FIX015,2.015007018,-0.5347087718,0.3914001221,24511.96931,-0.01475088017,-0.03647033158,2019-08-31T17:30:00+08:00,2019-08-31T18:00:00+08:00,2019-09-02T09:30:00+08:00
2019-08-31,FIX016,1.000295799,-2.550477896,1.577943182,15872.80415,-0.04079084324,-0.03647033158,2019-08-31T17:30:00+08:00,2019-08-31T18:00:00+08:00,2019-09-02T09:30:00+08:00
2019-08-31,FIX017,1.964979341,-1.654013551,-0.7890284913,43950.57528,0.01900939836,-0.03647033158,2019-08-31T17:30:00+08:00,2019-08-31T18:00:00+08:00,2019-09-02T09:30:00+08:00
2019-08-31,FIX018,1.295220803,-1.850243023,0.9234557251,51563.11702,0.009403291494,-0.03647033158,2019-08-31T17:30:00+08:00,2019-08-31T18:00:00+08:00,2019-09-02T09:30:00+08:00
2019-08-31,FIX019,2.543025912,0.4098331237,0.7301118458,38056.24834,-0.01711172246,-0.03647033158,2019-08-31T17:30:00+08:00,2019-08-31T18:00:00+08:00,2019-09-02T09:30:00+08:00
2019-08-31,FIX020,0.4032783006,-0.2940005415,0.902188189,44726.0693,0.02633953836,-0.03647033158,2019-08-31T17:30:00+08:00,2019-08-31T18:00:00+08:00,2019-09-02T09:30:00+08:00
2019-08-31,FIX021,2.639901108,-0.03611909349,1.770069751,44059.01986,0.01017081133,-0.03647033158,2019-08-31T17:30:00+08:00,2019-08-31T18:00:00+08:00,2019-09-02T09:30:00+08:00
2019-08-31,FIX022,1.059299966,-1.6207277,1.378350599,9047.405652,-0.04352681432,-0.03647033158,2019-08-31T17:30:00+08:00,2019-08-31T18:00:00+08:00,2019-09-02T09:30:00+08:00
2019-08-31,FIX023,3.489989313,-4.967705178,1.413528782,36270.58131,0.01749820586,-0.03647033158,2019-08-31T17:30:00+08:00,2019-08-31T18:00:00+08:00,2019-09-02T09:30:00+08:00
2019-08-31,FIX024,1.011918728,0.8394661597,0.1949670323,62923.17673,0.002747675388,-0.03647033158,2019-08-31T17:30:00+08:00,2019-08-31T18:00:00+08:00,2019-09-02T09:30:00+08:00
2019-08-31,FIX025,1.624109687,-1.895718278,1.012646168,26683.66121,-0.006980382375,-0.03647033158,2019-08-31T17:30:00+08:00,2019-08-31T18:00:00+08:00,2019-09-02T09:30:00+08:00
2019-08-31,FIX026,0.3615682308,-2.016116506,0.3545544363,11304.72821,-0.0287110831,-0.03647033158,2019-08-31T17:30:00+08:00,2019-08-31T18:00:00+08:00,2019-09-02T09:30:00+08:00
2019-08-31,FIX027,0.4790593174,-1.213213188,1.414550272,39569.58126,-0.03978013211,-0.03647033158,2019-08-31T17:30:00+08:00,2019-08-31T18:00:00+08:00,2019-09-02T09:30:00+08:00
2019-08-31,FIX028,1.665615269,0.9517578657,-1.093638083,16958.63112,-0.03386413831,-0.03647033158,2019-08-31T17:30:00+08:00,2019-08-31T18:00:00+08:00,2019-09-02T09:30:00+08:00
2019-08-31,FIX029,0.06749632282,0.5366820147,1.083020931,16255.274,0.005100093306,-0.03647033158,2019-08-31T17:30:00+08:00,2019-08-31T18:00:00+08:00,2019-09-02T09:30:00+08:00
2019-08-31,FIX030,1.417034521,-2.325425165,0.5944473052,13186.32118,-0.01981710712,-0.03647033158,2019-08-31T17:30:00+08:00,2019-08-31T18:00:00+08:00,2019-09-02T09:30:00+08:00
2019-08-31,FIX031,1.812144792,-0.4641682913,-0.1325382764,28885.27018,0.0327808824,-0.03647033158,2019-08-31T17:30:00+08:00,2019-08-31T18:00:00+08:00,2019-09-02T09:30:00+08:00
2019-08-31,FIX032,2.950347342,1.429982537,0.5187658301,37627.99197,0.04312071208,-0.03647033158,2019-08-31T17:30:00+08:00,2019-08-31T18:00:00+08:00,2019-09-02T09:30:00+08:00
2019-08-31,FIX033,3.330469085,0.1740383655,0.4284919223,21729.78468,0.02987174419,-0.03647033158,2019-08-31T17:30:00+08:00,2019-08-31T18:00:00+08:00,2019-09-02T09:30:00+08:00
2019-08-31,FIX034,2.254222532,0.7911226771,-0.5519079733,12752.4313,-0.01551747359,-0.03647033158,2019-08-31T17:30:00+08:00,2019-08-31T18:00:00+08:00,2019-09-02T09:30:00+08:00
2019-08-31,FIX035,0.5591365358,-0.6160256245,0.9346818724,6892.793602,-0.07057386766,-0.03647033158,2019-08-31T17:30:00+08:00,2019-08-31T18:00:00+08:00,2019-09-02T09:30:00+08:00
2019-08-31,FIX036,3.272756131,-0.6764996394,-0.9008319099,15524.77662,0.003052680605,-0.03647033158,2019-08-31T17:30:00+08:00,2019-08-31T18:00:00+08:00,2019-09-02T09:30:00+08:00
2019-08-31,FIX037,0.7135544967,-0.5927853416,1.323019736,37546.06639,-0.05439433921,-0.03647033158,2019-08-31T17:30:00+08:00,2019-08-31T18:00:00+08:00,2019-09-02T09:30:00+08:00
2019-08-31,FIX038,1.674738498,-1.385900117,-1.282138243,14961.07665,0.1052500881,-0.03647033158,2019-08-31T17:30:00+08:00,2019-08-31T18:00:00+08:00,2019-09-02T09:30:00+08:00
2019-08-31,FIX039,0.6903908117,-1.104300216,0.8752339499,28967.94577,-0.0355855064,-0.03647033158,2019-08-31T17:30:00+08:00,2019-08-31T18:00:00+08:00,2019-09-02T09:30:00+08:00
2019-09-30,FIX000,0.8763617973,-0.9447144465,0.4574139753,38799.33277,0.03355570089,0.02879010769,2019-09-30T17:30:00+08:00,2019-09-30T18:00:00+08:00,2019-10-01T09:30:00+08:00
2019-09-30,FIX001,1.956349687,-0.5271678669,1.23653118,57487.55785,-0.009688933562,0.02879010769,2019-09-30T17:30:00+08:00,2019-09-30T18:00:00+08:00,2019-10-01T09:30:00+08:00
2019-09-30,FIX002,3.168187599,-0.2446987406,-1.500556875,60164.69375,-0.02265824658,0.02879010769,2019-09-30T17:30:00+08:00,2019-09-30T18:00:00+08:00,2019-10-01T09:30:00+08:00
2019-09-30,FIX003,1.310254869,-1.511119117,-0.9859453369,11437.19696,-0.05389602863,0.02879010769,2019-09-30T17:30:00+08:00,2019-09-30T18:00:00+08:00,2019-10-01T09:30:00+08:00
2019-09-30,FIX004,2.747264418,-1.25357952,1.226570475,69104.89185,0.01775819163,0.02879010769,2019-09-30T17:30:00+08:00,2019-09-30T18:00:00+08:00,2019-10-01T09:30:00+08:00
2019-09-30,FIX005,2.211795677,-1.512712182,0.3244325767,3778.417924,0.07530985047,0.02879010769,2019-09-30T17:30:00+08:00,2019-09-30T18:00:00+08:00,2019-10-01T09:30:00+08:00
2019-09-30,FIX006,1.130049681,-1.704471409,-0.3640574753,12076.73395,-0.008163762963,0.02879010769,2019-09-30T17:30:00+08:00,2019-09-30T18:00:00+08:00,2019-10-01T09:30:00+08:00
2019-09-30,FIX007,-0.5706197365,-1.21575366,0.425003405,21289.34524,-0.0005182254593,0.02879010769,2019-09-30T17:30:00+08:00,2019-09-30T18:00:00+08:00,2019-10-01T09:30:00+08:00
2019-09-30,FIX008,1.975126957,-1.106322131,-0.272792949,18947.60093,-0.05764973655,0.02879010769,2019-09-30T17:30:00+08:00,2019-09-30T18:00:00+08:00,2019-10-01T09:30:00+08:00
2019-09-30,FIX009,1.134227488,-1.96321835,0.935802905,8260.042606,0.05780341638,0.02879010769,2019-09-30T17:30:00+08:00,2019-09-30T18:00:00+08:00,2019-10-01T09:30:00+08:00
2019-09-30,FIX010,2.678727063,-2.106165447,1.731905567,17607.76216,-0.004015533838,0.02879010769,2019-09-30T17:30:00+08:00,2019-09-30T18:00:00+08:00,2019-10-01T09:30:00+08:00
2019-09-30,FIX011,1.481323831,-2.420391727,0.897051386,7658.268285,-0.006312046613,0.02879010769,2019-09-30T17:30:00+08:00,2019-09-30T18:00:00+08:00,2019-10-01T09:30:00+08:00
2019-09-30,FIX012,1.280303631,-1.18152695,0.6853294406,13520.18259,-0.04750234538,0.02879010769,2019-09-30T17:30:00+08:00,2019-09-30T18:00:00+08:00,2019-10-01T09:30:00+08:00
2019-09-30,FIX013,1.629522393,-2.279885591,-0.3809150312,34874.09673,0.02067349088,0.02879010769,2019-09-30T17:30:00+08:00,2019-09-30T18:00:00+08:00,2019-10-01T09:30:00+08:00
2019-09-30,FIX014,-0.1710074013,-1.94327981,0.9611073772,10112.53625,-0.0199994696,0.02879010769,2019-09-30T17:30:00+08:00,2019-09-30T18:00:00+08:00,2019-10-01T09:30:00+08:00
2019-09-30,FIX015,1.361438485,-0.5957225365,-0.3328318575,8930.147998,0.02968404314,0.02879010769,2019-09-30T17:30:00+08:00,2019-09-30T18:00:00+08:00,2019-10-01T09:30:00+08:00
2019-09-30,FIX016,1.776271422,-3.360258564,0.9721439392,50086.54206,-0.1118248681,0.02879010769,2019-09-30T17:30:00+08:00,2019-09-30T18:00:00+08:00,2019-10-01T09:30:00+08:00
2019-09-30,FIX017,2.413583954,-1.903514431,-1.615060309,22482.33636,0.009276388151,0.02879010769,2019-09-30T17:30:00+08:00,2019-09-30T18:00:00+08:00,2019-10-01T09:30:00+08:00
2019-09-30,FIX018,1.298159477,-2.290069924,1.262899581,15441.36079,-0.07596585304,0.02879010769,2019-09-30T17:30:00+08:00,2019-09-30T18:00:00+08:00,2019-10-01T09:30:00+08:00
2019-09-30,FIX019,3.197617732,0.5749345277,0.1765694004,30214.78124,0.03415911203,0.02879010769,2019-09-30T17:30:00+08:00,2019-09-30T18:00:00+08:00,2019-10-01T09:30:00+08:00
2019-09-30,FIX020,-0.008933738615,-0.0917745264,0.6404319564,8932.701456,-0.01999199928,0.02879010769,2019-09-30T17:30:00+08:00,2019-09-30T18:00:00+08:00,2019-10-01T09:30:00+08:00
2019-09-30,FIX021,2.476640307,0.1376868577,0.1175150422,12623.79133,0.02613286778,0.02879010769,2019-09-30T17:30:00+08:00,2019-09-30T18:00:00+08:00,2019-10-01T09:30:00+08:00
2019-09-30,FIX022,0.3825416635,-1.293921593,1.641874452,7391.283361,-0.0002989208834,0.02879010769,2019-09-30T17:30:00+08:00,2019-09-30T18:00:00+08:00,2019-10-01T09:30:00+08:00
2019-09-30,FIX023,3.90844634,-4.937999942,1.391298582,44633.36657,0.082755498,0.02879010769,2019-09-30T17:30:00+08:00,2019-09-30T18:00:00+08:00,2019-10-01T09:30:00+08:00
2019-09-30,FIX024,0.845031034,1.353909272,-0.7272009367,11993.49333,0.02332278852,0.02879010769,2019-09-30T17:30:00+08:00,2019-09-30T18:00:00+08:00,2019-10-01T09:30:00+08:00
2019-09-30,FIX025,1.448776778,-1.736125477,0.5872252923,49590.04037,-0.06834896195,0.02879010769,2019-09-30T17:30:00+08:00,2019-09-30T18:00:00+08:00,2019-10-01T09:30:00+08:00
2019-09-30,FIX026,0.803810894,-1.664550789,0.4877660569,4158.779664,0.01625042331,0.02879010769,2019-09-30T17:30:00+08:00,2019-09-30T18:00:00+08:00,2019-10-01T09:30:00+08:00
2019-09-30,FIX027,0.7223951678,-0.9875853086,0.5370067104,23415.98629,-0.06865832497,0.02879010769,2019-09-30T17:30:00+08:00,2019-09-30T18:00:00+08:00,2019-10-01T09:30:00+08:00
2019-09-30,FIX028,0.9290499023,-0.301569067,-0.7972000934,6449.440387,-0.06385600383,0.02879010769,2019-09-30T17:30:00+08:00,2019-09-30T18:00:00+08:00,2019-10-01T09:30:00+08:00
2019-09-30,FIX029,0.9911170328,1.248885242,1.049456445,23910.52226,0.01690012563,0.02879010769,2019-09-30T17:30:00+08:00,2019-09-30T18:00:00+08:00,2019-10-01T09:30:00+08:00
2019-09-30,FIX030,0.2393261424,-2.752138539,0.3710689657,5633.881763,-0.005912808185,0.02879010769,2019-09-30T17:30:00+08:00,2019-09-30T18:00:00+08:00,2019-10-01T09:30:00+08:00
2019-09-30,FIX031,1.643037659,0.2972216237,-0.5462268733,8805.498632,0.02074780568,0.02879010769,2019-09-30T17:30:00+08:00,2019-09-30T18:00:00+08:00,2019-10-01T09:30:00+08:00
2019-09-30,FIX032,3.106768817,0.3456930419,1.033311907,32911.63476,-0.01686679309,0.02879010769,2019-09-30T17:30:00+08:00,2019-09-30T18:00:00+08:00,2019-10-01T09:30:00+08:00
2019-09-30,FIX033,2.199579176,0.07826287585,1.712046017,14661.07709,0.0155306936,0.02879010769,2019-09-30T17:30:00+08:00,2019-09-30T18:00:00+08:00,2019-10-01T09:30:00+08:00
2019-09-30,FIX034,2.558500186,1.461143079,-0.5886495981,4371.092924,-0.03091522385,0.02879010769,2019-09-30T17:30:00+08:00,2019-09-30T18:00:00+08:00,2019-10-01T09:30:00+08:00
2019-09-30,FIX035,0.8283829253,-0.2867938056,1.696431734,4621.470651,0.01673164135,0.02879010769,2019-09-30T17:30:00+08:00,2019-09-30T18:00:00+08:00,2019-10-01T09:30:00+08:00
2019-09-30,FIX036,2.583836878,-1.102842249,-0.4719588051,9294.208866,-0.05973187778,0.02879010769,2019-09-30T17:30:00+08:00,2019-09-30T18:00:00+08:00,2019-10-01T09:30:00+08:00
2019-09-30,FIX037,1.08545398,-0.3119301156,0.397624669,11534.5258,0.007786024699,0.02879010769,2019-09-30T17:30:00+08:00,2019-09-30T18:00:00+08:00,2019-10-01T09:30:00+08:00
2019-09-30,FIX038,1.539388526,-0.8673909306,-1.149179273,30250.61656,-0.03868775656,0.02879010769,2019-09-30T17:30:00+08:00,2019-09-30T18:00:00+08:00,2019-10-01T09:30:00+08:00
2019-09-30,FIX039,1.285027823,-0.3488509355,1.382435796,9839.30672,-0.01655933725,0.02879010769,2019-09-30T17:30:00+08:00,2019-09-30T18:00:00+08:00,2019-10-01T09:30:00+08:00
2019-10-31,FIX000,0.8471989216,-0.7974708712,1.0200699,3742.698989,-0.06173278482,0.00278086611,2019-10-31T17:30:00+08:00,2019-10-31T18:00:00+08:00,2019-11-01T09:30:00+08:00
2019-10-31,FIX001,0.6767355514,-1.022726072,1.332746292,59300.03295,-0.03199683125,0.00278086611,2019-10-31T17:30:00+08:00,2019-10-31T18:00:00+08:00,2019-11-01T09:30:00+08:00
2019-10-31,FIX002,3.090203979,-0.573104838,-0.9630879541,46008.418,0.01109375391,0.00278086611,2019-10-31T17:30:00+08:00,2019-10-31T18:00:00+08:00,2019-11-01T09:30:00+08:00
2019-10-31,FIX003,1.749032915,-0.7332405778,-0.3586539097,7396.36191,-0.05576607069,0.00278086611,2019-10-31T17:30:00+08:00,2019-10-31T18:00:00+08:00,2019-11-01T09:30:00+08:00
2019-10-31,FIX004,1.957682115,-1.380429134,1.34267701,16318.07507,-0.003909554425,0.00278086611,2019-10-31T17:30:00+08:00,2019-10-31T18:00:00+08:00,2019-11-01T09:30:00+08:00
2019-10-31,FIX005,2.632793842,-2.016465734,-0.06054577841,6334.202556,-0.04007119523,0.00278086611,2019-10-31T17:30:00+08:00,2019-10-31T18:00:00+08:00,2019-11-01T09:30:00+08:00
2019-10-31,FIX006,0.9073526839,-0.1468537161,-0.4307776378,70947.04073,-0.009019816723,0.00278086611,2019-10-31T17:30:00+08:00,2019-10-31T18:00:00+08:00,2019-11-01T09:30:00+08:00
2019-10-31,FIX007,-0.7161131846,-2.079576241,0.05558086955,29397.83954,-0.04908549244,0.00278086611,2019-10-31T17:30:00+08:00,2019-10-31T18:00:00+08:00,2019-11-01T09:30:00+08:00
2019-10-31,FIX008,2.162690363,-1.454765189,0.4065913138,9190.279943,-0.02374595852,0.00278086611,2019-10-31T17:30:00+08:00,2019-10-31T18:00:00+08:00,2019-11-01T09:30:00+08:00
2019-10-31,FIX009,0.9012360856,-1.852714436,0.7357051095,17658.88816,-0.001401496452,0.00278086611,2019-10-31T17:30:00+08:00,2019-10-31T18:00:00+08:00,2019-11-01T09:30:00+08:00
2019-10-31,FIX010,2.399449521,-2.083111112,2.861609762,78048.99016,-0.0288297781,0.00278086611,2019-10-31T17:30:00+08:00,2019-10-31T18:00:00+08:00,2019-11-01T09:30:00+08:00
2019-10-31,FIX011,1.437722499,-1.116696324,1.360310814,13878.86762,-0.00137952133,0.00278086611,2019-10-31T17:30:00+08:00,2019-10-31T18:00:00+08:00,2019-11-01T09:30:00+08:00
2019-10-31,FIX012,2.134838821,-0.6705187153,-0.3711769654,29349.23659,0.04576158949,0.00278086611,2019-10-31T17:30:00+08:00,2019-10-31T18:00:00+08:00,2019-11-01T09:30:00+08:00
2019-10-31,FIX013,1.341107849,-2.449647933,-0.5036633578,12573.37243,-0.03327223438,0.00278086611,2019-10-31T17:30:00+08:00,2019-10-31T18:00:00+08:00,2019-11-01T09:30:00+08:00
2019-10-31,FIX014,-0.08709976534,-2.983662024,1.148810605,13020.34558,-0.03446457665,0.00278086611,2019-10-31T17:30:00+08:00,2019-10-31T18:00:00+08:00,2019-11-01T09:30:00+08:00
2019-10-31,FIX015,1.130299301,-0.8673613537,1.097778149,6439.100967,-0.02161566783,0.00278086611,2019-10-31T17:30:00+08:00,2019-10-31T18:00:00+08:00,2019-11-01T09:30:00+08:00
2019-10-31,FIX016,2.131592585,-2.577293278,0.9360640074,41557.36083,0.000922631698,0.00278086611,2019-10-31T17:30:00+08:00,2019-10-31T18:00:00+08:00,2019-11-01T09:30:00+08:00
2019-10-31,FIX017,2.0505192,-1.499096283,-2.049443962,126471.801,0.01088828454,0.00278086611,2019-10-31T17:30:00+08:00,2019-10-31T18:00:00+08:00,2019-11-01T09:30:00+08:00
2019-10-31,FIX018,2.70819845,-3.604173657,1.173996091,51620.21023,-0.005524452883,0.00278086611,2019-10-31T17:30:00+08:00,2019-10-31T18:00:00+08:00,2019-11-01T09:30:00+08:00
2019-10-31,FIX019,1.468780668,0.2754205143,-0.1460095625,37000.18155,0.02439816375,0.00278086611,2019-10-31T17:30:00+08:00,2019-10-31T18:00:00+08:00,2019-11-01T09:30:00+08:00
2019-10-31,FIX020,1.110477181,0.2917507537,0.6502372766,11389.18283,-0.002486548182,0.00278086611,2019-10-31T17:30:00+08:00,2019-10-31T18:00:00+08:00,2019-11-01T09:30:00+08:00
2019-10-31,FIX021,2.571331207,0.1244147686,0.8795017963,77883.96937,0.0329015186,0.00278086611,2019-10-31T17:30:00+08:00,2019-10-31T18:00:00+08:00,2019-11-01T09:30:00+08:00
2019-10-31,FIX022,1.073845168,-2.173787354,1.376559136,39355.00583,-0.002009485051,0.00278086611,2019-10-31T17:30:00+08:00,2019-10-31T18:00:00+08:00,2019-11-01T09:30:00+08:00
2019-10-31,FIX023,2.645187704,-3.91696142,-0.479721907,3221.437905,0.02323510728,0.00278086611,2019-10-31T17:30:00+08:00,2019-10-31T18:00:00+08:00,2019-11-01T09:30:00+08:00
2019-10-31,FIX024,-0.3040870746,0.7080415301,-1.137614511,6366.144694,0.02709094749,0.00278086611,2019-10-31T17:30:00+08:00,2019-10-31T18:00:00+08:00,2019-11-01T09:30:00+08:00
2019-10-31,FIX025,1.218807933,-1.61517494,0.9006601131,31453.08653,0.05303056953,0.00278086611,2019-10-31T17:30:00+08:00,2019-10-31T18:00:00+08:00,2019-11-01T09:30:00+08:00
2019-10-31,FIX026,1.955235835,-1.469316843,0.3345419442,22625.05511,0.05417187828,0.00278086611,2019-10-31T17:30:00+08:00,2019-10-31T18:00:00+08:00,2019-11-01T09:30:00+08:00
2019-10-31,FIX027,0.4075639962,-0.9432770882,-0.3517894591,3689.013537,-0.002951649556,0.00278086611,2019-10-31T17:30:00+08:00,2019-10-31T18:00:00+08:00,2019-11-01T09:30:00+08:00
2019-10-31,FIX028,1.588875444,-1.045715051,-1.058430006,72698.00101,-0.005973524912,0.00278086611,2019-10-31T17:30:00+08:00,2019-10-31T18:00:00+08:00,2019-11-01T09:30:00+08:00
2019-10-31,FIX029,1.158681244,-0.1519679937,1.005360881,13344.19076,0.01346122222,0.00278086611,2019-10-31T17:30:00+08:00,2019-10-31T18:00:00+08:00,2019-11-01T09:30:00+08:00
2019-10-31,FIX030,0.5389461867,-3.768069422,0.855424771,60039.27336,-0.03201110655,0.00278086611,2019-10-31T17:30:00+08:00,2019-10-31T18:00:00+08:00,2019-11-01T09:30:00+08:00
2019-10-31,FIX031,1.750597825,0.7854044813,-0.6280145457,20592.16562,-0.008928492127,0.00278086611,2019-10-31T17:30:00+08:00,2019-10-31T18:00:00+08:00,2019-11-01T09:30:00+08:00
2019-10-31,FIX032,3.61487434,0.7618921163,1.041956871,8784.939393,0.00232091848,0.00278086611,2019-10-31T17:30:00+08:00,2019-10-31T18:00:00+08:00,2019-11-01T09:30:00+08:00
2019-10-31,FIX033,2.715804916,0.350585133,1.337646843,8345.716184,0.07291676887,0.00278086611,2019-10-31T17:30:00+08:00,2019-10-31T18:00:00+08:00,2019-11-01T09:30:00+08:00
2019-10-31,FIX034,2.656396028,0.5429706988,-0.1367246438,33184.78505,0.0003885182687,0.00278086611,2019-10-31T17:30:00+08:00,2019-10-31T18:00:00+08:00,2019-11-01T09:30:00+08:00
2019-10-31,FIX035,1.225135952,-0.3378454987,1.339450441,15483.88758,0.03017736297,0.00278086611,2019-10-31T17:30:00+08:00,2019-10-31T18:00:00+08:00,2019-11-01T09:30:00+08:00
2019-10-31,FIX036,2.840334384,-1.623369749,-0.4931156056,56882.47415,0.008324803317,0.00278086611,2019-10-31T17:30:00+08:00,2019-10-31T18:00:00+08:00,2019-11-01T09:30:00+08:00
2019-10-31,FIX037,1.190175978,-0.9679755471,0.4233080759,18833.38888,0.0262517283,0.00278086611,2019-10-31T17:30:00+08:00,2019-10-31T18:00:00+08:00,2019-11-01T09:30:00+08:00
2019-10-31,FIX038,1.222605863,-0.7570180097,-1.848297387,25076.84233,-0.03147162939,0.00278086611,2019-10-31T17:30:00+08:00,2019-10-31T18:00:00+08:00,2019-11-01T09:30:00+08:00
2019-10-31,FIX039,1.510662468,-0.4136020187,1.480462111,45697.98998,-0.000190681636,0.00278086611,2019-10-31T17:30:00+08:00,2019-10-31T18:00:00+08:00,2019-11-01T09:30:00+08:00
2019-11-30,FIX000,1.211371058,-0.701175161,1.573918989,14384.34742,-0.03924637377,0.02551180424,2019-11-30T17:30:00+08:00,2019-11-30T18:00:00+08:00,2019-12-02T09:30:00+08:00
2019-11-30,FIX001,0.2460183674,-1.125174253,1.075342719,19581.66221,-0.04586803551,0.02551180424,2019-11-30T17:30:00+08:00,2019-11-30T18:00:00+08:00,2019-12-02T09:30:00+08:00
2019-11-30,FIX002,3.085252929,-0.2319162197,-0.4476022859,64491.60816,-0.003710677144,0.02551180424,2019-11-30T17:30:00+08:00,2019-11-30T18:00:00+08:00,2019-12-02T09:30:00+08:00
2019-11-30,FIX003,1.889338937,-1.278819537,-0.4800993221,120184.406,0.05063167712,0.02551180424,2019-11-30T17:30:00+08:00,2019-11-30T18:00:00+08:00,2019-12-02T09:30:00+08:00
2019-11-30,FIX004,2.461144283,-0.3193786297,1.501902485,4825.695505,0.0251277441,0.02551180424,2019-11-30T17:30:00+08:00,2019-11-30T18:00:00+08:00,2019-12-02T09:30:00+08:00
2019-11-30,FIX005,2.887823455,-2.267140699,0.5765121237,18363.13822,0.06699521911,0.02551180424,2019-11-30T17:30:00+08:00,2019-11-30T18:00:00+08:00,2019-12-02T09:30:00+08:00
2019-11-30,FIX006,2.015661815,-0.5419719107,0.2600998335,54154.11888,0.02019955789,0.02551180424,2019-11-30T17:30:00+08:00,2019-11-30T18:00:00+08:00,2019-12-02T09:30:00+08:00
2019-11-30,FIX007,-0.2672349788,-1.413633502,0.06406143409,66710.88163,-0.0232425848,0.02551180424,2019-11-30T17:30:00+08:00,2019-11-30T18:00:00+08:00,2019-12-02T09:30:00+08:00
2019-11-30,FIX008,1.98754505,-2.151383482,0.5735851204,29963.84414,0.01427652252,0.02551180424,2019-11-30T17:30:00+08:00,2019-11-30T18:00:00+08:00,2019-12-02T09:30:00+08:00
2019-11-30,FIX009,0.3499232325,-0.6185704174,0.3301497634,16446.36008,0.02260413791,0.02551180424,2019-11-30T17:30:00+08:00,2019-11-30T18:00:00+08:00,2019-12-02T09:30:00+08:00
2019-11-30,FIX010,0.7801794122,-2.209168395,2.162044888,7634.9226,-0.02257298328,0.02551180424,2019-11-30T17:30:00+08:00,2019-11-30T18:00:00+08:00,2019-12-02T09:30:00+08:00
2019-11-30,FIX011,2.178273503,-2.106038097,0.9376786292,171283.5874,-0.04917983366,0.02551180424,2019-11-30T17:30:00+08:00,2019-11-30T18:00:00+08:00,2019-12-02T09:30:00+08:00
2019-11-30,FIX012,2.367488607,-0.2670844591,-0.08035484183,3414.87689,0.003127019606,0.02551180424,2019-11-30T17:30:00+08:00,2019-11-30T18:00:00+08:00,2019-12-02T09:30:00+08:00
2019-11-30,FIX013,1.178014495,-3.729016631,-0.8084448353,16632.11429,0.04891571787,0.02551180424,2019-11-30T17:30:00+08:00,2019-11-30T18:00:00+08:00,2019-12-02T09:30:00+08:00
2019-11-30,FIX014,-0.1520730322,-1.949796552,0.3317804711,58337.40188,-0.00943543464,0.02551180424,2019-11-30T17:30:00+08:00,2019-11-30T18:00:00+08:00,2019-12-02T09:30:00+08:00
2019-11-30,FIX015,1.464801612,-1.329820924,0.603949361,16179.00816,-0.02616990765,0.02551180424,2019-11-30T17:30:00+08:00,2019-11-30T18:00:00+08:00,2019-12-02T09:30:00+08:00
2019-11-30,FIX016,2.901228447,-2.266593524,1.533587496,50728.36551,0.02216016972,0.02551180424,2019-11-30T17:30:00+08:00,2019-11-30T18:00:00+08:00,2019-12-02T09:30:00+08:00
2019-11-30,FIX017,1.388463595,-1.871901573,-2.263850227,27274.53448,0.02557526698,0.02551180424,2019-11-30T17:30:00+08:00,2019-11-30T18:00:00+08:00,2019-12-02T09:30:00+08:00
2019-11-30,FIX018,2.133183178,-3.531574088,-0.4870114134,9765.759342,-0.02499910302,0.02551180424,2019-11-30T17:30:00+08:00,2019-11-30T18:00:00+08:00,2019-12-02T09:30:00+08:00
2019-11-30,FIX019,0.6813938003,0.4350071614,-0.1243326837,9757.626291,0.03070166592,0.02551180424,2019-11-30T17:30:00+08:00,2019-11-30T18:00:00+08:00,2019-12-02T09:30:00+08:00
2019-11-30,FIX020,1.796182927,0.02501822472,0.6166037297,11243.166,0.0280061946,0.02551180424,2019-11-30T17:30:00+08:00,2019-11-30T18:00:00+08:00,2019-12-02T09:30:00+08:00
2019-11-30,FIX021,1.797673616,0.2039914447,1.004349929,29522.79115,0.04871224313,0.02551180424,2019-11-30T17:30:00+08:00,2019-11-30T18:00:00+08:00,2019-12-02T09:30:00+08:00
2019-11-30,FIX022,-0.07363389025,-1.163462767,1.032451285,66190.26647,-0.07286669888,0.02551180424,2019-11-30T17:30:00+08:00,2019-11-30T18:00:00+08:00,2019-12-02T09:30:00+08:00
2019-11-30,FIX023,2.174808285,-3.134223012,-0.6967983475,42409.23715,-0.004557432895,0.02551180424,2019-11-30T17:30:00+08:00,2019-11-30T18:00:00+08:00,2019-12-02T09:30:00+08:00
2019-11-30,FIX024,0.2920974292,0.276366951,-1.261409326,52086.01917,-0.01513936155,0.02551180424,2019-11-30T17:30:00+08:00,2019-11-30T18:00:00+08:00,2019-12-02T09:30:00+08:00
2019-11-30,FIX025,0.936240734,-1.431823323,0.1351723998,4607.664253,-0.03309537174,0.02551180424,2019-11-30T17:30:00+08:00,2019-11-30T18:00:00+08:00,2019-12-02T09:30:00+08:00
2019-11-30,FIX026,1.381442088,-0.007941672642,1.937019999,31424.85405,-0.009827111807,0.02551180424,2019-11-30T17:30:00+08:00,2019-11-30T18:00:00+08:00,2019-12-02T09:30:00+08:00
2019-11-30,FIX027,1.075033017,-0.8966366027,-0.9887863604,32824.48314,0.0001524649044,0.02551180424,2019-11-30T17:30:00+08:00,2019-11-30T18:00:00+08:00,2019-12-02T09:30:00+08:00
2019-11-30,FIX028,0.3748703059,-1.703846693,0.2228755703,35549.1383,-0.06620991655,0.02551180424,2019-11-30T17:30:00+08:00,2019-11-30T18:00:00+08:00,2019-12-02T09:30:00+08:00
2019-11-30,FIX029,1.545180924,-0.8773849064,2.112469285,12742.76663,-0.06373867583,0.02551180424,2019-11-30T17:30:00+08:00,2019-11-30T18:00:00+08:00,2019-12-02T09:30:00+08:00
2019-11-30,FIX030,0.6104013481,-3.951600233,0.6825894816,6493.070667,0.03015323668,0.02551180424,2019-11-30T17:30:00+08:00,2019-11-30T18:00:00+08:00,2019-12-02T09:30:00+08:00
2019-11-30,FIX031,1.545600113,1.307175051,-0.2385845413,26006.8052,-0.0004168951469,0.02551180424,2019-11-30T17:30:00+08:00,2019-11-30T18:00:00+08:00,2019-12-02T09:30:00+08:00
2019-11-30,FIX032,4.194639287,0.01935426942,1.432698406,33761.08959,0.001576604167,0.02551180424,2019-11-30T17:30:00+08:00,2019-11-30T18:00:00+08:00,2019-12-02T09:30:00+08:00
2019-11-30,FIX033,3.296641715,-0.114858802,1.416596022,18226.13552,-0.003350442422,0.02551180424,2019-11-30T17:30:00+08:00,2019-11-30T18:00:00+08:00,2019-12-02T09:30:00+08:00
2019-11-30,FIX034,2.634346936,0.7851133374,-0.6237656505,25171.59064,0.01139689175,0.02551180424,2019-11-30T17:30:00+08:00,2019-11-30T18:00:00+08:00,2019-12-02T09:30:00+08:00
2019-11-30,FIX035,1.285845408,-0.5892464243,1.415331116,9939.955312,-0.05549231298,0.02551180424,2019-11-30T17:30:00+08:00,2019-11-30T18:00:00+08:00,2019-12-02T09:30:00+08:00
2019-11-30,FIX036,2.406271282,-0.5981140143,-0.8125476629,21603.93133,0.04686067047,0.02551180424,2019-11-30T17:30:00+08:00,2019-11-30T18:00:00+08:00,2019-12-02T09:30:00+08:00
2019-11-30,FIX037,1.39145058,-1.385457153,0.3057946314,20949.48185,0.0822634521,0.02551180424,2019-11-30T17:30:00+08:00,2019-11-30T18:00:00+08:00,2019-12-02T09:30:00+08:00
2019-11-30,FIX038,1.229548048,-0.6891707319,-2.083753845,15621.6886,0.01704180755,0.02551180424,2019-11-30T17:30:00+08:00,2019-11-30T18:00:00+08:00,2019-12-02T09:30:00+08:00
2019-11-30,FIX039,1.672209178,-0.7496283411,0.7128978621,5622.645563,0.02056327534,0.02551180424,2019-11-30T17:30:00+08:00,2019-11-30T18:00:00+08:00,2019-12-02T09:30:00+08:00
2019-12-31,FIX000,0.9030816721,-0.8889555608,1.162070347,5223.918084,-0.06784791811,0.04165057323,2019-12-31T17:30:00+08:00,2019-12-31T18:00:00+08:00,2020-01-01T09:30:00+08:00
2019-12-31,FIX001,0.3658059204,-1.68419476,1.20773867,63644.06194,-0.0362721963,0.04165057323,2019-12-31T17:30:00+08:00,2019-12-31T18:00:00+08:00,2020-01-01T09:30:00+08:00
2019-12-31,FIX002,2.62259583,0.2346394398,0.1384496485,42686.0785,0.0174928489,0.04165057323,2019-12-31T17:30:00+08:00,2019-12-31T18:00:00+08:00,2020-01-01T09:30:00+08:00
2019-12-31,FIX003,0.8439050384,-0.7595716811,0.04294919004,21475.47037,0.02346094928,0.04165057323,2019-12-31T17:30:00+08:00,2019-12-31T18:00:00+08:00,2020-01-01T09:30:00+08:00
2019-12-31,FIX004,2.23337584,-0.2639495424,1.046863486,5878.818842,0.02066681494,0.04165057323,2019-12-31T17:30:00+08:00,2019-12-31T18:00:00+08:00,2020-01-01T09:30:00+08:00
2019-12-31,FIX005,3.186932649,-1.718462127,0.2569242887,23493.28611,-0.005159760846,0.04165057323,2019-12-31T17:30:00+08:00,2019-12-31T18:00:00+08:00,2020-01-01T09:30:00+08:00
2019-12-31,FIX006,1.248285,-0.3538172338,0.3379142305,19329.51455,-0.02543678155,0.04165057323,2019-12-31T17:30:00+08:00,2019-12-31T18:00:00+08:00,2020-01-01T09:30:00+08:00
2019-12-31,FIX007,-0.2197862143,-2.080390298,0.1819423853,143608.1932,-0.05783394371,0.04165057323,2019-12-31T17:30:00+08:00,2019-12-31T18:00:00+08:00,2020-01-01T09:30:00+08:00
2019-12-31,FIX008,2.603049457,-2.386773664,0.3564770864,18644.05241,-0.03230808423,0.04165057323,2019-12-31T17:30:00+08:00,2019-12-31T18:00:00+08:00,2020-01-01T09:30:00+08:00
2019-12-31,FIX009,1.206715559,-0.7832831084,0.03546885613,32584.09073,0.01931613095,0.04165057323,2019-12-31T17:30:00+08:00,2019-12-31T18:00:00+08:00,2020-01-01T09:30:00+08:00
2019-12-31,FIX010,1.268017001,-2.205834678,1.837740694,33635.88822,0.01980346384,0.04165057323,2019-12-31T17:30:00+08:00,2019-12-31T18:00:00+08:00,2020-01-01T09:30:00+08:00
2019-12-31,FIX011,2.024946312,-1.181265511,0.9048540933,12488.87367,-0.03704227284,0.04165057323,2019-12-31T17:30:00+08:00,2019-12-31T18:00:00+08:00,2020-01-01T09:30:00+08:00
2019-12-31,FIX012,2.132697765,-0.09905126838,0.4065262106,11129.46045,-0.0006129754357,0.04165057323,2019-12-31T17:30:00+08:00,2019-12-31T18:00:00+08:00,2020-01-01T09:30:00+08:00
2019-12-31,FIX013,1.237953691,-4.273925623,-0.5167484556,38127.77384,-0.0300136525,0.04165057323,2019-12-31T17:30:00+08:00,2019-12-31T18:00:00+08:00,2020-01-01T09:30:00+08:00
2019-12-31,FIX014,0.1312145762,-2.625643735,0.3295533629,173841.4374,-0.03221171147,0.04165057323,2019-12-31T17:30:00+08:00,2019-12-31T18:00:00+08:00,2020-01-01T09:30:00+08:00
2019-12-31,FIX015,1.237381874,-1.393485728,0.2064682479,34575.14848,-0.02604900918,0.04165057323,2019-12-31T17:30:00+08:00,2019-12-31T18:00:00+08:00,2020-01-01T09:30:00+08:00
2019-12-31,FIX016,3.43998781,-1.237210683,1.847831553,61774.13061,-0.03278809533,0.04165057323,2019-12-31T17:30:00+08:00,2019-12-31T18:00:00+08:00,2020-01-01T09:30:00+08:00
2019-12-31,FIX017,1.981313555,-1.23037624,-1.385416218,331319.2418,0.03217194651,0.04165057323,2019-12-31T17:30:00+08:00,2019-12-31T18:00:00+08:00,2020-01-01T09:30:00+08:00
2019-12-31,FIX018,2.539940994,-3.888381598,-0.2916624979,12420.89452,-0.01626095664,0.04165057323,2019-12-31T17:30:00+08:00,2019-12-31T18:00:00+08:00,2020-01-01T09:30:00+08:00
2019-12-31,FIX019,1.629159465,0.7125678048,0.290965446,60496.42004,-0.02106398247,0.04165057323,2019-12-31T17:30:00+08:00,2019-12-31T18:00:00+08:00,2020-01-01T09:30:00+08:00
2019-12-31,FIX020,1.243865424,-0.8742939228,0.6873633824,18052.58016,-0.0143351455,0.04165057323,2019-12-31T17:30:00+08:00,2019-12-31T18:00:00+08:00,2020-01-01T09:30:00+08:00
2019-12-31,FIX021,1.767651852,0.5872303975,1.36542386,5972.196865,0.004093240336,0.04165057323,2019-12-31T17:30:00+08:00,2019-12-31T18:00:00+08:00,2020-01-01T09:30:00+08:00
2019-12-31,FIX022,-0.529514331,-1.572129567,-0.5196626451,23213.98181,0.08197176209,0.04165057323,2019-12-31T17:30:00+08:00,2019-12-31T18:00:00+08:00,2020-01-01T09:30:00+08:00
2019-12-31,FIX023,2.177260984,-1.846968007,-1.42265033,84915.04617,-0.01046964765,0.04165057323,2019-12-31T17:30:00+08:00,2019-12-31T18:00:00+08:00,2020-01-01T09:30:00+08:00
2019-12-31,FIX024,-1.24461916,0.02952587305,-0.9869651216,7457.837703,-0.003981768658,0.04165057323,2019-12-31T17:30:00+08:00,2019-12-31T18:00:00+08:00,2020-01-01T09:30:00+08:00
2019-12-31,FIX025,1.638226633,-2.146515551,1.773866154,12642.02823,-0.008735370141,0.04165057323,2019-12-31T17:30:00+08:00,2019-12-31T18:00:00+08:00,2020-01-01T09:30:00+08:00
2019-12-31,FIX026,1.067786896,0.07547789829,1.620360693,15548.98885,-0.03542145336,0.04165057323,2019-12-31T17:30:00+08:00,2019-12-31T18:00:00+08:00,2020-01-01T09:30:00+08:00
2019-12-31,FIX027,1.309054952,-0.6577345117,-0.6942228362,18683.59186,0.007096982193,0.04165057323,2019-12-31T17:30:00+08:00,2019-12-31T18:00:00+08:00,2020-01-01T09:30:00+08:00
2019-12-31,FIX028,0.02516562075,-0.7715475284,0.7462600784,8684.873781,0.03208116059,0.04165057323,2019-12-31T17:30:00+08:00,2019-12-31T18:00:00+08:00,2020-01-01T09:30:00+08:00
2019-12-31,FIX029,1.876663083,0.01019079033,1.375735015,10093.34335,0.01588244157,0.04165057323,2019-12-31T17:30:00+08:00,2019-12-31T18:00:00+08:00,2020-01-01T09:30:00+08:00
2019-12-31,FIX030,0.8121059057,-3.038720571,0.2994622845,59527.90367,-0.0683147414,0.04165057323,2019-12-31T17:30:00+08:00,2019-12-31T18:00:00+08:00,2020-01-01T09:30:00+08:00
2019-12-31,FIX031,1.393918243,2.091677437,-0.7725303851,10510.05087,-0.01735075954,0.04165057323,2019-12-31T17:30:00+08:00,2019-12-31T18:00:00+08:00,2020-01-01T09:30:00+08:00
2019-12-31,FIX032,4.249389903,-0.7471728942,0.792902088,10549.77378,0.05014134718,0.04165057323,2019-12-31T17:30:00+08:00,2019-12-31T18:00:00+08:00,2020-01-01T09:30:00+08:00
2019-12-31,FIX033,2.874966185,-0.5752563551,0.8138956002,16982.45243,0.03817858704,0.04165057323,2019-12-31T17:30:00+08:00,2019-12-31T18:00:00+08:00,2020-01-01T09:30:00+08:00
2019-12-31,FIX034,2.870570932,0.5540793383,-0.1443993345,56013.38811,-0.009044063941,0.04165057323,2019-12-31T17:30:00+08:00,2019-12-31T18:00:00+08:00,2020-01-01T09:30:00+08:00
2019-12-31,FIX035,1.973901295,-0.8059060685,1.260286193,138978.236,0.00600775944,0.04165057323,2019-12-31T17:30:00+08:00,2019-12-31T18:00:00+08:00,2020-01-01T09:30:00+08:00
2019-12-31,FIX036,2.318778966,0.5657395745,-0.4458929766,7984.160681,0.03283833337,0.04165057323,2019-12-31T17:30:00+08:00,2019-12-31T18:00:00+08:00,2020-01-01T09:30:00+08:00
2019-12-31,FIX037,2.489275333,-0.4703215693,0.7899762673,38451.55135,-0.02715635433,0.04165057323,2019-12-31T17:30:00+08:00,2019-12-31T18:00:00+08:00,2020-01-01T09:30:00+08:00
2019-12-31,FIX038,1.02353644,-0.3233819241,-1.800833737,18029.26254,-0.01904224308,0.04165057323,2019-12-31T17:30:00+08:00,2019-12-31T18:00:00+08:00,2020-01-01T09:30:00+08:00
2019-12-31,FIX039,2.165760665,-1.239030396,-0.04061953097,101155.6238,-0.0009639728676,0.04165057323,2019-12-31T17:30:00+08:00,2019-12-31T18:00:00+08:00,2020-01-01T09:30:00+08:00
2020-01-31,FIX000,1.433864149,-1.093152907,0.9715441426,16454.35888,-0.008969569142,-0.0216078174,2020-01-31T17:30:00+08:00,2020-01-31T18:00:00+08:00,2020-02-03T09:30:00+08:00
2020-01-31,FIX001,-0.206270538,-1.261683231,0.7434161747,12494.39918,-0.03566375674,-0.0216078174,2020-01-31T17:30:00+08:00,2020-01-31T18:00:00+08:00,2020-02-03T09:30:00+08:00
2020-01-31,FIX002,3.371070294,0.6027833716,0.3955599122,26791.8858,-0.04300307361,-0.0216078174,2020-01-31T17:30:00+08:00,2020-01-31T18:00:00+08:00,2020-02-03T09:30:00+08:00
2020-01-31,FIX003,0.6633662883,-0.2765676191,-0.1661048696,14199.25959,-0.07629912333,-0.0216078174,2020-01-31T17:30:00+08:00,2020-01-31T18:00:00+08:00,2020-02-03T09:30:00+08:00
2020-01-31,FIX004,2.898018394,-0.1533119268,1.514770772,10479.3963,-0.007509393941,-0.0216078174,2020-01-31T17:30:00+08:00,2020-01-31T18:00:00+08:00,2020-02-03T09:30:00+08:00
2020-01-31,FIX005,3.453498206,-1.170334355,-0.9021421606,11194.64282,-0.0162247312,-0.0216078174,2020-01-31T17:30:00+08:00,2020-01-31T18:00:00+08:00,2020-02-03T09:30:00+08:00
2020-01-31,FIX006,2.308260499,-0.7117611402,0.7696278177,24096.43588,-0.07526988505,-0.0216078174,2020-01-31T17:30:00+08:00,2020-01-31T18:00:00+08:00,2020-02-03T09:30:00+08:00
2020-01-31,FIX007,-0.8406810803,-0.7291155532,0.04528357673,39923.94305,-0.02157250853,-0.0216078174,2020-01-31T17:30:00+08:00,2020-01-31T18:00:00+08:00,2020-02-03T09:30:00+08:00
2020-01-31,FIX008,3.231404855,-2.363129727,1.431127547,18052.05414,0.04038364698,-0.0216078174,2020-01-31T17:30:00+08:00,2020-01-31T18:00:00+08:00,2020-02-03T09:30:00+08:00
2020-01-31,FIX009,1.601983274,-0.8707289595,0.2474351107,26738.97267,-0.002131156478,-0.0216078174,2020-01-31T17:30:00+08:00,2020-01-31T18:00:00+08:00,2020-02-03T09:30:00+08:00
2020-01-31,FIX010,0.7102775875,-2.445489132,2.182970313,74083.37478,-0.09410338717,-0.0216078174,2020-01-31T17:30:00+08:00,2020-01-31T18:00:00+08:00,2020-02-03T09:30:00+08:00
2020-01-31,FIX011,2.634505002,-1.446484099,0.7189461481,373789.8484,-0.02957284837,-0.0216078174,2020-01-31T17:30:00+08:00,2020-01-31T18:00:00+08:00,2020-02-03T09:30:00+08:00
2020-01-31,FIX012,2.107923315,-0.006618045922,0.8411786172,33798.39659,0.03383022729,-0.0216078174,2020-01-31T17:30:00+08:00,2020-01-31T18:00:00+08:00,2020-02-03T09:30:00+08:00
2020-01-31,FIX013,1.60258665,-2.186650919,-0.9157719225,7758.575692,0.08221884549,-0.0216078174,2020-01-31T17:30:00+08:00,2020-01-31T18:00:00+08:00,2020-02-03T09:30:00+08:00
2020-01-31,FIX014,-0.1507152933,-0.8405919939,-0.4120270732,7487.816742,-0.004241173534,-0.0216078174,2020-01-31T17:30:00+08:00,2020-01-31T18:00:00+08:00,2020-02-03T09:30:00+08:00
2020-01-31,FIX015,2.273363243,-1.463444599,1.008983923,20617.09656,0.03995975226,-0.0216078174,2020-01-31T17:30:00+08:00,2020-01-31T18:00:00+08:00,2020-02-03T09:30:00+08:00
2020-01-31,FIX016,3.353211771,-2.125430684,1.311115579,112780.9889,0.02576474297,-0.0216078174,2020-01-31T17:30:00+08:00,2020-01-31T18:00:00+08:00,2020-02-03T09:30:00+08:00
2020-01-31,FIX017,2.190638828,-0.5964829864,0.1247384204,8299.383938,-0.003247763613,-0.0216078174,2020-01-31T17:30:00+08:00,2020-01-31T18:00:00+08:00,2020-02-03T09:30:00+08:00
2020-01-31,FIX018,3.138039291,-3.831747915,0.1856746863,26073.59685,0.01269385237,-0.0216078174,2020-01-31T17:30:00+08:00,2020-01-31T18:00:00+08:00,2020-02-03T09:30:00+08:00
2020-01-31,FIX019,-0.06484132995,0.5295706005,0.1365132918,16804.86469,-0.05364956272,-0.0216078174,2020-01-31T17:30:00+08:00,2020-01-31T18:00:00+08:00,2020-02-03T09:30:00+08:00
2020-01-31,FIX020,1.618397586,-0.4079109869,2.477712862,30788.79109,0.01178980256,-0.0216078174,2020-01-31T17:30:00+08:00,2020-01-31T18:00:00+08:00,2020-02-03T09:30:00+08:00
2020-01-31,FIX021,1.460553608,0.7920522209,1.888718838,18902.42915,0.06242976315,-0.0216078174,2020-01-31T17:30:00+08:00,2020-01-31T18:00:00+08:00,2020-02-03T09:30:00+08:00
2020-01-31,FIX022,0.5191337753,-1.684511581,0.1933760081,49808.83104,0.02635553832,-0.0216078174,2020-01-31T17:30:00+08:00,2020-01-31T18:00:00+08:00,2020-02-03T09:30:00+08:00
2020-01-31,FIX023,1.537297328,-2.121159905,-1.331445778,4287.854946,0.03386770592,-0.0216078174,2020-01-31T17:30:00+08:00,2020-01-31T18:00:00+08:00,2020-02-03T09:30:00+08:00
2020-01-31,FIX024,-0.2664965098,0.1232808736,0.3150760804,34001.8878,-0.1044490709,-0.0216078174,2020-01-31T17:30:00+08:00,2020-01-31T18:00:00+08:00,2020-02-03T09:30:00+08:00
2020-01-31,FIX025,0.7945264634,-3.088184142,1.194059851,4613.535494,0.0042595597,-0.0216078174,2020-01-31T17:30:00+08:00,2020-01-31T18:00:00+08:00,2020-02-03T09:30:00+08:00
2020-01-31,FIX026,1.290246425,-0.2170330363,0.9188641979,27291.8312,0.01428333502,-0.0216078174,2020-01-31T17:30:00+08:00,2020-01-31T18:00:00+08:00,2020-02-03T09:30:00+08:00
2020-01-31,FIX027,0.3653542634,-0.0241969798,0.06819331949,3953.374955,0.01446542961,-0.0216078174,2020-01-31T17:30:00+08:00,2020-01-31T18:00:00+08:00,2020-02-03T09:30:00+08:00
2020-01-31,FIX028,1.788254208,-1.731712116,1.276823904,23116.68358,-0.03939555589,-0.0216078174,2020-01-31T17:30:00+08:00,2020-01-31T18:00:00+08:00,2020-02-03T09:30:00+08:00
2020-01-31,FIX029,2.150048874,-0.9323477525,1.594408288,44126.63289,-0.02832946801,-0.0216078174,2020-01-31T17:30:00+08:00,2020-01-31T18:00:00+08:00,2020-02-03T09:30:00+08:00
2020-01-31,FIX030,0.722926216,-2.548949824,0.9032508249,8188.092864,-0.01726673575,-0.0216078174,2020-01-31T17:30:00+08:00,2020-01-31T18:00:00+08:00,2020-02-03T09:30:00+08:00
2020-01-31,FIX031,0.7253164937,1.33295584,-1.62123268,9882.474217,-0.003119940965,-0.0216078174,2020-01-31T17:30:00+08:00,2020-01-31T18:00:00+08:00,2020-02-03T09:30:00+08:00
2020-01-31,FIX032,4.387824397,-0.09030891307,0.9381204971,31444.83968,-0.05320041102,-0.0216078174,2020-01-31T17:30:00+08:00,2020-01-31T18:00:00+08:00,2020-02-03T09:30:00+08:00
2020-01-31,FIX033,1.436743548,-1.108821964,0.9422108328,8711.24262,-0.02415791639,-0.0216078174,2020-01-31T17:30:00+08:00,2020-01-31T18:00:00+08:00,2020-02-03T09:30:00+08:00
2020-01-31,FIX034,3.377606968,0.0422927304,-0.4384208661,68802.38152,0.05584262899,-0.0216078174,2020-01-31T17:30:00+08:00,2020-01-31T18:00:00+08:00,2020-02-03T09:30:00+08:00
2020-01-31,FIX035,0.5949697546,-0.2011784638,1.856872758,18274.67199,0.03048777248,-0.0216078174,2020-01-31T17:30:00+08:00,2020-01-31T18:00:00+08:00,2020-02-03T09:30:00+08:00
2020-01-31,FIX036,3.427498522,0.02595313641,0.6466605105,39022.33079,0.01184683313,-0.0216078174,2020-01-31T17:30:00+08:00,2020-01-31T18:00:00+08:00,2020-02-03T09:30:00+08:00
2020-01-31,FIX037,2.794383321,-0.6527955443,1.262045585,104641.4545,-0.001035200142,-0.0216078174,2020-01-31T17:30:00+08:00,2020-01-31T18:00:00+08:00,2020-02-03T09:30:00+08:00
2020-01-31,FIX038,1.076314048,-0.2611615147,-1.024315153,14872.58765,-0.02515167902,-0.0216078174,2020-01-31T17:30:00+08:00,2020-01-31T18:00:00+08:00,2020-02-03T09:30:00+08:00
2020-01-31,FIX039,1.58987127,-0.8329935173,-0.8795199533,10710.36269,-0.05279917765,-0.0216078174,2020-01-31T17:30:00+08:00,2020-01-31T18:00:00+08:00,2020-02-03T09:30:00+08:00
2020-02-29,FIX000,0.8022184563,-1.087001226,-0.04452704221,20583.72331,-0.05774726815,0.0234666457,2020-02-29T17:30:00+08:00,2020-02-29T18:00:00+08:00,2020-03-02T09:30:00+08:00
2020-02-29,FIX001,0.1568369982,-1.882813677,0.5083846022,71853.87021,-0.008702752706,0.0234666457,2020-02-29T17:30:00+08:00,2020-02-29T18:00:00+08:00,2020-03-02T09:30:00+08:00
2020-02-29,FIX002,4.363356864,1.052450924,0.2945605094,21736.41381,-0.01288467461,0.0234666457,2020-02-29T17:30:00+08:00,2020-02-29T18:00:00+08:00,2020-03-02T09:30:00+08:00
2020-02-29,FIX003,1.262281101,-0.7798506755,-0.2165719173,30039.29866,-0.01190686207,0.0234666457,2020-02-29T17:30:00+08:00,2020-02-29T18:00:00+08:00,2020-03-02T09:30:00+08:00
2020-02-29,FIX004,3.703464911,-0.3233700256,2.165226887,80386.54547,0.007582325772,0.0234666457,2020-02-29T17:30:00+08:00,2020-02-29T18:00:00+08:00,2020-03-02T09:30:00+08:00
2020-02-29,FIX005,2.855666081,-2.314541456,-0.2982443599,15884.54856,0.01487090557,0.0234666457,2020-02-29T17:30:00+08:00,2020-02-29T18:00:00+08:00,2020-03-02T09:30:00+08:00
2020-02-29,FIX006,2.120963013,-0.4858921689,1.45927563,14569.64343,0.04890816217,0.0234666457,2020-02-29T17:30:00+08:00,2020-02-29T18:00:00+08:00,2020-03-02T09:30:00+08:00
2020-02-29,FIX007,-0.2422979426,-1.80905563,1.079301893,21776.04294,0.01203818753,0.0234666457,2020-02-29T17:30:00+08:00,2020-02-29T18:00:00+08:00,2020-03-02T09:30:00+08:00
2020-02-29,FIX008,3.063535991,-2.097471463,1.35530983,10990.00762,0.009835137401,0.0234666457,2020-02-29T17:30:00+08:00,2020-02-29T18:00:00+08:00,2020-03-02T09:30:00+08:00
2020-02-29,FIX009,2.708823377,-0.8490515093,0.6903191659,46066.23186,0.02494801988,0.0234666457,2020-02-29T17:30:00+08:00,2020-02-29T18:00:00+08:00,2020-03-02T09:30:00+08:00
2020-02-29,FIX010,-0.3521303784,-2.841754986,1.045349183,11184.20368,-0.07253957354,0.0234666457,2020-02-29T17:30:00+08:00,2020-02-29T18:00:00+08:00,2020-03-02T09:30:00+08:00
2020-02-29,FIX011,2.233483085,-0.6775532521,0.9021088882,4874.108259,-0.02229050393,0.0234666457,2020-02-29T17:30:00+08:00,2020-02-29T18:00:00+08:00,2020-03-02T09:30:00+08:00
2020-02-29,FIX012,2.557466817,-0.4220175765,0.9968388249,42261.87394,0.01725360098,0.0234666457,2020-02-29T17:30:00+08:00,2020-02-29T18:00:00+08:00,2020-03-02T09:30:00+08:00
2020-02-29,FIX013,2.942566411,-2.453865867,-0.811038438,30893.44996,-0.01284328946,0.0234666457,2020-02-29T17:30:00+08:00,2020-02-29T18:00:00+08:00,2020-03-02T09:30:00+08:00
2020-02-29,FIX014,-0.0258694871,-0.2025310195,-0.2947936118,3953.262164,0.02342159526,0.0234666457,2020-02-29T17:30:00+08:00,2020-02-29T18:00:00+08:00,2020-03-02T09:30:00+08:00
2020-02-29,FIX015,2.031645435,-0.946519161,1.534820413,3382.587706,0.07179817606,0.0234666457,2020-02-29T17:30:00+08:00,2020-02-29T18:00:00+08:00,2020-03-02T09:30:00+08:00
2020-02-29,FIX016,3.223132546,-2.163278446,1.169684412,12945.16024,-0.04011830074,0.0234666457,2020-02-29T17:30:00+08:00,2020-02-29T18:00:00+08:00,2020-03-02T09:30:00+08:00
2020-02-29,FIX017,3.14479549,-0.5964875099,0.3341054822,43021.20033,0.001593945587,0.0234666457,2020-02-29T17:30:00+08:00,2020-02-29T18:00:00+08:00,2020-03-02T09:30:00+08:00
2020-02-29,FIX018,2.706608741,-3.227461078,0.7987015702,5376.053697,-0.0400811812,0.0234666457,2020-02-29T17:30:00+08:00,2020-02-29T18:00:00+08:00,2020-03-02T09:30:00+08:00
2020-02-29,FIX019,-0.1837368569,0.3402900994,-0.3497253768,17563.26422,0.04682528404,0.0234666457,2020-02-29T17:30:00+08:00,2020-02-29T18:00:00+08:00,2020-03-02T09:30:00+08:00
2020-02-29,FIX020,2.715540471,-0.8606659815,1.637437684,59318.85116,0.02254061791,0.0234666457,2020-02-29T17:30:00+08:00,2020-02-29T18:00:00+08:00,2020-03-02T09:30:00+08:00
2020-02-29,FIX021,0.4465278428,1.569538206,1.931278109,15397.6737,0.01689657349,0.0234666457,2020-02-29T17:30:00+08:00,2020-02-29T18:00:00+08:00,2020-03-02T09:30:00+08:00
2020-02-29,FIX022,-0.5200600751,-1.829338542,0.5449475485,6289.5196,-0.02953348906,0.0234666457,2020-02-29T17:30:00+08:00,2020-02-29T18:00:00+08:00,2020-03-02T09:30:00+08:00
2020-02-29,FIX023,1.046391507,-2.10252211,-1.576680343,6185.420424,-0.01625682518,0.0234666457,2020-02-29T17:30:00+08:00,2020-02-29T18:00:00+08:00,2020-03-02T09:30:00+08:00
2020-02-29,FIX024,-0.03965056332,-0.3162189264,0.08078859942,5755.678629,0.03033180632,0.0234666457,2020-02-29T17:30:00+08:00,2020-02-29T18:00:00+08:00,2020-03-02T09:30:00+08:00
2020-02-29,FIX025,2.044401893,-3.051685006,1.717543775,181610.9265,0.03164306156,0.0234666457,2020-02-29T17:30:00+08:00,2020-02-29T18:00:00+08:00,2020-03-02T09:30:00+08:00
2020-02-29,FIX026,1.919618674,-0.1337001203,0.9722953593,24103.06242,-0.01606702178,0.0234666457,2020-02-29T17:30:00+08:00,2020-02-29T18:00:00+08:00,2020-03-02T09:30:00+08:00
2020-02-29,FIX027,0.9085213851,-0.3040483999,0.2541816715,5516.218618,-0.02475109841,0.0234666457,2020-02-29T17:30:00+08:00,2020-02-29T18:00:00+08:00,2020-03-02T09:30:00+08:00
2020-02-29,FIX028,1.793602475,-2.74027383,1.292270216,17465.12885,-0.01763541261,0.0234666457,2020-02-29T17:30:00+08:00,2020-02-29T18:00:00+08:00,2020-03-02T09:30:00+08:00
2020-02-29,FIX029,1.961326166,-0.9216644567,0.9825365808,12893.80427,0.03353144372,0.0234666457,2020-02-29T17:30:00+08:00,2020-02-29T18:00:00+08:00,2020-03-02T09:30:00+08:00
2020-02-29,FIX030,1.171179338,-4.397078342,0.883400362,63332.46515,-0.08811633185,0.0234666457,2020-02-29T17:30:00+08:00,2020-02-29T18:00:00+08:00,2020-03-02T09:30:00+08:00
2020-02-29,FIX031,0.7802746098,0.9987270239,-1.226156046,23617.67245,-0.05592308229,0.0234666457,2020-02-29T17:30:00+08:00,2020-02-29T18:00:00+08:00,2020-03-02T09:30:00+08:00
2020-02-29,FIX032,4.170064728,-1.064293411,0.3995755943,73740.77782,0.06602035734,0.0234666457,2020-02-29T17:30:00+08:00,2020-02-29T18:00:00+08:00,2020-03-02T09:30:00+08:00
2020-02-29,FIX033,1.83372844,-0.8872853707,0.522959832,6105.401391,0.006788867802,0.0234666457,2020-02-29T17:30:00+08:00,2020-02-29T18:00:00+08:00,2020-03-02T09:30:00+08:00
2020-02-29,FIX034,1.929297862,0.8578435213,-1.154401712,12881.60299,-0.002248757159,0.0234666457,2020-02-29T17:30:00+08:00,2020-02-29T18:00:00+08:00,2020-03-02T09:30:00+08:00
2020-02-29,FIX035,1.090278647,-0.04154193183,2.309089676,12919.41442,-0.005172351095,0.0234666457,2020-02-29T17:30:00+08:00,2020-02-29T18:00:00+08:00,2020-03-02T09:30:00+08:00
2020-02-29,FIX036,1.734437812,0.2042332256,0.4646892814,16917.40082,0.02171194408,0.0234666457,2020-02-29T17:30:00+08:00,2020-02-29T18:00:00+08:00,2020-03-02T09:30:00+08:00
2020-02-29,FIX037,2.996768394,-0.3342879558,0.9256770476,12338.63231,-0.07951809559,0.0234666457,2020-02-29T17:30:00+08:00,2020-02-29T18:00:00+08:00,2020-03-02T09:30:00+08:00
2020-02-29,FIX038,1.474597865,-0.6904830362,0.5919521135,28001.21347,-0.03735730888,0.0234666457,2020-02-29T17:30:00+08:00,2020-02-29T18:00:00+08:00,2020-03-02T09:30:00+08:00
2020-02-29,FIX039,2.351994072,-0.5277504364,-0.3035756832,16389.08323,-0.02107917857,0.0234666457,2020-02-29T17:30:00+08:00,2020-02-29T18:00:00+08:00,2020-03-02T09:30:00+08:00
2020-03-31,FIX000,0.2456958924,-1.140593864,-0.05520703217,4214.352636,0.03183118488,0.0007566627986,2020-03-31T17:30:00+08:00,2020-03-31T18:00:00+08:00,2020-04-01T09:30:00+08:00
2020-03-31,FIX001,0.7456061157,-1.942921148,0.2566811616,13734.08017,-0.02283598343,0.0007566627986,2020-03-31T17:30:00+08:00,2020-03-31T18:00:00+08:00,2020-04-01T09:30:00+08:00
2020-03-31,FIX002,4.962986656,0.3514921842,0.01658710604,12682.88891,-0.04203580555,0.0007566627986,2020-03-31T17:30:00+08:00,2020-03-31T18:00:00+08:00,2020-04-01T09:30:00+08:00
2020-03-31,FIX003,0.7436695918,-0.4715610161,-0.6372619035,22830.85814,-0.03067262951,0.0007566627986,2020-03-31T17:30:00+08:00,2020-03-31T18:00:00+08:00,2020-04-01T09:30:00+08:00
2020-03-31,FIX004,3.553150914,0.6506858692,1.673597279,12360.00782,0.04292358186,0.0007566627986,2020-03-31T17:30:00+08:00,2020-03-31T18:00:00+08:00,2020-04-01T09:30:00+08:00
2020-03-31,FIX005,2.3821256,-2.864661341,1.033642827,23596.31575,0.0402803956,0.0007566627986,2020-03-31T17:30:00+08:00,2020-03-31T18:00:00+08:00,2020-04-01T09:30:00+08:00
2020-03-31,FIX006,2.307755621,-1.376113905,2.045656308,32532.60818,-0.04851554085,0.0007566627986,2020-03-31T17:30:00+08:00,2020-03-31T18:00:00+08:00,2020-04-01T09:30:00+08:00
2020-03-31,FIX007,0.8912905463,-1.822437261,0.6446756386,30448.54923,-0.0580087199,0.0007566627986,2020-03-31T17:30:00+08:00,2020-03-31T18:00:00+08:00,2020-04-01T09:30:00+08:00
2020-03-31,FIX008,3.187370593,-1.350606007,0.8757815199,4592.257641,-0.002754216551,0.0007566627986,2020-03-31T17:30:00+08:00,2020-03-31T18:00:00+08:00,2020-04-01T09:30:00+08:00
2020-03-31,FIX009,3.827308881,-0.3956792257,0.7520798964,23528.80062,-0.02739851373,0.0007566627986,2020-03-31T17:30:00+08:00,2020-03-31T18:00:00+08:00,2020-04-01T09:30:00+08:00
2020-03-31,FIX010,0.1689553537,-3.162087503,1.390553937,14411.80483,0.01190002781,0.0007566627986,2020-03-31T17:30:00+08:00,2020-03-31T18:00:00+08:00,2020-04-01T09:30:00+08:00
2020-03-31,FIX011,2.400832563,-0.1678416922,0.0004715876619,20098.90431,-0.009829454666,0.0007566627986,2020-03-31T17:30:00+08:00,2020-03-31T18:00:00+08:00,2020-04-01T09:30:00+08:00
2020-03-31,FIX012,2.20822064,-0.1793105474,0.4150616515,11920.974,0.06720885253,0.0007566627986,2020-03-31T17:30:00+08:00,2020-03-31T18:00:00+08:00,2020-04-01T09:30:00+08:00
2020-03-31,FIX013,2.922231215,-2.179031347,-0.926574529,70536.58561,-0.02831416427,0.0007566627986,2020-03-31T17:30:00+08:00,2020-03-31T18:00:00+08:00,2020-04-01T09:30:00+08:00
2020-03-31,FIX014,0.268853744,-0.07304325385,-0.1201156646,7251.610314,-0.06989775781,0.0007566627986,2020-03-31T17:30:00+08:00,2020-03-31T18:00:00+08:00,2020-04-01T09:30:00+08:00
2020-03-31,FIX015,1.666870778,-0.8177753286,1.7797518,33867.51942,-0.01992887001,0.0007566627986,2020-03-31T17:30:00+08:00,2020-03-31T18:00:00+08:00,2020-04-01T09:30:00+08:00
2020-03-31,FIX016,3.050666971,-2.325346028,0.3128194572,33086.79063,-0.03853675771,0.0007566627986,2020-03-31T17:30:00+08:00,2020-03-31T18:00:00+08:00,2020-04-01T09:30:00+08:00
2020-03-31,FIX017,2.074351778,-0.4515759834,-0.4614213577,10134.97617,-0.00262765129,0.0007566627986,2020-03-31T17:30:00+08:00,2020-03-31T18:00:00+08:00,2020-04-01T09:30:00+08:00
2020-03-31,FIX018,2.269166603,-2.011861263,0.6671320086,16911.35504,0.0172903193,0.0007566627986,2020-03-31T17:30:00+08:00,2020-03-31T18:00:00+08:00,2020-04-01T09:30:00+08:00
2020-03-31,FIX019,-0.9327871844,0.6247366356,-1.403227176,13183.79992,-0.006003645716,0.0007566627986,2020-03-31T17:30:00+08:00,2020-03-31T18:00:00+08:00,2020-04-01T09:30:00+08:00
2020-03-31,FIX020,2.422904105,-0.5665198691,1.235405668,55816.44413,0.04072020791,0.0007566627986,2020-03-31T17:30:00+08:00,2020-03-31T18:00:00+08:00,2020-04-01T09:30:00+08:00
2020-03-31,FIX021,1.049821714,0.9535597576,2.223144293,15921.04993,-0.003612104824,0.0007566627986,2020-03-31T17:30:00+08:00,2020-03-31T18:00:00+08:00,2020-04-01T09:30:00+08:00
2020-03-31,FIX022,0.1240998022,-2.021558693,-0.5253739587,6646.504156,-0.007623350351,0.0007566627986,2020-03-31T17:30:00+08:00,2020-03-31T18:00:00+08:00,2020-04-01T09:30:00+08:00
2020-03-31,FIX023,0.4018699147,-2.130769655,-2.163422714,22375.4046,-0.0373430109,0.0007566627986,2020-03-31T17:30:00+08:00,2020-03-31T18:00:00+08:00,2020-04-01T09:30:00+08:00
2020-03-31,FIX024,0.4863120641,-1.007456876,0.7557526081,23738.2241,-0.02185333825,0.0007566627986,2020-03-31T17:30:00+08:00,2020-03-31T18:00:00+08:00,2020-04-01T09:30:00+08:00
2020-03-31,FIX025,2.172566374,-2.799955609,1.284438652,19323.02764,-0.01344970711,0.0007566627986,2020-03-31T17:30:00+08:00,2020-03-31T18:00:00+08:00,2020-04-01T09:30:00+08:00
2020-03-31,FIX026,1.884387494,-0.2201077563,-0.4310686933,4178.831142,0.09122702534,0.0007566627986,2020-03-31T17:30:00+08:00,2020-03-31T18:00:00+08:00,2020-04-01T09:30:00+08:00
2020-03-31,FIX027,0.3574040491,-1.68113221,0.7536054843,67731.78531,0.01204216083,0.0007566627986,2020-03-31T17:30:00+08:00,2020-03-31T18:00:00+08:00,2020-04-01T09:30:00+08:00
2020-03-31,FIX028,1.477990851,-2.499296633,1.873681056,32074.42607,-0.03874433334,0.0007566627986,2020-03-31T17:30:00+08:00,2020-03-31T18:00:00+08:00,2020-04-01T09:30:00+08:00
2020-03-31,FIX029,1.141936342,-0.7898965484,1.752801794,18735.37708,0.0265425324,0.0007566627986,2020-03-31T17:30:00+08:00,2020-03-31T18:00:00+08:00,2020-04-01T09:30:00+08:00
2020-03-31,FIX030,1.497971118,-3.69351136,0.3140936667,20303.95702,-0.01313790652,0.0007566627986,2020-03-31T17:30:00+08:00,2020-03-31T18:00:00+08:00,2020-04-01T09:30:00+08:00
2020-03-31,FIX031,1.187856814,0.9535101315,-1.069147219,25815.90876,0.005230313383,0.0007566627986,2020-03-31T17:30:00+08:00,2020-03-31T18:00:00+08:00,2020-04-01T09:30:00+08:00
2020-03-31,FIX032,3.605741413,-1.801055901,-0.7897413256,7356.636907,-0.03459248015,0.0007566627986,2020-03-31T17:30:00+08:00,2020-03-31T18:00:00+08:00,2020-04-01T09:30:00+08:00
2020-03-31,FIX033,1.15915143,-1.134037861,0.04231005281,35277.55219,-0.02780758928,0.0007566627986,2020-03-31T17:30:00+08:00,2020-03-31T18:00:00+08:00,2020-04-01T09:30:00+08:00
2020-03-31,FIX034,0.9489891783,1.135323731,-0.6240651075,45257.08697,-0.0257577487,0.0007566627986,2020-03-31T17:30:00+08:00,2020-03-31T18:00:00+08:00,2020-04-01T09:30:00+08:00
2020-03-31,FIX035,0.667566099,0.76200273,1.710199397,7742.565199,-0.03804178335,0.0007566627986,2020-03-31T17:30:00+08:00,2020-03-31T18:00:00+08:00,2020-04-01T09:30:00+08:00
2020-03-31,FIX036,1.591349828,0.03986168035,0.8415759652,7042.084599,0.008565569672,0.0007566627986,2020-03-31T17:30:00+08:00,2020-03-31T18:00:00+08:00,2020-04-01T09:30:00+08:00
2020-03-31,FIX037,2.887868764,-0.7687629214,0.3174338279,15274.09578,-0.00393063347,0.0007566627986,2020-03-31T17:30:00+08:00,2020-03-31T18:00:00+08:00,2020-04-01T09:30:00+08:00
2020-03-31,FIX038,1.349629381,-1.746985769,0.9679281593,93141.63404,0.03020822725,0.0007566627986,2020-03-31T17:30:00+08:00,2020-03-31T18:00:00+08:00,2020-04-01T09:30:00+08:00
2020-03-31,FIX039,1.9302955,0.2087712893,0.2254872762,23137.88999,-0.03419111191,0.0007566627986,2020-03-31T17:30:00+08:00,2020-03-31T18:00:00+08:00,2020-04-01T09:30:00+08:00
2020-04-30,FIX000,0.3900629009,-1.445018014,0.02623782622,17939.57356,0.0085406271,0.008873880475,2020-04-30T17:30:00+08:00,2020-04-30T18:00:00+08:00,2020-05-01T09:30:00+08:00
2020-04-30,FIX001,0.9728092437,-2.295813767,0.6268252603,25934.96416,0.01688625569,0.008873880475,2020-04-30T17:30:00+08:00,2020-04-30T18:00:00+08:00,2020-05-01T09:30:00+08:00
2020-04-30,FIX002,3.12080337,-0.1567578868,0.2778692429,74145.47234,-0.05069371008,0.008873880475,2020-04-30T17:30:00+08:00,2020-04-30T18:00:00+08:00,2020-05-01T09:30:00+08:00
2020-04-30,FIX003,0.7737779158,0.4466521778,-0.1964451056,36687.65254,0.05322112808,0.008873880475,2020-04-30T17:30:00+08:00,2020-04-30T18:00:00+08:00,2020-05-01T09:30:00+08:00
2020-04-30,FIX004,3.361684632,1.378980627,1.418747128,115630.9632,0.06422253009,0.008873880475,2020-04-30T17:30:00+08:00,2020-04-30T18:00:00+08:00,2020-05-01T09:30:00+08:00
2020-04-30,FIX005,2.238839815,-3.267835615,0.2847875932,29464.95752,0.01233383975,0.008873880475,2020-04-30T17:30:00+08:00,2020-04-30T18:00:00+08:00,2020-05-01T09:30:00+08:00
2020-04-30,FIX006,1.626188777,-2.123716017,1.884978895,66561.76825,-0.02968930065,0.008873880475,2020-04-30T17:30:00+08:00,2020-04-30T18:00:00+08:00,2020-05-01T09:30:00+08:00
2020-04-30,FIX007,0.3664523989,-1.435040608,0.390035613,43128.8571,-0.06596336654,0.008873880475,2020-04-30T17:30:00+08:00,2020-04-30T18:00:00+08:00,2020-05-01T09:30:00+08:00
2020-04-30,FIX008,3.441003636,-1.405512659,0.4469272581,26226.4164,-0.03813518789,0.008873880475,2020-04-30T17:30:00+08:00,2020-04-30T18:00:00+08:00,2020-05-01T09:30:00+08:00
2020-04-30,FIX009,4.134599434,-1.114442307,0.8457486217,63309.98801,0.02120859505,0.008873880475,2020-04-30T17:30:00+08:00,2020-04-30T18:00:00+08:00,2020-05-01T09:30:00+08:00
2020-04-30,FIX010,2.024676963,-2.912874016,1.663006931,49047.70299,-0.0520051279,0.008873880475,2020-04-30T17:30:00+08:00,2020-04-30T18:00:00+08:00,2020-05-01T09:30:00+08:00
2020-04-30,FIX011,1.406024669,0.2910255031,1.011759159,23576.85482,0.01732544057,0.008873880475,2020-04-30T17:30:00+08:00,2020-04-30T18:00:00+08:00,2020-05-01T09:30:00+08:00
2020-04-30,FIX012,1.668914008,0.6761103489,0.1639042518,23694.36108,-0.02678928587,0.008873880475,2020-04-30T17:30:00+08:00,2020-04-30T18:00:00+08:00,2020-05-01T09:30:00+08:00
2020-04-30,FIX013,1.976043522,-1.744326531,-0.6700796445,20406.15239,0.001472130095,0.008873880475,2020-04-30T17:30:00+08:00,2020-04-30T18:00:00+08:00,2020-05-01T09:30:00+08:00
2020-04-30,FIX014,0.4230212622,-0.7962902783,0.1960455298,15632.60252,-0.00908619944,0.008873880475,2020-04-30T17:30:00+08:00,2020-04-30T18:00:00+08:00,2020-05-01T09:30:00+08:00
2020-04-30,FIX015,1.483689802,-1.678171319,1.251681268,35902.15657,0.0528067745,0.008873880475,2020-04-30T17:30:00+08:00,2020-04-30T18:00:00+08:00,2020-05-01T09:30:00+08:00
2020-04-30,FIX016,1.660062249,-1.825553196,-0.07181630228,21098.62422,-0.04946920492,0.008873880475,2020-04-30T17:30:00+08:00,2020-04-30T18:00:00+08:00,2020-05-01T09:30:00+08:00
2020-04-30,FIX017,2.961848175,-1.09137628,0.0702004529,142867.0693,0.04073436385,0.008873880475,2020-04-30T17:30:00+08:00,2020-04-30T18:00:00+08:00,2020-05-01T09:30:00+08:00
2020-04-30,FIX018,2.228131892,-2.132350234,0.05861684364,337892.2811,0.03778618528,0.008873880475,2020-04-30T17:30:00+08:00,2020-04-30T18:00:00+08:00,2020-05-01T09:30:00+08:00
2020-04-30,FIX019,-0.5972195227,0.1942659485,-0.6969865,23502.28252,-0.02972021335,0.008873880475,2020-04-30T17:30:00+08:00,2020-04-30T18:00:00+08:00,2020-05-01T09:30:00+08:00
2020-04-30,FIX020,2.740908537,-1.493869374,0.435434184,13016.89681,-0.08693244223,0.008873880475,2020-04-30T17:30:00+08:00,2020-04-30T18:00:00+08:00,2020-05-01T09:30:00+08:00
2020-04-30,FIX021,1.632223162,-0.1806585101,1.843275355,90355.0207,-0.03043026801,0.008873880475,2020-04-30T17:30:00+08:00,2020-04-30T18:00:00+08:00,2020-05-01T09:30:00+08:00
2020-04-30,FIX022,0.2406989775,-2.382429494,0.2043432035,23595.81475,-0.007649385402,0.008873880475,2020-04-30T17:30:00+08:00,2020-04-30T18:00:00+08:00,2020-05-01T09:30:00+08:00
2020-04-30,FIX023,1.322265755,-1.978771529,-1.970633744,97460.24434,-0.009957475006,0.008873880475,2020-04-30T17:30:00+08:00,2020-04-30T18:00:00+08:00,2020-05-01T09:30:00+08:00
2020-04-30,FIX024,0.7886334523,-1.24390369,0.7807306792,19903.92505,-0.02729424303,0.008873880475,2020-04-30T17:30:00+08:00,2020-04-30T18:00:00+08:00,2020-05-01T09:30:00+08:00
2020-04-30,FIX025,1.641259438,-2.932836252,0.8787255747,38642.12265,-0.036952114,0.008873880475,2020-04-30T17:30:00+08:00,2020-04-30T18:00:00+08:00,2020-05-01T09:30:00+08:00
2020-04-30,FIX026,2.174189721,-1.51436004,0.1163926207,4607.328996,0.009214508489,0.008873880475,2020-04-30T17:30:00+08:00,2020-04-30T18:00:00+08:00,2020-05-01T09:30:00+08:00
2020-04-30,FIX027,0.4138234551,-1.409742466,-0.357555887,7077.268671,0.008342086002,0.008873880475,2020-04-30T17:30:00+08:00,2020-04-30T18:00:00+08:00,2020-05-01T09:30:00+08:00
2020-04-30,FIX028,1.779265019,-2.012311947,1.190962909,6352.796164,0.01410406427,0.008873880475,2020-04-30T17:30:00+08:00,2020-04-30T18:00:00+08:00,2020-05-01T09:30:00+08:00
2020-04-30,FIX029,0.8136546158,-1.186231391,2.333644135,3455.977733,-0.0005068770332,0.008873880475,2020-04-30T17:30:00+08:00,2020-04-30T18:00:00+08:00,2020-05-01T09:30:00+08:00
2020-04-30,FIX030,1.769289794,-2.932316747,0.3855043008,4679.661737,0.001806444261,0.008873880475,2020-04-30T17:30:00+08:00,2020-04-30T18:00:00+08:00,2020-05-01T09:30:00+08:00
2020-04-30,FIX031,1.252028765,1.453026582,-2.093058674,29435.74687,0.01437990223,0.008873880475,2020-04-30T17:30:00+08:00,2020-04-30T18:00:00+08:00,2020-05-01T09:30:00+08:00
2020-04-30,FIX032,2.785646519,-1.6337259,-0.9797196578,115793.0219,-0.00609412413,0.008873880475,2020-04-30T17:30:00+08:00,2020-04-30T18:00:00+08:00,2020-05-01T09:30:00+08:00
2020-04-30,FIX033,1.298154946,-1.327392631,0.3791443974,14406.43696,-0.001995225187,0.008873880475,2020-04-30T17:30:00+08:00,2020-04-30T18:00:00+08:00,2020-05-01T09:30:00+08:00
2020-04-30,FIX034,0.6669322318,-0.3444161646,0.6549675783,17884.24191,-0.01443570629,0.008873880475,2020-04-30T17:30:00+08:00,2020-04-30T18:00:00+08:00,2020-05-01T09:30:00+08:00
2020-04-30,FIX035,0.969082869,0.9846104059,2.145214788,31334.26307,0.03481374938,0.008873880475,2020-04-30T17:30:00+08:00,2020-04-30T18:00:00+08:00,2020-05-01T09:30:00+08:00
2020-04-30,FIX036,2.173519849,-0.008129671458,0.9339477283,16428.38286,0.03100281048,0.008873880475,2020-04-30T17:30:00+08:00,2020-04-30T18:00:00+08:00,2020-05-01T09:30:00+08:00
2020-04-30,FIX037,1.554282193,-0.9648749152,1.668076826,8262.989165,-0.04360580101,0.008873880475,2020-04-30T17:30:00+08:00,2020-04-30T18:00:00+08:00,2020-05-01T09:30:00+08:00
2020-04-30,FIX038,1.483178179,-2.263016616,1.513583552,19748.27084,0.02769604302,0.008873880475,2020-04-30T17:30:00+08:00,2020-04-30T18:00:00+08:00,2020-05-01T09:30:00+08:00
2020-04-30,FIX039,2.624091023,0.08355768443,0.2841733225,32404.03664,0.02556044363,0.008873880475,2020-04-30T17:30:00+08:00,2020-04-30T18:00:00+08:00,2020-05-01T09:30:00+08:00
2020-05-31,FIX000,0.7596384679,-2.124583035,-1.262679171,12927.80618,-0.086562282,-0.02907524235,2020-05-31T17:30:00+08:00,2020-05-31T18:00:00+08:00,2020-06-01T09:30:00+08:00
2020-05-31,FIX001,1.088474079,-1.338643831,0.5882817499,2506.242043,-0.03474902169,-0.02907524235,2020-05-31T17:30:00+08:00,2020-05-31T18:00:00+08:00,2020-06-01T09:30:00+08:00
2020-05-31,FIX002,2.421478301,-0.3924687147,1.300680961,51377.94891,-0.04833916858,-0.02907524235,2020-05-31T17:30:00+08:00,2020-05-31T18:00:00+08:00,2020-06-01T09:30:00+08:00
2020-05-31,FIX003,1.225382295,0.07501742088,0.9930318879,15370.1866,0.03716437974,-0.02907524235,2020-05-31T17:30:00+08:00,2020-05-31T18:00:00+08:00,2020-06-01T09:30:00+08:00
2020-05-31,FIX004,2.476374868,0.7799650402,1.354192924,18066.53289,-0.004275545923,-0.02907524235,2020-05-31T17:30:00+08:00,2020-05-31T18:00:00+08:00,2020-06-01T09:30:00+08:00
2020-05-31,FIX005,1.510003909,-3.66660679,0.0559958687,24501.25485,0.02565857325,-0.02907524235,2020-05-31T17:30:00+08:00,2020-05-31T18:00:00+08:00,2020-06-01T09:30:00+08:00
2020-05-31,FIX006,2.061948154,-2.283676411,2.314718869,22888.81996,-0.003430112615,-0.02907524235,2020-05-31T17:30:00+08:00,2020-05-31T18:00:00+08:00,2020-06-01T09:30:00+08:00
2020-05-31,FIX007,0.6478344122,-1.242416315,0.05139161117,8439.121776,-0.01894662496,-0.02907524235,2020-05-31T17:30:00+08:00,2020-05-31T18:00:00+08:00,2020-06-01T09:30:00+08:00
2020-05-31,FIX008,4.476679798,-1.494142628,-0.6203797926,16975.76499,-0.02901099284,-0.02907524235,2020-05-31T17:30:00+08:00,2020-05-31T18:00:00+08:00,2020-06-01T09:30:00+08:00
2020-05-31,FIX009,4.266561832,-0.7433121107,0.2183164781,51273.04052,0.01114937652,-0.02907524235,2020-05-31T17:30:00+08:00,2020-05-31T18:00:00+08:00,2020-06-01T09:30:00+08:00
2020-05-31,FIX010,2.461968046,-3.491000389,1.481904468,10287.65809,-0.05867003508,-0.02907524235,2020-05-31T17:30:00+08:00,2020-05-31T18:00:00+08:00,2020-06-01T09:30:00+08:00
2020-05-31,FIX011,0.5392761113,-0.1060964316,0.8274283798,6368.508473,0.01775041225,-0.02907524235,2020-05-31T17:30:00+08:00,2020-05-31T18:00:00+08:00,2020-06-01T09:30:00+08:00
2020-05-31,FIX012,2.038648561,-0.7165166738,1.694050255,65188.33021,0.02207818542,-0.02907524235,2020-05-31T17:30:00+08:00,2020-05-31T18:00:00+08:00,2020-06-01T09:30:00+08:00
2020-05-31,FIX013,2.070345767,-1.277205192,-0.4339434864,22449.73936,-0.0200447211,-0.02907524235,2020-05-31T17:30:00+08:00,2020-05-31T18:00:00+08:00,2020-06-01T09:30:00+08:00
2020-05-31,FIX014,-0.4960990946,-0.5985449366,0.04742135066,8328.115928,0.03564491311,-0.02907524235,2020-05-31T17:30:00+08:00,2020-05-31T18:00:00+08:00,2020-06-01T09:30:00+08:00
2020-05-31,FIX015,1.101570663,-1.300135424,1.518749251,7068.409506,-0.04474488106,-0.02907524235,2020-05-31T17:30:00+08:00,2020-05-31T18:00:00+08:00,2020-06-01T09:30:00+08:00
2020-05-31,FIX016,1.002571538,-1.044085249,0.2263608323,32639.44484,-0.007620172869,-0.02907524235,2020-05-31T17:30:00+08:00,2020-05-31T18:00:00+08:00,2020-06-01T09:30:00+08:00
2020-05-31,FIX017,1.964543757,-1.843418637,-0.09360217183,40543.4829,0.03211825266,-0.02907524235,2020-05-31T17:30:00+08:00,2020-05-31T18:00:00+08:00,2020-06-01T09:30:00+08:00
2020-05-31,FIX018,1.655379672,-1.300779839,-0.1900617616,22449.50044,0.007258048618,-0.02907524235,2020-05-31T17:30:00+08:00,2020-05-31T18:00:00+08:00,2020-06-01T09:30:00+08:00
2020-05-31,FIX019,-0.9250523946,-0.2312788075,-0.611277922,6789.473414,-0.01618960292,-0.02907524235,2020-05-31T17:30:00+08:00,2020-05-31T18:00:00+08:00,2020-06-01T09:30:00+08:00
2020-05-31,FIX020,1.851245272,-1.431143165,0.3146799097,14212.4648,-0.03085360783,-0.02907524235,2020-05-31T17:30:00+08:00,2020-05-31T18:00:00+08:00,2020-06-01T09:30:00+08:00
2020-05-31,FIX021,0.481156968,-0.9489335879,1.869774111,31674.65305,-0.04591290356,-0.02907524235,2020-05-31T17:30:00+08:00,2020-05-31T18:00:00+08:00,2020-06-01T09:30:00+08:00
2020-05-31,FIX022,-0.4991334792,-2.256573595,-0.6212554092,3243.877137,0.02410667718,-0.02907524235,2020-05-31T17:30:00+08:00,2020-05-31T18:00:00+08:00,2020-06-01T09:30:00+08:00
2020-05-31,FIX023,2.104310608,-1.436712323,-1.878086777,46659.10184,-0.05299575592,-0.02907524235,2020-05-31T17:30:00+08:00,2020-05-31T18:00:00+08:00,2020-06-01T09:30:00+08:00
2020-05-31,FIX024,0.8233307718,-0.5811660992,1.329587326,49793.9182,-0.04344550333,-0.02907524235,2020-05-31T17:30:00+08:00,2020-05-31T18:00:00+08:00,2020-06-01T09:30:00+08:00
2020-05-31,FIX025,1.40627962,-2.060285637,0.7675878316,6179.635406,-0.03325627027,-0.02907524235,2020-05-31T17:30:00+08:00,2020-05-31T18:00:00+08:00,2020-06-01T09:30:00+08:00
2020-05-31,FIX026,2.308823424,-1.874723404,0.823501057,27363.79256,-0.005273976621,-0.02907524235,2020-05-31T17:30:00+08:00,2020-05-31T18:00:00+08:00,2020-06-01T09:30:00+08:00
2020-05-31,FIX027,1.607147792,-2.001693076,0.5934349845,104326.7988,0.04088167315,-0.02907524235,2020-05-31T17:30:00+08:00,2020-05-31T18:00:00+08:00,2020-06-01T09:30:00+08:00
2020-05-31,FIX028,2.505667991,-2.671178724,1.098861975,45383.01085,0.008042584883,-0.02907524235,2020-05-31T17:30:00+08:00,2020-05-31T18:00:00+08:00,2020-06-01T09:30:00+08:00
2020-05-31,FIX029,0.8287901608,-1.454021633,1.771797463,35866.6621,0.0568710208,-0.02907524235,2020-05-31T17:30:00+08:00,2020-05-31T18:00:00+08:00,2020-06-01T09:30:00+08:00
2020-05-31,FIX030,2.35076786,-2.063673094,0.8684491866,7880.65941,-0.0225027708,-0.02907524235,2020-05-31T17:30:00+08:00,2020-05-31T18:00:00+08:00,2020-06-01T09:30:00+08:00
2020-05-31,FIX031,0.5305592493,0.2383518351,-1.837997471,23906.40399,0.001208219617,-0.02907524235,2020-05-31T17:30:00+08:00,2020-05-31T18:00:00+08:00,2020-06-01T09:30:00+08:00
2020-05-31,FIX032,1.882584861,-3.027201191,-0.8367502003,82923.92475,0.06898912372,-0.02907524235,2020-05-31T17:30:00+08:00,2020-05-31T18:00:00+08:00,2020-06-01T09:30:00+08:00
2020-05-31,FIX033,0.8757240849,-1.651065193,0.8105923729,15088.99761,0.02271417108,-0.02907524235,2020-05-31T17:30:00+08:00,2020-05-31T18:00:00+08:00,2020-06-01T09:30:00+08:00
2020-05-31,FIX034,1.093798362,-1.085940541,1.460624343,54690.82998,-0.003781876057,-0.02907524235,2020-05-31T17:30:00+08:00,2020-05-31T18:00:00+08:00,2020-06-01T09:30:00+08:00
2020-05-31,FIX035,1.962024479,-0.09943185965,3.065399592,21743.36814,0.02490568959,-0.02907524235,2020-05-31T17:30:00+08:00,2020-05-31T18:00:00+08:00,2020-06-01T09:30:00+08:00
2020-05-31,FIX036,1.515725096,-0.8698740242,1.467072585,26543.52901,0.02384761132,-0.02907524235,2020-05-31T17:30:00+08:00,2020-05-31T18:00:00+08:00,2020-06-01T09:30:00+08:00
2020-05-31,FIX037,2.1836016,-1.79329411,2.479801584,40655.5826,0.02837432499,-0.02907524235,2020-05-31T17:30:00+08:00,2020-05-31T18:00:00+08:00,2020-06-01T09:30:00+08:00
2020-05-31,FIX038,0.7804086802,-1.605663682,1.728257995,5867.624675,0.01271467693,-0.02907524235,2020-05-31T17:30:00+08:00,2020-05-31T18:00:00+08:00,2020-06-01T09:30:00+08:00
2020-05-31,FIX039,1.900408674,0.492529743,0.150122063,25638.42909,-0.05241729615,-0.02907524235,2020-05-31T17:30:00+08:00,2020-05-31T18:00:00+08:00,2020-06-01T09:30:00+08:00
2020-06-30,FIX000,0.9660563999,-1.058199987,-1.286180087,7378.160861,0.01904609202,0.03624638622,2020-06-30T17:30:00+08:00,2020-06-30T18:00:00+08:00,2020-07-01T09:30:00+08:00
2020-06-30,FIX001,1.292051159,-1.198252467,1.489728538,70565.7348,0.02097464717,0.03624638622,2020-06-30T17:30:00+08:00,2020-06-30T18:00:00+08:00,2020-07-01T09:30:00+08:00
2020-06-30,FIX002,3.502222656,-0.7130036262,1.916410928,17860.42107,0.03221018968,0.03624638622,2020-06-30T17:30:00+08:00,2020-06-30T18:00:00+08:00,2020-07-01T09:30:00+08:00
2020-06-30,FIX003,2.119403005,0.2856282029,0.2223212691,20588.11185,0.02930286013,0.03624638622,2020-06-30T17:30:00+08:00,2020-06-30T18:00:00+08:00,2020-07-01T09:30:00+08:00
2020-06-30,FIX004,2.638585342,0.09736468753,2.134851939,42850.80314,0.004208315032,0.03624638622,2020-06-30T17:30:00+08:00,2020-06-30T18:00:00+08:00,2020-07-01T09:30:00+08:00
2020-06-30,FIX005,2.528393828,-2.861986242,-0.4653168876,100097.4148,0.02282073886,0.03624638622,2020-06-30T17:30:00+08:00,2020-06-30T18:00:00+08:00,2020-07-01T09:30:00+08:00
2020-06-30,FIX006,2.376144629,-1.90143966,2.473166919,99357.11344,0.01020404836,0.03624638622,2020-06-30T17:30:00+08:00,2020-06-30T18:00:00+08:00,2020-07-01T09:30:00+08:00
2020-06-30,FIX007,1.301260701,-0.5816655114,-0.2566770542,59888.78555,-0.04543364683,0.03624638622,2020-06-30T17:30:00+08:00,2020-06-30T18:00:00+08:00,2020-07-01T09:30:00+08:00
2020-06-30,FIX008,3.707028609,-1.227114189,-0.07075824952,16771.50276,0.02496320897,0.03624638622,2020-06-30T17:30:00+08:00,2020-06-30T18:00:00+08:00,2020-07-01T09:30:00+08:00
2020-06-30,FIX009,3.793226774,-0.6351970158,0.2681605269,20422.14518,0.02841176582,0.03624638622,2020-06-30T17:30:00+08:00,2020-06-30T18:00:00+08:00,2020-07-01T09:30:00+08:00
2020-06-30,FIX010,2.312695107,-2.756728552,1.270656279,37976.2845,-0.09360315693,0.03624638622,2020-06-30T17:30:00+08:00,2020-06-30T18:00:00+08:00,2020-07-01T09:30:00+08:00
2020-06-30,FIX011,1.430231961,-0.5014470394,0.9806965614,11810.90887,-0.004550587008,0.03624638622,2020-06-30T17:30:00+08:00,2020-06-30T18:00:00+08:00,2020-07-01T09:30:00+08:00
2020-06-30,FIX012,2.203302991,-1.138906317,1.228237217,86085.26641,0.03940391612,0.03624638622,2020-06-30T17:30:00+08:00,2020-06-30T18:00:00+08:00,2020-07-01T09:30:00+08:00
2020-06-30,FIX013,2.638688318,-0.04323863052,-0.798367161,12124.67137,0.001760296586,0.03624638622,2020-06-30T17:30:00+08:00,2020-06-30T18:00:00+08:00,2020-07-01T09:30:00+08:00
2020-06-30,FIX014,0.266439212,0.3013436671,0.1686389798,24059.64859,-0.01255234741,0.03624638622,2020-06-30T17:30:00+08:00,2020-06-30T18:00:00+08:00,2020-07-01T09:30:00+08:00
2020-06-30,FIX015,0.8446665649,0.04601134901,1.53580887,13425.35793,-0.01572098688,0.03624638622,2020-06-30T17:30:00+08:00,2020-06-30T18:00:00+08:00,2020-07-01T09:30:00+08:00
2020-06-30,FIX016,1.464450103,-1.324198287,-0.2035489889,54799.94123,-0.01257568279,0.03624638622,2020-06-30T17:30:00+08:00,2020-06-30T18:00:00+08:00,2020-07-01T09:30:00+08:00
2020-06-30,FIX017,0.5388800758,-1.265689746,0.1850978681,8752.675899,-0.01341038149,0.03624638622,2020-06-30T17:30:00+08:00,2020-06-30T18:00:00+08:00,2020-07-01T09:30:00+08:00
2020-06-30,FIX018,1.908544155,-1.513915284,0.6204236526,28115.75553,0.006754769457,0.03624638622,2020-06-30T17:30:00+08:00,2020-06-30T18:00:00+08:00,2020-07-01T09:30:00+08:00
2020-06-30,FIX019,0.1880863634,-0.4743604408,-1.114755663,4887.514996,-0.03353241937,0.03624638622,2020-06-30T17:30:00+08:00,2020-06-30T18:00:00+08:00,2020-07-01T09:30:00+08:00
2020-06-30,FIX020,2.798393796,-1.000659298,0.9634027596,18336.74059,-0.01235133095,0.03624638622,2020-06-30T17:30:00+08:00,2020-06-30T18:00:00+08:00,2020-07-01T09:30:00+08:00
2020-06-30,FIX021,0.1338842574,-1.745242188,2.214818934,122240.7482,0.03359190874,0.03624638622,2020-06-30T17:30:00+08:00,2020-06-30T18:00:00+08:00,2020-07-01T09:30:00+08:00
2020-06-30,FIX022,-0.2717649281,-1.465275165,-0.1136721663,24492.37623,-0.01012173869,0.03624638622,2020-06-30T17:30:00+08:00,2020-06-30T18:00:00+08:00,2020-07-01T09:30:00+08:00
2020-06-30,FIX023,1.938314622,-1.842550576,-1.64563777,12389.32648,0.03084602667,0.03624638622,2020-06-30T17:30:00+08:00,2020-06-30T18:00:00+08:00,2020-07-01T09:30:00+08:00
2020-06-30,FIX024,0.773047533,0.3223460415,2.222102632,13020.6998,-0.03884282287,0.03624638622,2020-06-30T17:30:00+08:00,2020-06-30T18:00:00+08:00,2020-07-01T09:30:00+08:00
2020-06-30,FIX025,2.086194799,-2.493540461,1.445606942,9931.998576,-0.0772185303,0.03624638622,2020-06-30T17:30:00+08:00,2020-06-30T18:00:00+08:00,2020-07-01T09:30:00+08:00
2020-06-30,FIX026,2.948469779,-2.463729055,1.317041173,19205.91524,0.06514271018,0.03624638622,2020-06-30T17:30:00+08:00,2020-06-30T18:00:00+08:00,2020-07-01T09:30:00+08:00
2020-06-30,FIX027,1.531321508,-1.178040299,1.050277942,61127.98744,-0.1023820599,0.03624638622,2020-06-30T17:30:00+08:00,2020-06-30T18:00:00+08:00,2020-07-01T09:30:00+08:00
2020-06-30,FIX028,3.718238921,-2.214286525,0.8799005888,15185.20223,-0.01390702469,0.03624638622,2020-06-30T17:30:00+08:00,2020-06-30T18:00:00+08:00,2020-07-01T09:30:00+08:00
2020-06-30,FIX029,0.627975263,-1.209601012,2.234121158,58104.11336,0.057974289,0.03624638622,2020-06-30T17:30:00+08:00,2020-06-30T18:00:00+08:00,2020-07-01T09:30:00+08:00
2020-06-30,FIX030,2.69190462,-1.765340978,0.5265242212,11957.121,-0.0291247941,0.03624638622,2020-06-30T17:30:00+08:00,2020-06-30T18:00:00+08:00,2020-07-01T09:30:00+08:00
2020-06-30,FIX031,1.545425023,0.268442487,-1.217791015,12794.58617,0.02988988712,0.03624638622,2020-06-30T17:30:00+08:00,2020-06-30T18:00:00+08:00,2020-07-01T09:30:00+08:00
2020-06-30,FIX032,2.271257302,-2.632360252,-0.1987125623,23034.05907,0.09798451658,0.03624638622,2020-06-30T17:30:00+08:00,2020-06-30T18:00:00+08:00,2020-07-01T09:30:00+08:00
2020-06-30,FIX033,0.9111574588,-1.238480481,0.08428980459,23603.14285,-0.04288433034,0.03624638622,2020-06-30T17:30:00+08:00,2020-06-30T18:00:00+08:00,2020-07-01T09:30:00+08:00
2020-06-30,FIX034,1.398841623,-1.883304793,1.64443052,11839.91017,0.003535401356,0.03624638622,2020-06-30T17:30:00+08:00,2020-06-30T18:00:00+08:00,2020-07-01T09:30:00+08:00
2020-06-30,FIX035,2.45330019,0.3385936676,3.496580462,3462.970658,-0.01593142097,0.03624638622,2020-06-30T17:30:00+08:00,2020-06-30T18:00:00+08:00,2020-07-01T09:30:00+08:00
2020-06-30,FIX036,1.809379225,-1.258871201,1.767318068,7540.884617,0.02536336733,0.03624638622,2020-06-30T17:30:00+08:00,2020-06-30T18:00:00+08:00,2020-07-01T09:30:00+08:00
2020-06-30,FIX037,2.312314593,-2.430139896,1.774528783,28294.73151,-0.002854348792,0.03624638622,2020-06-30T17:30:00+08:00,2020-06-30T18:00:00+08:00,2020-07-01T09:30:00+08:00
2020-06-30,FIX038,-0.08487235698,-1.476248669,1.084033064,24135.97617,0.03605508668,0.03624638622,2020-06-30T17:30:00+08:00,2020-06-30T18:00:00+08:00,2020-07-01T09:30:00+08:00
2020-06-30,FIX039,1.534699936,0.5440563345,0.4556138056,77694.16925,0.008995576108,0.03624638622,2020-06-30T17:30:00+08:00,2020-06-30T18:00:00+08:00,2020-07-01T09:30:00+08:00
2020-07-31,FIX000,1.000014819,-0.03758332833,-0.3209838556,3823.808526,-0.01189750298,0.02584524118,2020-07-31T17:30:00+08:00,2020-07-31T18:00:00+08:00,2020-08-03T09:30:00+08:00
2020-07-31,FIX001,1.440409916,-1.525747084,1.602368941,11789.55364,0.08742326355,0.02584524118,2020-07-31T17:30:00+08:00,2020-07-31T18:00:00+08:00,2020-08-03T09:30:00+08:00
2020-07-31,FIX002,3.354974888,-1.052411725,1.621761196,1850.576191,0.00026712927,0.02584524118,2020-07-31T17:30:00+08:00,2020-07-31T18:00:00+08:00,2020-08-03T09:30:00+08:00
2020-07-31,FIX003,3.188078067,-0.211234621,1.186804343,55616.99972,0.03221129712,0.02584524118,2020-07-31T17:30:00+08:00,2020-07-31T18:00:00+08:00,2020-08-03T09:30:00+08:00
2020-07-31,FIX004,1.988065036,1.201750469,2.100027737,24954.62575,-0.02390742372,0.02584524118,2020-07-31T17:30:00+08:00,2020-07-31T18:00:00+08:00,2020-08-03T09:30:00+08:00
2020-07-31,FIX005,2.591311098,-1.254480896,-0.582407375,21422.8435,0.03864857454,0.02584524118,2020-07-31T17:30:00+08:00,2020-07-31T18:00:00+08:00,2020-08-03T09:30:00+08:00
2020-07-31,FIX006,2.469584656,-1.844706076,2.871689079,28210.37881,0.03268790695,0.02584524118,2020-07-31T17:30:00+08:00,2020-07-31T18:00:00+08:00,2020-08-03T09:30:00+08:00
2020-07-31,FIX007,1.484773649,-0.822048069,-1.078149857,5273.86188,-0.07260801101,0.02584524118,2020-07-31T17:30:00+08:00,2020-07-31T18:00:00+08:00,2020-08-03T09:30:00+08:00
2020-07-31,FIX008,3.89103108,-1.963962062,1.073890039,88912.12615,0.01935631938,0.02584524118,2020-07-31T17:30:00+08:00,2020-07-31T18:00:00+08:00,2020-08-03T09:30:00+08:00
2020-07-31,FIX009,4.359942683,0.02279312346,0.5101821021,18054.40461,-0.0288075449,0.02584524118,2020-07-31T17:30:00+08:00,2020-07-31T18:00:00+08:00,2020-08-03T09:30:00+08:00
2020-07-31,FIX010,2.44379875,-2.658479245,0.5763705562,55455.3857,-0.0402302146,0.02584524118,2020-07-31T17:30:00+08:00,2020-07-31T18:00:00+08:00,2020-08-03T09:30:00+08:00
2020-07-31,FIX011,1.146381477,-0.9794003797,0.7585219181,9962.157093,0.03203841027,0.02584524118,2020-07-31T17:30:00+08:00,2020-07-31T18:00:00+08:00,2020-08-03T09:30:00+08:00
2020-07-31,FIX012,1.533424642,-1.913500781,0.9709619229,15898.82624,-0.03077906196,0.02584524118,2020-07-31T17:30:00+08:00,2020-07-31T18:00:00+08:00,2020-08-03T09:30:00+08:00
2020-07-31,FIX013,2.635151159,-1.224840343,-0.8738808206,25584.96963,0.03611905503,0.02584524118,2020-07-31T17:30:00+08:00,2020-07-31T18:00:00+08:00,2020-08-03T09:30:00+08:00
2020-07-31,FIX014,0.4426867667,-0.7612546846,1.050175047,31959.63164,0.03171185994,0.02584524118,2020-07-31T17:30:00+08:00,2020-07-31T18:00:00+08:00,2020-08-03T09:30:00+08:00
2020-07-31,FIX015,1.018855529,-0.1586879315,1.1710757,37537.44284,-0.009128261766,0.02584524118,2020-07-31T17:30:00+08:00,2020-07-31T18:00:00+08:00,2020-08-03T09:30:00+08:00
2020-07-31,FIX016,0.6166637673,-1.350058522,0.6050874709,34552.51044,-0.02994249907,0.02584524118,2020-07-31T17:30:00+08:00,2020-07-31T18:00:00+08:00,2020-08-03T09:30:00+08:00
2020-07-31,FIX017,0.5643899739,-1.65004225,1.389587022,39659.91744,-0.05224758388,0.02584524118,2020-07-31T17:30:00+08:00,2020-07-31T18:00:00+08:00,2020-08-03T09:30:00+08:00
2020-07-31,FIX018,1.691574007,-0.4955982337,0.9437579268,33895.95195,0.02391955914,0.02584524118,2020-07-31T17:30:00+08:00,2020-07-31T18:00:00+08:00,2020-08-03T09:30:00+08:00
2020-07-31,FIX019,0.801172339,-0.2082613639,-0.07960188509,45052.29398,0.05554851977,0.02584524118,2020-07-31T17:30:00+08:00,2020-07-31T18:00:00+08:00,2020-08-03T09:30:00+08:00
2020-07-31,FIX020,2.822385624,-1.362944466,1.241205149,6387.244167,-0.0177366045,0.02584524118,2020-07-31T17:30:00+08:00,2020-07-31T18:00:00+08:00,2020-08-03T09:30:00+08:00
2020-07-31,FIX021,-0.1778785074,-1.097411126,0.3561281259,3277.739894,-0.008124583414,0.02584524118,2020-07-31T17:30:00+08:00,2020-07-31T18:00:00+08:00,2020-08-03T09:30:00+08:00
2020-07-31,FIX022,0.6286437864,-1.317482002,-0.6415932272,17732.43415,-0.04857906435,0.02584524118,2020-07-31T17:30:00+08:00,2020-07-31T18:00:00+08:00,2020-08-03T09:30:00+08:00
2020-07-31,FIX023,0.7488939396,-2.559743634,-1.960213788,13581.71694,0.01866210177,0.02584524118,2020-07-31T17:30:00+08:00,2020-07-31T18:00:00+08:00,2020-08-03T09:30:00+08:00
2020-07-31,FIX024,0.4353852766,-0.9528132702,1.165017661,77152.0614,0.002080430476,0.02584524118,2020-07-31T17:30:00+08:00,2020-07-31T18:00:00+08:00,2020-08-03T09:30:00+08:00
2020-07-31,FIX025,2.162740008,-2.134258512,1.684030307,7478.043553,-0.01182296929,0.02584524118,2020-07-31T17:30:00+08:00,2020-07-31T18:00:00+08:00,2020-08-03T09:30:00+08:00
2020-07-31,FIX026,2.539314536,-2.439444853,1.491050831,38536.53962,-0.05013070793,0.02584524118,2020-07-31T17:30:00+08:00,2020-07-31T18:00:00+08:00,2020-08-03T09:30:00+08:00
2020-07-31,FIX027,1.420214051,-1.395632168,1.043995575,9642.680962,-0.02462888825,0.02584524118,2020-07-31T17:30:00+08:00,2020-07-31T18:00:00+08:00,2020-08-03T09:30:00+08:00
2020-07-31,FIX028,3.812989385,-2.493799261,-0.1436148946,35272.28468,-0.005500645961,0.02584524118,2020-07-31T17:30:00+08:00,2020-07-31T18:00:00+08:00,2020-08-03T09:30:00+08:00
2020-07-31,FIX029,0.2274437066,-1.017218286,1.614001118,5769.613225,-0.03312235811,0.02584524118,2020-07-31T17:30:00+08:00,2020-07-31T18:00:00+08:00,2020-08-03T09:30:00+08:00
2020-07-31,FIX030,1.668602704,-0.6964118737,0.5193566492,18005.27759,0.03042587805,0.02584524118,2020-07-31T17:30:00+08:00,2020-07-31T18:00:00+08:00,2020-08-03T09:30:00+08:00
2020-07-31,FIX031,1.782647684,-0.5038445841,-1.516981128,5304.495852,0.07319001939,0.02584524118,2020-07-31T17:30:00+08:00,2020-07-31T18:00:00+08:00,2020-08-03T09:30:00+08:00
2020-07-31,FIX032,2.181103716,-1.367837247,-0.3226962339,5694.045078,-0.02519684276,0.02584524118,2020-07-31T17:30:00+08:00,2020-07-31T18:00:00+08:00,2020-08-03T09:30:00+08:00
2020-07-31,FIX033,1.009007293,-2.345304603,0.5124986428,18468.22388,0.03160969298,0.02584524118,2020-07-31T17:30:00+08:00,2020-07-31T18:00:00+08:00,2020-08-03T09:30:00+08:00
2020-07-31,FIX034,1.901225691,-1.897727492,1.550542258,22371.22736,0.01226454077,0.02584524118,2020-07-31T17:30:00+08:00,2020-07-31T18:00:00+08:00,2020-08-03T09:30:00+08:00
2020-07-31,FIX035,3.311107469,0.4649590711,3.657639778,43389.70229,0.003623049829,0.02584524118,2020-07-31T17:30:00+08:00,2020-07-31T18:00:00+08:00,2020-08-03T09:30:00+08:00
2020-07-31,FIX036,3.181430753,-2.78885398,0.7501282577,51519.26466,-0.02824093231,0.02584524118,2020-07-31T17:30:00+08:00,2020-07-31T18:00:00+08:00,2020-08-03T09:30:00+08:00
2020-07-31,FIX037,2.47529955,-2.513425525,1.307426387,84373.45712,-0.01763094617,0.02584524118,2020-07-31T17:30:00+08:00,2020-07-31T18:00:00+08:00,2020-08-03T09:30:00+08:00
2020-07-31,FIX038,0.3319254445,-1.679979368,1.518000938,12848.96422,0.02766097137,0.02584524118,2020-07-31T17:30:00+08:00,2020-07-31T18:00:00+08:00,2020-08-03T09:30:00+08:00
2020-07-31,FIX039,2.543425784,0.8228460645,0.4144280822,38775.17943,0.06435899418,0.02584524118,2020-07-31T17:30:00+08:00,2020-07-31T18:00:00+08:00,2020-08-03T09:30:00+08:00
2020-08-31,FIX000,1.236306013,-0.4766779608,-0.2242406908,153907.9463,0.005094669157,0.04671655508,2020-08-31T17:30:00+08:00,2020-08-31T18:00:00+08:00,2020-09-01T09:30:00+08:00
2020-08-31,FIX001,1.287769878,-1.283791486,0.980851992,13518.42205,0.01886090691,0.04671655508,2020-08-31T17:30:00+08:00,2020-08-31T18:00:00+08:00,2020-09-01T09:30:00+08:00
2020-08-31,FIX002,4.100033633,-1.040871949,1.18480846,137956.7758,-0.03630166298,0.04671655508,2020-08-31T17:30:00+08:00,2020-08-31T18:00:00+08:00,2020-09-01T09:30:00+08:00
2020-08-31,FIX003,3.295344415,-0.7531016484,0.424303245,20494.4483,0.05530924453,0.04671655508,2020-08-31T17:30:00+08:00,2020-08-31T18:00:00+08:00,2020-09-01T09:30:00+08:00
2020-08-31,FIX004,1.234001738,0.946228755,2.075270448,22078.6798,-0.005996755845,0.04671655508,2020-08-31T17:30:00+08:00,2020-08-31T18:00:00+08:00,2020-09-01T09:30:00+08:00
2020-08-31,FIX005,2.282958893,-1.737182549,0.01386583094,21743.13457,-0.02948450794,0.04671655508,2020-08-31T17:30:00+08:00,2020-08-31T18:00:00+08:00,2020-09-01T09:30:00+08:00
2020-08-31,FIX006,2.126264352,-2.942162091,2.548343759,24778.03864,0.009787094897,0.04671655508,2020-08-31T17:30:00+08:00,2020-08-31T18:00:00+08:00,2020-09-01T09:30:00+08:00
2020-08-31,FIX007,1.664448873,-0.9781230058,-0.5514339618,27721.52399,-0.00370610996,0.04671655508,2020-08-31T17:30:00+08:00,2020-08-31T18:00:00+08:00,2020-09-01T09:30:00+08:00
2020-08-31,FIX008,2.762391023,-1.20234943,0.1270742291,18182.87417,-0.05628042095,0.04671655508,2020-08-31T17:30:00+08:00,2020-08-31T18:00:00+08:00,2020-09-01T09:30:00+08:00
2020-08-31,FIX009,5.168445414,-1.218892719,0.5222313334,45026.03856,-0.03514072255,0.04671655508,2020-08-31T17:30:00+08:00,2020-08-31T18:00:00+08:00,2020-09-01T09:30:00+08:00
2020-08-31,FIX010,2.53112503,-2.140927122,0.3414751982,23254.5871,0.04759060279,0.04671655508,2020-08-31T17:30:00+08:00,2020-08-31T18:00:00+08:00,2020-09-01T09:30:00+08:00
2020-08-31,FIX011,0.6588727406,-0.5443506161,0.8073953491,11600.56277,-0.03119855046,0.04671655508,2020-08-31T17:30:00+08:00,2020-08-31T18:00:00+08:00,2020-09-01T09:30:00+08:00
2020-08-31,FIX012,1.99504434,-2.611734711,0.9342923897,90219.16964,-0.04754236573,0.04671655508,2020-08-31T17:30:00+08:00,2020-08-31T18:00:00+08:00,2020-09-01T09:30:00+08:00
2020-08-31,FIX013,1.642363827,-1.675024926,0.7341354115,4222.784746,0.04494347956,0.04671655508,2020-08-31T17:30:00+08:00,2020-08-31T18:00:00+08:00,2020-09-01T09:30:00+08:00
2020-08-31,FIX014,1.026760099,-1.443720052,1.665505605,23936.306,0.01413851134,0.04671655508,2020-08-31T17:30:00+08:00,2020-08-31T18:00:00+08:00,2020-09-01T09:30:00+08:00
2020-08-31,FIX015,0.7348448426,-0.8124495752,0.6900224635,81565.10107,-0.01500008819,0.04671655508,2020-08-31T17:30:00+08:00,2020-08-31T18:00:00+08:00,2020-09-01T09:30:00+08:00
2020-08-31,FIX016,0.4345127617,-1.169002606,0.9077894893,60842.024,0.01101272808,0.04671655508,2020-08-31T17:30:00+08:00,2020-08-31T18:00:00+08:00,2020-09-01T09:30:00+08:00
2020-08-31,FIX017,1.120110681,-1.705993078,1.316919645,107657.6579,0.006447268502,0.04671655508,2020-08-31T17:30:00+08:00,2020-08-31T18:00:00+08:00,2020-09-01T09:30:00+08:00
2020-08-31,FIX018,0.7372691245,-0.751976252,0.05281827316,10751.76834,0.08989371098,0.04671655508,2020-08-31T17:30:00+08:00,2020-08-31T18:00:00+08:00,2020-09-01T09:30:00+08:00
2020-08-31,FIX019,0.8411741923,-0.6290418525,-0.3583200964,45781.50617,0.04796429952,0.04671655508,2020-08-31T17:30:00+08:00,2020-08-31T18:00:00+08:00,2020-09-01T09:30:00+08:00
2020-08-31,FIX020,1.036730565,-2.112609078,0.9929535111,3756.630112,0.009774513381,0.04671655508,2020-08-31T17:30:00+08:00,2020-08-31T18:00:00+08:00,2020-09-01T09:30:00+08:00
2020-08-31,FIX021,0.9327778177,-0.6872010483,-0.1101125392,46041.10604,-0.001391745288,0.04671655508,2020-08-31T17:30:00+08:00,2020-08-31T18:00:00+08:00,2020-09-01T09:30:00+08:00
2020-08-31,FIX022,1.865702499,-1.975121664,-1.147078371,137760.7774,0.03177523861,0.04671655508,2020-08-31T17:30:00+08:00,2020-08-31T18:00:00+08:00,2020-09-01T09:30:00+08:00
2020-08-31,FIX023,2.069753819,-2.202404318,-0.251678993,55215.57237,0.009643551549,0.04671655508,2020-08-31T17:30:00+08:00,2020-08-31T18:00:00+08:00,2020-09-01T09:30:00+08:00
2020-08-31,FIX024,-0.3280220856,-0.4641471767,0.5663659719,45077.71818,-0.03678110573,0.04671655508,2020-08-31T17:30:00+08:00,2020-08-31T18:00:00+08:00,2020-09-01T09:30:00+08:00
2020-08-31,FIX025,1.81845165,-1.47563355,1.910641259,39575.85483,0.04379071182,0.04671655508,2020-08-31T17:30:00+08:00,2020-08-31T18:00:00+08:00,2020-09-01T09:30:00+08:00
2020-08-31,FIX026,2.428826442,-3.173133333,1.70359309,40541.2373,-0.02540773063,0.04671655508,2020-08-31T17:30:00+08:00,2020-08-31T18:00:00+08:00,2020-09-01T09:30:00+08:00
2020-08-31,FIX027,0.3890995473,-1.587365388,1.498604465,6565.033727,0.03064873234,0.04671655508,2020-08-31T17:30:00+08:00,2020-08-31T18:00:00+08:00,2020-09-01T09:30:00+08:00
2020-08-31,FIX028,4.397440478,-1.891702981,-0.2120845029,22760.93733,0.03084793955,0.04671655508,2020-08-31T17:30:00+08:00,2020-08-31T18:00:00+08:00,2020-09-01T09:30:00+08:00
2020-08-31,FIX029,-0.8567012182,-0.2853349598,0.03871478788,14785.00563,-0.03022288649,0.04671655508,2020-08-31T17:30:00+08:00,2020-08-31T18:00:00+08:00,2020-09-01T09:30:00+08:00
2020-08-31,FIX030,1.750590732,-0.7109369676,-0.4780745303,6674.049874,0.06853519755,0.04671655508,2020-08-31T17:30:00+08:00,2020-08-31T18:00:00+08:00,2020-09-01T09:30:00+08:00
2020-08-31,FIX031,2.10650992,-1.116683227,-1.096276597,24127.12425,0.02337533909,0.04671655508,2020-08-31T17:30:00+08:00,2020-08-31T18:00:00+08:00,2020-09-01T09:30:00+08:00
2020-08-31,FIX032,2.458732632,-0.7599878177,-0.2959319068,21737.12628,-0.009289055773,0.04671655508,2020-08-31T17:30:00+08:00,2020-08-31T18:00:00+08:00,2020-09-01T09:30:00+08:00
2020-08-31,FIX033,2.082335921,-2.540711676,0.7632915525,14455.26781,0.02984863366,0.04671655508,2020-08-31T17:30:00+08:00,2020-08-31T18:00:00+08:00,2020-09-01T09:30:00+08:00
2020-08-31,FIX034,2.584430267,-2.046234737,1.570173623,18871.24896,0.04214270588,0.04671655508,2020-08-31T17:30:00+08:00,2020-08-31T18:00:00+08:00,2020-09-01T09:30:00+08:00
2020-08-31,FIX035,2.550371886,0.09413619882,2.361919123,52087.64871,0.02466842278,0.04671655508,2020-08-31T17:30:00+08:00,2020-08-31T18:00:00+08:00,2020-09-01T09:30:00+08:00
2020-08-31,FIX036,3.012167456,-3.476045541,0.8036003991,3080.51942,-0.003259727098,0.04671655508,2020-08-31T17:30:00+08:00,2020-08-31T18:00:00+08:00,2020-09-01T09:30:00+08:00
2020-08-31,FIX037,2.751480875,-2.454567814,1.424714084,56576.80775,0.0308078153,0.04671655508,2020-08-31T17:30:00+08:00,2020-08-31T18:00:00+08:00,2020-09-01T09:30:00+08:00
2020-08-31,FIX038,0.6575750731,-1.968706657,1.846737957,33560.27394,0.004678355374,0.04671655508,2020-08-31T17:30:00+08:00,2020-08-31T18:00:00+08:00,2020-09-01T09:30:00+08:00
2020-08-31,FIX039,2.684184748,0.7378054006,-0.1969065409,37093.47255,-0.03680517284,0.04671655508,2020-08-31T17:30:00+08:00,2020-08-31T18:00:00+08:00,2020-09-01T09:30:00+08:00
2020-09-30,FIX000,1.182677514,-0.3686079098,-0.6305394564,102683.019,-0.03891156579,0.02492878998,2020-09-30T17:30:00+08:00,2020-09-30T18:00:00+08:00,2020-10-01T09:30:00+08:00
2020-09-30,FIX001,1.228598861,-1.584672905,1.900765859,50169.16527,-0.004031102362,0.02492878998,2020-09-30T17:30:00+08:00,2020-09-30T18:00:00+08:00,2020-10-01T09:30:00+08:00
2020-09-30,FIX002,3.277166125,0.2740520623,1.070785879,24558.6566,0.01377728266,0.02492878998,2020-09-30T17:30:00+08:00,2020-09-30T18:00:00+08:00,2020-10-01T09:30:00+08:00
2020-09-30,FIX003,3.587331306,-0.7562189803,0.1803878449,49282.97804,-0.068177575,0.02492878998,2020-09-30T17:30:00+08:00,2020-09-30T18:00:00+08:00,2020-10-01T09:30:00+08:00
2020-09-30,FIX004,1.070410169,1.630006219,1.657727166,17831.9573,-0.02029370311,0.02492878998,2020-09-30T17:30:00+08:00,2020-09-30T18:00:00+08:00,2020-10-01T09:30:00+08:00
2020-09-30,FIX005,4.008198277,-1.375122343,0.231199234,34120.02808,0.04109641739,0.02492878998,2020-09-30T17:30:00+08:00,2020-09-30T18:00:00+08:00,2020-10-01T09:30:00+08:00
2020-09-30,FIX006,2.255962754,-3.621571699,1.663072668,16713.78239,0.02977306001,0.02492878998,2020-09-30T17:30:00+08:00,2020-09-30T18:00:00+08:00,2020-10-01T09:30:00+08:00
2020-09-30,FIX007,1.551462676,-1.082077698,-0.8313088556,10784.55795,-0.03266050092,0.02492878998,2020-09-30T17:30:00+08:00,2020-09-30T18:00:00+08:00,2020-10-01T09:30:00+08:00
2020-09-30,FIX008,1.020632868,-0.9414026292,-0.3639991058,10048.99116,0.000554776939,0.02492878998,2020-09-30T17:30:00+08:00,2020-09-30T18:00:00+08:00,2020-10-01T09:30:00+08:00
2020-09-30,FIX009,5.312804944,-1.902763987,1.114217566,26369.99992,0.04847638679,0.02492878998,2020-09-30T17:30:00+08:00,2020-09-30T18:00:00+08:00,2020-10-01T09:30:00+08:00
2020-09-30,FIX010,2.846863563,-2.122944287,0.3392384386,55672.24837,0.01940398367,0.02492878998,2020-09-30T17:30:00+08:00,2020-09-30T18:00:00+08:00,2020-10-01T09:30:00+08:00
2020-09-30,FIX011,0.3071351536,-0.7185059237,0.2869719996,4821.385448,0.03480808375,0.02492878998,2020-09-30T17:30:00+08:00,2020-09-30T18:00:00+08:00,2020-10-01T09:30:00+08:00
2020-09-30,FIX012,1.984301785,-2.227568157,0.9327015841,42337.43228,-0.02085583145,0.02492878998,2020-09-30T17:30:00+08:00,2020-09-30T18:00:00+08:00,2020-10-01T09:30:00+08:00
2020-09-30,FIX013,1.304127013,-2.678348733,1.049227337,46686.20429,0.009613969467,0.02492878998,2020-09-30T17:30:00+08:00,2020-09-30T18:00:00+08:00,2020-10-01T09:30:00+08:00
2020-09-30,FIX014,0.4031430037,-1.018403915,1.929950568,3735.528722,-0.03709864848,0.02492878998,2020-09-30T17:30:00+08:00,2020-09-30T18:00:00+08:00,2020-10-01T09:30:00+08:00
2020-09-30,FIX015,0.9147605946,-0.8208870422,0.8853635054,7969.616929,-0.03043014413,0.02492878998,2020-09-30T17:30:00+08:00,2020-09-30T18:00:00+08:00,2020-10-01T09:30:00+08:00
2020-09-30,FIX016,0.4262051631,-0.9104202959,0.3149573974,89176.5469,-0.01162458678,0.02492878998,2020-09-30T17:30:00+08:00,2020-09-30T18:00:00+08:00,2020-10-01T09:30:00+08:00
2020-09-30,FIX017,0.9812054228,-1.313401067,0.1723825682,20512.09551,0.008302238946,0.02492878998,2020-09-30T17:30:00+08:00,2020-09-30T18:00:00+08:00,2020-10-01T09:30:00+08:00
2020-09-30,FIX018,1.56645849,-0.9425731006,0.4878048236,34417.16507,0.002146903036,0.02492878998,2020-09-30T17:30:00+08:00,2020-09-30T18:00:00+08:00,2020-10-01T09:30:00+08:00
2020-09-30,FIX019,0.4744827794,-0.2899195362,-0.06202172935,14037.25068,-0.00219527534,0.02492878998,2020-09-30T17:30:00+08:00,2020-09-30T18:00:00+08:00,2020-10-01T09:30:00+08:00
2020-09-30,FIX020,1.24699945,-1.593853291,0.3643440931,14374.73597,-0.02545857585,0.02492878998,2020-09-30T17:30:00+08:00,2020-09-30T18:00:00+08:00,2020-10-01T09:30:00+08:00
2020-09-30,FIX021,1.125835318,-2.000746005,-0.7051046164,45103.17607,0.01528157259,0.02492878998,2020-09-30T17:30:00+08:00,2020-09-30T18:00:00+08:00,2020-10-01T09:30:00+08:00
2020-09-30,FIX022,2.747827947,-1.04411364,0.1705354757,125573.3661,0.02813364932,0.02492878998,2020-09-30T17:30:00+08:00,2020-09-30T18:00:00+08:00,2020-10-01T09:30:00+08:00
2020-09-30,FIX023,2.097379341,-1.269353712,-0.4837507546,17025.79576,-0.03781375891,0.02492878998,2020-09-30T17:30:00+08:00,2020-09-30T18:00:00+08:00,2020-10-01T09:30:00+08:00
2020-09-30,FIX024,-0.5594708862,-0.7792252379,0.2920681677,5412.600891,-0.0368070703,0.02492878998,2020-09-30T17:30:00+08:00,2020-09-30T18:00:00+08:00,2020-10-01T09:30:00+08:00
2020-09-30,FIX025,1.8120622,-1.244137636,1.297832225,17463.09253,0.0208278126,0.02492878998,2020-09-30T17:30:00+08:00,2020-09-30T18:00:00+08:00,2020-10-01T09:30:00+08:00
2020-09-30,FIX026,2.037575052,-2.171209581,0.7960987054,6513.617272,0.06304438275,0.02492878998,2020-09-30T17:30:00+08:00,2020-09-30T18:00:00+08:00,2020-10-01T09:30:00+08:00
2020-09-30,FIX027,-0.04429146508,-2.042010828,1.532983996,13684.1306,0.03115003781,0.02492878998,2020-09-30T17:30:00+08:00,2020-09-30T18:00:00+08:00,2020-10-01T09:30:00+08:00
2020-09-30,FIX028,3.874385667,-1.435203146,-0.445427158,7746.065519,-0.04513579933,0.02492878998,2020-09-30T17:30:00+08:00,2020-09-30T18:00:00+08:00,2020-10-01T09:30:00+08:00
2020-09-30,FIX029,0.4129420641,-1.44546863,0.4354371934,49120.05857,0.02210767148,0.02492878998,2020-09-30T17:30:00+08:00,2020-09-30T18:00:00+08:00,2020-10-01T09:30:00+08:00
2020-09-30,FIX030,2.920274147,-1.493490684,0.3388390761,38986.2293,-0.007815973339,0.02492878998,2020-09-30T17:30:00+08:00,2020-09-30T18:00:00+08:00,2020-10-01T09:30:00+08:00
2020-09-30,FIX031,2.051037089,-1.800053864,-0.09128126788,75756.28651,-0.05253010282,0.02492878998,2020-09-30T17:30:00+08:00,2020-09-30T18:00:00+08:00,2020-10-01T09:30:00+08:00
2020-09-30,FIX032,2.221913336,-0.605701087,0.2842032619,25050.44336,-0.04940855018,0.02492878998,2020-09-30T17:30:00+08:00,2020-09-30T18:00:00+08:00,2020-10-01T09:30:00+08:00
2020-09-30,FIX033,1.09556776,-1.73094658,0.7245946952,6098.742922,-0.02418255256,0.02492878998,2020-09-30T17:30:00+08:00,2020-09-30T18:00:00+08:00,2020-10-01T09:30:00+08:00
2020-09-30,FIX034,1.436047168,-1.280816101,2.46254845,9016.0806,-0.052360026,0.02492878998,2020-09-30T17:30:00+08:00,2020-09-30T18:00:00+08:00,2020-10-01T09:30:00+08:00
2020-09-30,FIX035,1.776046044,-0.5681787785,1.89853247,7173.833757,-0.03967644947,0.02492878998,2020-09-30T17:30:00+08:00,2020-09-30T18:00:00+08:00,2020-10-01T09:30:00+08:00
2020-09-30,FIX036,3.65409962,-3.451422698,1.211723447,38697.87902,-0.0335861875,0.02492878998,2020-09-30T17:30:00+08:00,2020-09-30T18:00:00+08:00,2020-10-01T09:30:00+08:00
2020-09-30,FIX037,2.857345708,-1.472800428,0.4676083654,6653.517892,0.06396008869,0.02492878998,2020-09-30T17:30:00+08:00,2020-09-30T18:00:00+08:00,2020-10-01T09:30:00+08:00
2020-09-30,FIX038,0.4441965249,-1.861938209,1.744282923,16023.35806,0.02486712661,0.02492878998,2020-09-30T17:30:00+08:00,2020-09-30T18:00:00+08:00,2020-10-01T09:30:00+08:00
2020-09-30,FIX039,2.523853745,0.8255882111,0.1728011491,13744.12466,-0.04216880216,0.02492878998,2020-09-30T17:30:00+08:00,2020-09-30T18:00:00+08:00,2020-10-01T09:30:00+08:00
2020-10-31,FIX000,-0.2647467921,-0.9317465219,-0.2082602406,14424.70457,-0.02556730898,0.02449883047,2020-10-31T17:30:00+08:00,2020-10-31T18:00:00+08:00,2020-11-02T09:30:00+08:00
2020-10-31,FIX001,0.2415707404,-0.2588001674,0.4705001195,2682.104222,-0.03083298019,0.02449883047,2020-10-31T17:30:00+08:00,2020-10-31T18:00:00+08:00,2020-11-02T09:30:00+08:00
2020-10-31,FIX002,2.247689363,-0.5821145328,0.8179932031,18957.68299,-0.01484323407,0.02449883047,2020-10-31T17:30:00+08:00,2020-10-31T18:00:00+08:00,2020-11-02T09:30:00+08:00
2020-10-31,FIX003,3.004382439,-0.2275599392,0.9207691911,16823.18422,-0.00206159481,0.02449883047,2020-10-31T17:30:00+08:00,2020-10-31T18:00:00+08:00,2020-11-02T09:30:00+08:00
2020-10-31,FIX004,1.438947947,1.602350517,2.076048651,12467.78019,0.05942740926,0.02449883047,2020-10-31T17:30:00+08:00,2020-10-31T18:00:00+08:00,2020-11-02T09:30:00+08:00
2020-10-31,FIX005,3.57486042,-0.9848602655,0.2968587498,15066.87368,0.007323459824,0.02449883047,2020-10-31T17:30:00+08:00,2020-10-31T18:00:00+08:00,2020-11-02T09:30:00+08:00
2020-10-31,FIX006,2.012574812,-2.859806527,2.115668791,26669.08059,0.06116300842,0.02449883047,2020-10-31T17:30:00+08:00,2020-10-31T18:00:00+08:00,2020-11-02T09:30:00+08:00
2020-10-31,FIX007,3.157677374,-1.305659838,-1.309487955,58481.09897,-0.03277650363,0.02449883047,2020-10-31T17:30:00+08:00,2020-10-31T18:00:00+08:00,2020-11-02T09:30:00+08:00
2020-10-31,FIX008,0.8733998235,-0.7737325316,0.04982939165,24256.17648,0.03457658599,0.02449883047,2020-10-31T17:30:00+08:00,2020-10-31T18:00:00+08:00,2020-11-02T09:30:00+08:00
2020-10-31,FIX009,3.934653543,-1.417924571,1.392257649,58627.07274,0.009407845766,0.02449883047,2020-10-31T17:30:00+08:00,2020-10-31T18:00:00+08:00,2020-11-02T09:30:00+08:00
2020-10-31,FIX010,2.098903189,-2.262636795,-0.01385173916,6621.38644,-0.005354333732,0.02449883047,2020-10-31T17:30:00+08:00,2020-10-31T18:00:00+08:00,2020-11-02T09:30:00+08:00
2020-10-31,FIX011,0.6228254812,-1.459013699,0.8131227421,12278.09879,-0.004841593188,0.02449883047,2020-10-31T17:30:00+08:00,2020-10-31T18:00:00+08:00,2020-11-02T09:30:00+08:00
2020-10-31,FIX012,2.144860294,-1.31702859,-0.3888267823,35799.89687,-0.03041050739,0.02449883047,2020-10-31T17:30:00+08:00,2020-10-31T18:00:00+08:00,2020-11-02T09:30:00+08:00
2020-10-31,FIX013,0.8160890645,-2.113939078,0.5830891124,32957.43079,0.01463083796,0.02449883047,2020-10-31T17:30:00+08:00,2020-10-31T18:00:00+08:00,2020-11-02T09:30:00+08:00
2020-10-31,FIX014,0.7531419513,-0.08882451545,1.146888309,13301.43817,-0.03007893397,0.02449883047,2020-10-31T17:30:00+08:00,2020-10-31T18:00:00+08:00,2020-11-02T09:30:00+08:00
2020-10-31,FIX015,1.806946225,-1.628102116,0.2614319505,29508.70743,0.0002852464819,0.02449883047,2020-10-31T17:30:00+08:00,2020-10-31T18:00:00+08:00,2020-11-02T09:30:00+08:00
2020-10-31,FIX016,-0.3624318794,-1.074998465,0.7915262791,77153.24733,0.006978155213,0.02449883047,2020-10-31T17:30:00+08:00,2020-10-31T18:00:00+08:00,2020-11-02T09:30:00+08:00
2020-10-31,FIX017,1.233809961,-2.163897692,0.7604748298,68194.33155,-0.02679392086,0.02449883047,2020-10-31T17:30:00+08:00,2020-10-31T18:00:00+08:00,2020-11-02T09:30:00+08:00
2020-10-31,FIX018,1.800485172,-0.6945516137,-0.3371289165,20781.54323,0.04228421583,0.02449883047,2020-10-31T17:30:00+08:00,2020-10-31T18:00:00+08:00,2020-11-02T09:30:00+08:00
2020-10-31,FIX019,0.6886561343,-0.591320711,0.1267929358,9288.12232,-0.05026835539,0.02449883047,2020-10-31T17:30:00+08:00,2020-10-31T18:00:00+08:00,2020-11-02T09:30:00+08:00
2020-10-31,FIX020,1.706509991,-1.18614288,-0.6375269009,37104.071,-0.004205171005,0.02449883047,2020-10-31T17:30:00+08:00,2020-10-31T18:00:00+08:00,2020-11-02T09:30:00+08:00
2020-10-31,FIX021,1.521148452,-1.525714329,-0.3145008647,7206.576164,-0.01222017033,0.02449883047,2020-10-31T17:30:00+08:00,2020-10-31T18:00:00+08:00,2020-11-02T09:30:00+08:00
2020-10-31,FIX022,3.764764434,-0.3924835178,-0.4524390108,25347.58324,0.02351473358,0.02449883047,2020-10-31T17:30:00+08:00,2020-10-31T18:00:00+08:00,2020-11-02T09:30:00+08:00
2020-10-31,FIX023,2.123628165,-1.270798189,-0.1615747447,9424.493666,-0.008637873848,0.02449883047,2020-10-31T17:30:00+08:00,2020-10-31T18:00:00+08:00,2020-11-02T09:30:00+08:00
2020-10-31,FIX024,-0.5717056017,-0.6926717245,-0.368333793,11116.12535,0.01272245381,0.02449883047,2020-10-31T17:30:00+08:00,2020-10-31T18:00:00+08:00,2020-11-02T09:30:00+08:00
2020-10-31,FIX025,1.646600156,-0.9952728965,1.181236088,15423.02749,0.01949876508,0.02449883047,2020-10-31T17:30:00+08:00,2020-10-31T18:00:00+08:00,2020-11-02T09:30:00+08:00
2020-10-31,FIX026,1.49981694,-2.343014854,0.5581392615,10563.7038,-0.0344502439,0.02449883047,2020-10-31T17:30:00+08:00,2020-10-31T18:00:00+08:00,2020-11-02T09:30:00+08:00
2020-10-31,FIX027,0.383127136,-1.207029488,1.006706033,15865.85315,-0.02001273135,0.02449883047,2020-10-31T17:30:00+08:00,2020-10-31T18:00:00+08:00,2020-11-02T09:30:00+08:00
2020-10-31,FIX028,3.331970374,-1.667544541,0.2929199431,55693.3047,-0.01451200006,0.02449883047,2020-10-31T17:30:00+08:00,2020-10-31T18:00:00+08:00,2020-11-02T09:30:00+08:00
2020-10-31,FIX029,0.005985115851,-0.8347573848,1.382898657,43623.21516,0.03830773837,0.02449883047,2020-10-31T17:30:00+08:00,2020-10-31T18:00:00+08:00,2020-11-02T09:30:00+08:00
2020-10-31,FIX030,1.702114136,-1.269430772,1.70469492,16970.40167,0.01284428208,0.02449883047,2020-10-31T17:30:00+08:00,2020-10-31T18:00:00+08:00,2020-11-02T09:30:00+08:00
2020-10-31,FIX031,2.4422106,-1.696907678,0.4156171059,84788.44973,-0.04077243344,0.02449883047,2020-10-31T17:30:00+08:00,2020-10-31T18:00:00+08:00,2020-11-02T09:30:00+08:00
2020-10-31,FIX032,0.3401262839,-0.3552570269,0.6516637435,8936.272099,-0.04879117703,0.02449883047,2020-10-31T17:30:00+08:00,2020-10-31T18:00:00+08:00,2020-11-02T09:30:00+08:00
2020-10-31,FIX033,1.954341868,-2.668034329,1.01573754,117090.0142,0.04304585721,0.02449883047,2020-10-31T17:30:00+08:00,2020-10-31T18:00:00+08:00,2020-11-02T09:30:00+08:00
2020-10-31,FIX034,2.899830055,-0.008636501476,2.763492701,340645.8513,-0.01580530151,0.02449883047,2020-10-31T17:30:00+08:00,2020-10-31T18:00:00+08:00,2020-11-02T09:30:00+08:00
2020-10-31,FIX035,1.596286303,-0.9745760082,1.871135805,30284.42895,-0.06730791079,0.02449883047,2020-10-31T17:30:00+08:00,2020-10-31T18:00:00+08:00,2020-11-02T09:30:00+08:00
2020-10-31,FIX036,4.576132655,-3.862649895,1.199777951,8119.63944,0.02917387781,0.02449883047,2020-10-31T17:30:00+08:00,2020-10-31T18:00:00+08:00,2020-11-02T09:30:00+08:00
2020-10-31,FIX037,1.974842823,-2.692907279,1.463700864,72891.36889,0.061692084,0.02449883047,2020-10-31T17:30:00+08:00,2020-10-31T18:00:00+08:00,2020-11-02T09:30:00+08:00
2020-10-31,FIX038,1.052878023,-2.236596382,1.223970157,38991.04247,-0.03273636067,0.02449883047,2020-10-31T17:30:00+08:00,2020-10-31T18:00:00+08:00,2020-11-02T09:30:00+08:00
2020-10-31,FIX039,2.049845445,1.198483167,0.4466620044,36444.17893,0.007544049586,0.02449883047,2020-10-31T17:30:00+08:00,2020-10-31T18:00:00+08:00,2020-11-02T09:30:00+08:00
2020-11-30,FIX000,-0.7047042233,-1.101414475,0.05894323382,77510.71349,-0.01543736185,0.01351838329,2020-11-30T17:30:00+08:00,2020-11-30T18:00:00+08:00,2020-12-01T09:30:00+08:00
2020-11-30,FIX001,0.2419914443,-0.7713195653,0.5116391379,12492.13137,0.0677237561,0.01351838329,2020-11-30T17:30:00+08:00,2020-11-30T18:00:00+08:00,2020-12-01T09:30:00+08:00
2020-11-30,FIX002,2.011764194,-0.3431419875,0.05954686499,16610.78199,0.0198055466,0.01351838329,2020-11-30T17:30:00+08:00,2020-11-30T18:00:00+08:00,2020-12-01T09:30:00+08:00
2020-11-30,FIX003,3.339118103,-0.1127760605,1.599176932,21029.8215,-0.02542403812,0.01351838329,2020-11-30T17:30:00+08:00,2020-11-30T18:00:00+08:00,2020-12-01T09:30:00+08:00
2020-11-30,FIX004,0.8785757854,0.2878781768,1.590561249,12772.30887,-0.008877051771,0.01351838329,2020-11-30T17:30:00+08:00,2020-11-30T18:00:00+08:00,2020-12-01T09:30:00+08:00
2020-11-30,FIX005,3.789235341,-1.404112862,1.193466868,62868.93405,-0.007994205696,0.01351838329,2020-11-30T17:30:00+08:00,2020-11-30T18:00:00+08:00,2020-12-01T09:30:00+08:00
2020-11-30,FIX006,0.7421904739,-2.966443107,1.439150439,14589.29828,0.06552873175,0.01351838329,2020-11-30T17:30:00+08:00,2020-11-30T18:00:00+08:00,2020-12-01T09:30:00+08:00
2020-11-30,FIX007,3.434105629,-1.217667659,-1.037698381,36473.72731,-0.02564978393,0.01351838329,2020-11-30T17:30:00+08:00,2020-11-30T18:00:00+08:00,2020-12-01T09:30:00+08:00
2020-11-30,FIX008,1.272142463,-0.5988534137,0.5083989438,4832.020149,-0.009450173415,0.01351838329,2020-11-30T17:30:00+08:00,2020-11-30T18:00:00+08:00,2020-12-01T09:30:00+08:00
2020-11-30,FIX009,2.173523413,-1.504733964,0.9395008734,32244.87291,0.06711526281,0.01351838329,2020-11-30T17:30:00+08:00,2020-11-30T18:00:00+08:00,2020-12-01T09:30:00+08:00
2020-11-30,FIX010,2.902527299,-2.812643291,0.6141514447,40368.70345,-0.02937092888,0.01351838329,2020-11-30T17:30:00+08:00,2020-11-30T18:00:00+08:00,2020-12-01T09:30:00+08:00
2020-11-30,FIX011,0.6657004182,-1.218390663,0.6435176133,22980.40144,0.02194616538,0.01351838329,2020-11-30T17:30:00+08:00,2020-11-30T18:00:00+08:00,2020-12-01T09:30:00+08:00
2020-11-30,FIX012,2.866486946,-1.515120889,0.2354662484,48900.35445,-0.006130796056,0.01351838329,2020-11-30T17:30:00+08:00,2020-11-30T18:00:00+08:00,2020-12-01T09:30:00+08:00
2020-11-30,FIX013,2.801817839,-2.080495242,-0.1503853478,51554.50972,0.0146016453,0.01351838329,2020-11-30T17:30:00+08:00,2020-11-30T18:00:00+08:00,2020-12-01T09:30:00+08:00
2020-11-30,FIX014,1.175121278,-0.3330615368,0.01596524402,14578.24183,-0.01964642335,0.01351838329,2020-11-30T17:30:00+08:00,2020-11-30T18:00:00+08:00,2020-12-01T09:30:00+08:00
2020-11-30,FIX015,1.767489601,-0.6549550619,0.7343837937,61944.28058,-0.02279005779,0.01351838329,2020-11-30T17:30:00+08:00,2020-11-30T18:00:00+08:00,2020-12-01T09:30:00+08:00
2020-11-30,FIX016,-0.8874943076,-1.190389887,1.410000621,17277.81697,0.03256021877,0.01351838329,2020-11-30T17:30:00+08:00,2020-11-30T18:00:00+08:00,2020-12-01T09:30:00+08:00
2020-11-30,FIX017,2.481661473,-2.140214003,0.2130343464,29501.02955,0.01538634968,0.01351838329,2020-11-30T17:30:00+08:00,2020-11-30T18:00:00+08:00,2020-12-01T09:30:00+08:00
2020-11-30,FIX018,1.9607203,-0.005962963025,-0.6296958161,13775.61438,-0.005383760681,0.01351838329,2020-11-30T17:30:00+08:00,2020-11-30T18:00:00+08:00,2020-12-01T09:30:00+08:00
2020-11-30,FIX019,1.214986857,-0.9058344981,0.7197825879,19339.4949,-0.04741834858,0.01351838329,2020-11-30T17:30:00+08:00,2020-11-30T18:00:00+08:00,2020-12-01T09:30:00+08:00
2020-11-30,FIX020,1.88797815,-1.15682018,-0.7980249465,15644.73836,-0.04463049754,0.01351838329,2020-11-30T17:30:00+08:00,2020-11-30T18:00:00+08:00,2020-12-01T09:30:00+08:00
2020-11-30,FIX021,1.773777557,-1.268674122,-0.001801561204,17096.17222,-0.008002238818,0.01351838329,2020-11-30T17:30:00+08:00,2020-11-30T18:00:00+08:00,2020-12-01T09:30:00+08:00
2020-11-30,FIX022,3.580037412,-0.6463699952,0.8214704942,52249.23748,0.02827490942,0.01351838329,2020-11-30T17:30:00+08:00,2020-11-30T18:00:00+08:00,2020-12-01T09:30:00+08:00
2020-11-30,FIX023,1.980796956,-1.300874465,-0.6718510185,27899.485,-0.0068637722,0.01351838329,2020-11-30T17:30:00+08:00,2020-11-30T18:00:00+08:00,2020-12-01T09:30:00+08:00
2020-11-30,FIX024,0.9013434497,-0.1250795665,0.4377293042,26507.22381,-0.01908016905,0.01351838329,2020-11-30T17:30:00+08:00,2020-11-30T18:00:00+08:00,2020-12-01T09:30:00+08:00
2020-11-30,FIX025,2.37301832,-0.04209824151,1.600792536,6310.074917,0.01855940765,0.01351838329,2020-11-30T17:30:00+08:00,2020-11-30T18:00:00+08:00,2020-12-01T09:30:00+08:00
2020-11-30,FIX026,1.740500843,-2.823039856,-0.04435328532,14430.21194,-0.0738707834,0.01351838329,2020-11-30T17:30:00+08:00,2020-11-30T18:00:00+08:00,2020-12-01T09:30:00+08:00
2020-11-30,FIX027,1.004876656,-0.7538099828,2.07745904,6552.928749,0.02954575302,0.01351838329,2020-11-30T17:30:00+08:00,2020-11-30T18:00:00+08:00,2020-12-01T09:30:00+08:00
2020-11-30,FIX028,3.226499179,-0.5306582817,-0.1022101271,17051.66576,0.01048762149,0.01351838329,2020-11-30T17:30:00+08:00,2020-11-30T18:00:00+08:00,2020-12-01T09:30:00+08:00
2020-11-30,FIX029,0.5610818398,-1.221008134,0.8618204263,14792.49347,-0.05072753424,0.01351838329,2020-11-30T17:30:00+08:00,2020-11-30T18:00:00+08:00,2020-12-01T09:30:00+08:00
2020-11-30,FIX030,2.799402596,-0.8766019438,1.280153469,29138.43282,0.03751980505,0.01351838329,2020-11-30T17:30:00+08:00,2020-11-30T18:00:00+08:00,2020-12-01T09:30:00+08:00
2020-11-30,FIX031,1.787447228,-0.7253273012,1.223589762,16411.92961,0.05260064923,0.01351838329,2020-11-30T17:30:00+08:00,2020-11-30T18:00:00+08:00,2020-12-01T09:30:00+08:00
2020-11-30,FIX032,1.171623399,-0.5801358832,0.04464981203,64647.02103,-0.06668265773,0.01351838329,2020-11-30T17:30:00+08:00,2020-11-30T18:00:00+08:00,2020-12-01T09:30:00+08:00
2020-11-30,FIX033,1.289944804,-1.246933963,0.7578097028,46186.17208,0.03060145783,0.01351838329,2020-11-30T17:30:00+08:00,2020-11-30T18:00:00+08:00,2020-12-01T09:30:00+08:00
2020-11-30,FIX034,2.674497669,0.04438261575,2.337529715,61744.54257,-0.02548809287,0.01351838329,2020-11-30T17:30:00+08:00,2020-11-30T18:00:00+08:00,2020-12-01T09:30:00+08:00
2020-11-30,FIX035,2.057985757,-0.6997395868,1.810777665,28869.18558,-0.008608733707,0.01351838329,2020-11-30T17:30:00+08:00,2020-11-30T18:00:00+08:00,2020-12-01T09:30:00+08:00
2020-11-30,FIX036,3.99612102,-2.243903933,1.319260985,11814.27242,-0.0004273792305,0.01351838329,2020-11-30T17:30:00+08:00,2020-11-30T18:00:00+08:00,2020-12-01T09:30:00+08:00
2020-11-30,FIX037,1.101457452,-2.413973612,1.522240094,12050.01358,0.0307880609,0.01351838329,2020-11-30T17:30:00+08:00,2020-11-30T18:00:00+08:00,2020-12-01T09:30:00+08:00
2020-11-30,FIX038,1.352869213,-2.693870673,1.616221156,93028.97581,-0.003317023271,0.01351838329,2020-11-30T17:30:00+08:00,2020-11-30T18:00:00+08:00,2020-12-01T09:30:00+08:00
2020-11-30,FIX039,2.117838377,1.79364385,0.5406310445,27796.27624,0.02584777499,0.01351838329,2020-11-30T17:30:00+08:00,2020-11-30T18:00:00+08:00,2020-12-01T09:30:00+08:00
2020-12-31,FIX000,-0.7115058157,-0.4025418712,0.08210620983,11326.15939,-0.04188314351,-0.01180873172,2020-12-31T17:30:00+08:00,2020-12-31T18:00:00+08:00,2021-01-01T09:30:00+08:00
2020-12-31,FIX001,1.599181634,-1.227214004,0.3898709491,19127.29581,0.03554089518,-0.01180873172,2020-12-31T17:30:00+08:00,2020-12-31T18:00:00+08:00,2021-01-01T09:30:00+08:00
2020-12-31,FIX002,0.8278213678,-0.977485355,-1.181177319,68323.89849,0.06137166894,-0.01180873172,2020-12-31T17:30:00+08:00,2020-12-31T18:00:00+08:00,2021-01-01T09:30:00+08:00
2020-12-31,FIX003,3.913076031,-1.242708869,2.113455588,104121.9405,0.0068291329,-0.01180873172,2020-12-31T17:30:00+08:00,2020-12-31T18:00:00+08:00,2021-01-01T09:30:00+08:00
2020-12-31,FIX004,1.947018124,-0.7855076547,0.976260079,26451.19404,-0.01190260207,-0.01180873172,2020-12-31T17:30:00+08:00,2020-12-31T18:00:00+08:00,2021-01-01T09:30:00+08:00
2020-12-31,FIX005,2.414889652,-2.480686019,0.1297942872,5351.968676,0.01241073169,-0.01180873172,2020-12-31T17:30:00+08:00,2020-12-31T18:00:00+08:00,2021-01-01T09:30:00+08:00
2020-12-31,FIX006,0.9033104996,-2.499814918,0.9387534701,15940.24628,0.01288927081,-0.01180873172,2020-12-31T17:30:00+08:00,2020-12-31T18:00:00+08:00,2021-01-01T09:30:00+08:00
2020-12-31,FIX007,3.193765522,-0.9785792482,-0.5021803705,24181.0978,-0.07610669082,-0.01180873172,2020-12-31T17:30:00+08:00,2020-12-31T18:00:00+08:00,2021-01-01T09:30:00+08:00
2020-12-31,FIX008,1.130394573,-0.2927203473,0.6455631248,49631.77771,-0.001446108107,-0.01180873172,2020-12-31T17:30:00+08:00,2020-12-31T18:00:00+08:00,2021-01-01T09:30:00+08:00
2020-12-31,FIX009,1.644426102,-1.235639942,1.917106326,30295.67788,0.02297253867,-0.01180873172,2020-12-31T17:30:00+08:00,2020-12-31T18:00:00+08:00,2021-01-01T09:30:00+08:00
2020-12-31,FIX010,3.200043566,-2.375866087,0.6378920334,19983.8007,0.0001710274172,-0.01180873172,2020-12-31T17:30:00+08:00,2020-12-31T18:00:00+08:00,2021-01-01T09:30:00+08:00
2020-12-31,FIX011,1.151560377,-0.3867947011,0.5565528533,6343.445325,-0.007942832193,-0.01180873172,2020-12-31T17:30:00+08:00,2020-12-31T18:00:00+08:00,2021-01-01T09:30:00+08:00
2020-12-31,FIX012,2.388854074,-0.9164957104,0.113436938,19507.77944,0.04576129585,-0.01180873172,2020-12-31T17:30:00+08:00,2020-12-31T18:00:00+08:00,2021-01-01T09:30:00+08:00
2020-12-31,FIX013,1.649699431,-1.894504275,0.5419069699,16926.87554,0.02537048489,-0.01180873172,2020-12-31T17:30:00+08:00,2020-12-31T18:00:00+08:00,2021-01-01T09:30:00+08:00
2020-12-31,FIX014,-0.2213691742,-0.9215750014,-0.8736552633,8562.163407,0.0009087738876,-0.01180873172,2020-12-31T17:30:00+08:00,2020-12-31T18:00:00+08:00,2021-01-01T09:30:00+08:00
2020-12-31,FIX015,1.620575579,-1.034929594,0.7668792536,73594.62267,-0.0312995061,-0.01180873172,2020-12-31T17:30:00+08:00,2020-12-31T18:00:00+08:00,2021-01-01T09:30:00+08:00
2020-12-31,FIX016,-1.447284744,-1.374706797,1.003869107,12907.57812,-0.05389621348,-0.01180873172,2020-12-31T17:30:00+08:00,2020-12-31T18:00:00+08:00,2021-01-01T09:30:00+08:00
2020-12-31,FIX017,1.829036837,-1.224911921,0.5568440263,14832.19025,-0.01948857105,-0.01180873172,2020-12-31T17:30:00+08:00,2020-12-31T18:00:00+08:00,2021-01-01T09:30:00+08:00
2020-12-31,FIX018,1.764948827,-0.5521467525,-0.06314759975,34492.19165,0.07910344225,-0.01180873172,2020-12-31T17:30:00+08:00,2020-12-31T18:00:00+08:00,2021-01-01T09:30:00+08:00
2020-12-31,FIX019,1.104033522,-2.252839576,0.5570989412,35315.16257,-0.01081060273,-0.01180873172,2020-12-31T17:30:00+08:00,2020-12-31T18:00:00+08:00,2021-01-01T09:30:00+08:00
2020-12-31,FIX020,1.563645777,-1.009514101,-0.7058831126,64067.63098,-0.02392769214,-0.01180873172,2020-12-31T17:30:00+08:00,2020-12-31T18:00:00+08:00,2021-01-01T09:30:00+08:00
2020-12-31,FIX021,2.939073676,-0.6332546704,0.7514220854,24043.93464,0.02168182011,-0.01180873172,2020-12-31T17:30:00+08:00,2020-12-31T18:00:00+08:00,2021-01-01T09:30:00+08:00
2020-12-31,FIX022,3.493641938,-1.288986364,0.6420076152,42898.51716,0.02814196415,-0.01180873172,2020-12-31T17:30:00+08:00,2020-12-31T18:00:00+08:00,2021-01-01T09:30:00+08:00
2020-12-31,FIX023,2.255116215,-1.471602545,-1.419675696,16840.86303,0.01515688785,-0.01180873172,2020-12-31T17:30:00+08:00,2020-12-31T18:00:00+08:00,2021-01-01T09:30:00+08:00
2020-12-31,FIX024,0.7739260672,-0.5128827027,1.232717848,47561.8596,0.04974483194,-0.01180873172,2020-12-31T17:30:00+08:00,2020-12-31T18:00:00+08:00,2021-01-01T09:30:00+08:00
2020-12-31,FIX025,1.99538229,-0.09126642754,1.71775667,12224.22819,0.04602216999,-0.01180873172,2020-12-31T17:30:00+08:00,2020-12-31T18:00:00+08:00,2021-01-01T09:30:00+08:00
2020-12-31,FIX026,1.630962202,-2.966285761,0.02185348834,58449.08321,0.01359661134,-0.01180873172,2020-12-31T17:30:00+08:00,2020-12-31T18:00:00+08:00,2021-01-01T09:30:00+08:00
2020-12-31,FIX027,1.059871503,-1.161842799,1.356012328,9853.731885,-0.0234416269,-0.01180873172,2020-12-31T17:30:00+08:00,2020-12-31T18:00:00+08:00,2021-01-01T09:30:00+08:00
2020-12-31,FIX028,3.228979894,-0.7390366133,0.4624752311,31709.4014,-0.05089341379,-0.01180873172,2020-12-31T17:30:00+08:00,2020-12-31T18:00:00+08:00,2021-01-01T09:30:00+08:00
2020-12-31,FIX029,-0.08504640259,-1.543669419,0.7134464622,16545.36587,-0.006053169558,-0.01180873172,2020-12-31T17:30:00+08:00,2020-12-31T18:00:00+08:00,2021-01-01T09:30:00+08:00
2020-12-31,FIX030,2.294665547,-0.1834518414,1.189002605,47795.09141,-0.04737502817,-0.01180873172,2020-12-31T17:30:00+08:00,2020-12-31T18:00:00+08:00,2021-01-01T09:30:00+08:00
2020-12-31,FIX031,1.805999948,-0.724898265,0.6948606378,40739.55606,0.0453251388,-0.01180873172,2020-12-31T17:30:00+08:00,2020-12-31T18:00:00+08:00,2021-01-01T09:30:00+08:00
2020-12-31,FIX032,1.936810093,-0.107949955,-0.6146725373,11239.96404,-0.02603890605,-0.01180873172,2020-12-31T17:30:00+08:00,2020-12-31T18:00:00+08:00,2021-01-01T09:30:00+08:00
2020-12-31,FIX033,1.242788654,-1.245231133,1.481159709,30134.50789,0.03862825813,-0.01180873172,2020-12-31T17:30:00+08:00,2020-12-31T18:00:00+08:00,2021-01-01T09:30:00+08:00
2020-12-31,FIX034,2.248449847,0.09668193096,2.102574978,78366.91929,0.06085265528,-0.01180873172,2020-12-31T17:30:00+08:00,2020-12-31T18:00:00+08:00,2021-01-01T09:30:00+08:00
2020-12-31,FIX035,2.616110541,-0.2310943074,1.951299645,18673.0247,0.07760823835,-0.01180873172,2020-12-31T17:30:00+08:00,2020-12-31T18:00:00+08:00,2021-01-01T09:30:00+08:00
2020-12-31,FIX036,2.700086072,-0.6905981195,0.6046068245,21795.9028,0.02512204617,-0.01180873172,2020-12-31T17:30:00+08:00,2020-12-31T18:00:00+08:00,2021-01-01T09:30:00+08:00
2020-12-31,FIX037,1.238404651,-1.303594103,1.76002194,14446.13448,-0.007790996974,-0.01180873172,2020-12-31T17:30:00+08:00,2020-12-31T18:00:00+08:00,2021-01-01T09:30:00+08:00
2020-12-31,FIX038,1.298231196,-1.855181911,1.148576962,25086.65899,0.02637001089,-0.01180873172,2020-12-31T17:30:00+08:00,2020-12-31T18:00:00+08:00,2021-01-01T09:30:00+08:00
2020-12-31,FIX039,2.445721166,2.051229189,0.7565122386,49312.59009,0.001462617688,-0.01180873172,2020-12-31T17:30:00+08:00,2020-12-31T18:00:00+08:00,2021-01-01T09:30:00+08:00
2021-01-31,FIX000,-0.8412727619,-1.049397444,-1.215416675,22804.45856,-0.01839040362,0.008100482339,2021-01-31T17:30:00+08:00,2021-01-31T18:00:00+08:00,2021-02-01T09:30:00+08:00
2021-01-31,FIX001,1.986644442,-1.05716766,0.2447579952,17454.55493,-0.03869516449,0.008100482339,2021-01-31T17:30:00+08:00,2021-01-31T18:00:00+08:00,2021-02-01T09:30:00+08:00
2021-01-31,FIX002,0.2314435976,0.3996850003,-0.9928515496,3410.625636,-0.02184064175,0.008100482339,2021-01-31T17:30:00+08:00,2021-01-31T18:00:00+08:00,2021-02-01T09:30:00+08:00
2021-01-31,FIX003,4.225976076,-0.2687048964,1.687164357,10713.77705,0.03468919236,0.008100482339,2021-01-31T17:30:00+08:00,2021-01-31T18:00:00+08:00,2021-02-01T09:30:00+08:00
2021-01-31,FIX004,2.588101748,-0.6424180641,1.191964863,64668.67063,0.01537661923,0.008100482339,2021-01-31T17:30:00+08:00,2021-01-31T18:00:00+08:00,2021-02-01T09:30:00+08:00
2021-01-31,FIX005,3.171978143,-2.67064628,-0.6127532269,15164.39174,-0.01318828457,0.008100482339,2021-01-31T17:30:00+08:00,2021-01-31T18:00:00+08:00,2021-02-01T09:30:00+08:00
2021-01-31,FIX006,-0.1473652412,-2.328219136,1.369697329,14179.99946,-0.043465373,0.008100482339,2021-01-31T17:30:00+08:00,2021-01-31T18:00:00+08:00,2021-02-01T09:30:00+08:00
2021-01-31,FIX007,2.61107578,-1.790624196,-0.9292443477,67831.98763,-0.01457706342,0.008100482339,2021-01-31T17:30:00+08:00,2021-01-31T18:00:00+08:00,2021-02-01T09:30:00+08:00
2021-01-31,FIX008,1.19447497,-0.6288471708,-0.2761879565,3445.743986,-0.03407641467,0.008100482339,2021-01-31T17:30:00+08:00,2021-01-31T18:00:00+08:00,2021-02-01T09:30:00+08:00
2021-01-31,FIX009,0.8227274499,-2.532580801,0.653915051,25850.19557,0.01324374846,0.008100482339,2021-01-31T17:30:00+08:00,2021-01-31T18:00:00+08:00,2021-02-01T09:30:00+08:00
2021-01-31,FIX010,3.529184837,-1.444641544,1.584204709,58512.04949,0.007421464252,0.008100482339,2021-01-31T17:30:00+08:00,2021-01-31T18:00:00+08:00,2021-02-01T09:30:00+08:00
2021-01-31,FIX011,1.641436294,-0.7656650762,1.186192963,17576.0799,0.04134535289,0.008100482339,2021-01-31T17:30:00+08:00,2021-01-31T18:00:00+08:00,2021-02-01T09:30:00+08:00
2021-01-31,FIX012,3.081422352,-1.002137457,0.349770025,12819.15216,-0.0254664179,0.008100482339,2021-01-31T17:30:00+08:00,2021-01-31T18:00:00+08:00,2021-02-01T09:30:00+08:00
2021-01-31,FIX013,1.498183427,-1.638482806,0.5851949057,134542.7016,0.03513078913,0.008100482339,2021-01-31T17:30:00+08:00,2021-01-31T18:00:00+08:00,2021-02-01T09:30:00+08:00
2021-01-31,FIX014,0.7041149454,-2.503712121,-0.616069583,33403.99694,0.002085895539,0.008100482339,2021-01-31T17:30:00+08:00,2021-01-31T18:00:00+08:00,2021-02-01T09:30:00+08:00
2021-01-31,FIX015,1.703760031,-0.3310430393,1.264052857,21015.46166,0.03431419976,0.008100482339,2021-01-31T17:30:00+08:00,2021-01-31T18:00:00+08:00,2021-02-01T09:30:00+08:00
2021-01-31,FIX016,0.235398186,-2.121716127,0.5496181626,88738.33754,-0.004985473872,0.008100482339,2021-01-31T17:30:00+08:00,2021-01-31T18:00:00+08:00,2021-02-01T09:30:00+08:00
2021-01-31,FIX017,1.157684771,-2.011512203,0.7675299944,95164.07104,-0.05844637972,0.008100482339,2021-01-31T17:30:00+08:00,2021-01-31T18:00:00+08:00,2021-02-01T09:30:00+08:00
2021-01-31,FIX018,0.9599808615,-0.8370803898,0.746394414,14448.71605,-0.01285605245,0.008100482339,2021-01-31T17:30:00+08:00,2021-01-31T18:00:00+08:00,2021-02-01T09:30:00+08:00
2021-01-31,FIX019,1.424044662,-1.358642143,2.101361381,5551.275266,-0.01011161972,0.008100482339,2021-01-31T17:30:00+08:00,2021-01-31T18:00:00+08:00,2021-02-01T09:30:00+08:00
2021-01-31,FIX020,0.9430924993,-1.002281768,-0.3208401316,97170.818,-0.03797187366,0.008100482339,2021-01-31T17:30:00+08:00,2021-01-31T18:00:00+08:00,2021-02-01T09:30:00+08:00
2021-01-31,FIX021,2.67129978,-0.4628209345,0.1083747613,15128.53966,-0.01625821541,0.008100482339,2021-01-31T17:30:00+08:00,2021-01-31T18:00:00+08:00,2021-02-01T09:30:00+08:00
2021-01-31,FIX022,2.900222404,0.07486984622,0.215622995,16197.03248,0.03173178055,0.008100482339,2021-01-31T17:30:00+08:00,2021-01-31T18:00:00+08:00,2021-02-01T09:30:00+08:00
2021-01-31,FIX023,2.108925047,-1.71952914,-1.21705007,8255.331409,0.05240940025,0.008100482339,2021-01-31T17:30:00+08:00,2021-01-31T18:00:00+08:00,2021-02-01T09:30:00+08:00
2021-01-31,FIX024,-0.2190665395,-0.6348176517,0.5137180744,4006.398488,-0.0278758664,0.008100482339,2021-01-31T17:30:00+08:00,2021-01-31T18:00:00+08:00,2021-02-01T09:30:00+08:00
2021-01-31,FIX025,2.51577308,0.0621928972,2.272613164,27469.30679,0.0407022756,0.008100482339,2021-01-31T17:30:00+08:00,2021-01-31T18:00:00+08:00,2021-02-01T09:30:00+08:00
2021-01-31,FIX026,1.383387906,-2.178857772,-0.7568828401,12919.85409,-0.02872279108,0.008100482339,2021-01-31T17:30:00+08:00,2021-01-31T18:00:00+08:00,2021-02-01T09:30:00+08:00
2021-01-31,FIX027,0.8745952245,-1.401629075,0.7181316356,71128.04922,0.02146790864,0.008100482339,2021-01-31T17:30:00+08:00,2021-01-31T18:00:00+08:00,2021-02-01T09:30:00+08:00
2021-01-31,FIX028,2.44713302,-0.938840513,-0.2728508972,6670.410119,0.0144743868,0.008100482339,2021-01-31T17:30:00+08:00,2021-01-31T18:00:00+08:00,2021-02-01T09:30:00+08:00
2021-01-31,FIX029,1.208674407,-1.26160317,1.049671445,17388.48138,0.01001117997,0.008100482339,2021-01-31T17:30:00+08:00,2021-01-31T18:00:00+08:00,2021-02-01T09:30:00+08:00
2021-01-31,FIX030,2.098968458,-0.8192513407,1.99308876,41716.08857,0.01426356859,0.008100482339,2021-01-31T17:30:00+08:00,2021-01-31T18:00:00+08:00,2021-02-01T09:30:00+08:00
2021-01-31,FIX031,1.434117536,-0.7274294864,1.342118415,16547.11293,-0.02075983277,0.008100482339,2021-01-31T17:30:00+08:00,2021-01-31T18:00:00+08:00,2021-02-01T09:30:00+08:00
2021-01-31,FIX032,2.111143305,0.1474463967,-0.8663678012,10382.56165,-0.04746036614,0.008100482339,2021-01-31T17:30:00+08:00,2021-01-31T18:00:00+08:00,2021-02-01T09:30:00+08:00
2021-01-31,FIX033,0.01217808889,-0.5591448492,1.186938996,5566.773529,-0.0397337494,0.008100482339,2021-01-31T17:30:00+08:00,2021-01-31T18:00:00+08:00,2021-02-01T09:30:00+08:00
2021-01-31,FIX034,1.973626752,0.4645114724,1.830081838,12475.91159,-0.02079427249,0.008100482339,2021-01-31T17:30:00+08:00,2021-01-31T18:00:00+08:00,2021-02-01T09:30:00+08:00
2021-01-31,FIX035,3.390755886,-1.218100284,2.306218463,22455.17615,0.01817118109,0.008100482339,2021-01-31T17:30:00+08:00,2021-01-31T18:00:00+08:00,2021-02-01T09:30:00+08:00
2021-01-31,FIX036,2.086675709,0.01902269023,0.9626452659,7796.800153,0.06358560161,0.008100482339,2021-01-31T17:30:00+08:00,2021-01-31T18:00:00+08:00,2021-02-01T09:30:00+08:00
2021-01-31,FIX037,1.252148654,-1.730477549,0.5969440064,25009.40194,0.01488340999,0.008100482339,2021-01-31T17:30:00+08:00,2021-01-31T18:00:00+08:00,2021-02-01T09:30:00+08:00
2021-01-31,FIX038,0.3505669823,-0.8414711882,1.193419416,12211.32548,-0.01885829244,0.008100482339,2021-01-31T17:30:00+08:00,2021-01-31T18:00:00+08:00,2021-02-01T09:30:00+08:00
2021-01-31,FIX039,2.203798236,2.011555824,0.08079951329,19659.15225,-0.01697651009,0.008100482339,2021-01-31T17:30:00+08:00,2021-01-31T18:00:00+08:00,2021-02-01T09:30:00+08:00
2021-02-28,FIX000,-1.047414621,-1.034694415,-1.263257592,11729.15019,0.08950462311,-0.01929878399,2021-02-28T17:30:00+08:00,2021-02-28T18:00:00+08:00,2021-03-01T09:30:00+08:00
2021-02-28,FIX001,2.306506616,-1.21391911,-0.1101711933,3725.891666,0.03890435613,-0.01929878399,2021-02-28T17:30:00+08:00,2021-02-28T18:00:00+08:00,2021-03-01T09:30:00+08:00
2021-02-28,FIX002,0.3655504764,0.2942263762,-0.2439837603,14374.24413,-0.04997517102,-0.01929878399,2021-02-28T17:30:00+08:00,2021-02-28T18:00:00+08:00,2021-03-01T09:30:00+08:00
2021-02-28,FIX003,4.512450061,-0.4799704032,2.021497593,11807.57588,0.01788003236,-0.01929878399,2021-02-28T17:30:00+08:00,2021-02-28T18:00:00+08:00,2021-03-01T09:30:00+08:00
2021-02-28,FIX004,2.238669591,-0.08846908058,1.174864949,15116.211,-0.01636413199,-0.01929878399,2021-02-28T17:30:00+08:00,2021-02-28T18:00:00+08:00,2021-03-01T09:30:00+08:00
2021-02-28,FIX005,2.684418074,-2.325906806,-1.474368151,5397.124245,-0.02605537541,-0.01929878399,2021-02-28T17:30:00+08:00,2021-02-28T18:00:00+08:00,2021-03-01T09:30:00+08:00
2021-02-28,FIX006,-0.1449433949,-2.029680147,1.964437155,27787.25666,0.005967766151,-0.01929878399,2021-02-28T17:30:00+08:00,2021-02-28T18:00:00+08:00,2021-03-01T09:30:00+08:00
2021-02-28,FIX007,1.608056625,-0.5120729444,-0.1928247999,10047.06957,0.005408847999,-0.01929878399,2021-02-28T17:30:00+08:00,2021-02-28T18:00:00+08:00,2021-03-01T09:30:00+08:00
2021-02-28,FIX008,1.670787025,-0.2166739802,-0.1022854229,34858.13144,-0.03171520472,-0.01929878399,2021-02-28T17:30:00+08:00,2021-02-28T18:00:00+08:00,2021-03-01T09:30:00+08:00
2021-02-28,FIX009,1.064169175,-2.770707984,0.2957402628,37184.69013,-0.04950813389,-0.01929878399,2021-02-28T17:30:00+08:00,2021-02-28T18:00:00+08:00,2021-03-01T09:30:00+08:00
2021-02-28,FIX010,2.858773108,-0.8719804423,1.296671661,70228.45418,-0.006680534377,-0.01929878399,2021-02-28T17:30:00+08:00,2021-02-28T18:00:00+08:00,2021-03-01T09:30:00+08:00
2021-02-28,FIX011,1.48104033,-0.5716235212,1.327868486,4590.770228,0.02784521562,-0.01929878399,2021-02-28T17:30:00+08:00,2021-02-28T18:00:00+08:00,2021-03-01T09:30:00+08:00
2021-02-28,FIX012,2.952060479,-1.033141429,0.09052601987,29423.47152,-0.005747442488,-0.01929878399,2021-02-28T17:30:00+08:00,2021-02-28T18:00:00+08:00,2021-03-01T09:30:00+08:00
2021-02-28,FIX013,1.280350554,-0.9884431031,0.4360100558,148339.1779,-0.004216395159,-0.01929878399,2021-02-28T17:30:00+08:00,2021-02-28T18:00:00+08:00,2021-03-01T09:30:00+08:00
2021-02-28,FIX014,0.8939146821,-2.567713906,-0.04257399808,41072.32149,0.02666868661,-0.01929878399,2021-02-28T17:30:00+08:00,2021-02-28T18:00:00+08:00,2021-03-01T09:30:00+08:00
2021-02-28,FIX015,2.412869432,-1.325590733,1.626554944,16712.70369,0.03305667339,-0.01929878399,2021-02-28T17:30:00+08:00,2021-02-28T18:00:00+08:00,2021-03-01T09:30:00+08:00
2021-02-28,FIX016,-0.1652334552,-1.591037067,0.5516568608,12371.29786,-0.03447125939,-0.01929878399,2021-02-28T17:30:00+08:00,2021-02-28T18:00:00+08:00,2021-03-01T09:30:00+08:00
2021-02-28,FIX017,2.25089947,-2.27688481,1.782950484,65343.26827,0.05687222939,-0.01929878399,2021-02-28T17:30:00+08:00,2021-02-28T18:00:00+08:00,2021-03-01T09:30:00+08:00
2021-02-28,FIX018,0.5565984961,-1.52853529,0.7268013346,12230.54804,0.0353792558,-0.01929878399,2021-02-28T17:30:00+08:00,2021-02-28T18:00:00+08:00,2021-03-01T09:30:00+08:00
2021-02-28,FIX019,2.153436874,-1.730172462,1.767235549,6423.125933,0.009993088246,-0.01929878399,2021-02-28T17:30:00+08:00,2021-02-28T18:00:00+08:00,2021-03-01T09:30:00+08:00
2021-02-28,FIX020,-0.0003155598371,-0.06574541455,-0.8190339846,6089.820503,-0.03124014136,-0.01929878399,2021-02-28T17:30:00+08:00,2021-02-28T18:00:00+08:00,2021-03-01T09:30:00+08:00
2021-02-28,FIX021,2.863386304,-0.04964086922,0.1744270074,52801.27173,0.02735060343,-0.01929878399,2021-02-28T17:30:00+08:00,2021-02-28T18:00:00+08:00,2021-03-01T09:30:00+08:00
2021-02-28,FIX022,3.432097338,-0.4880037908,-0.2209291045,17377.58843,-0.03743656998,-0.01929878399,2021-02-28T17:30:00+08:00,2021-02-28T18:00:00+08:00,2021-03-01T09:30:00+08:00
2021-02-28,FIX023,1.255203302,-1.727569555,-0.7566530364,46958.41159,0.00351245356,-0.01929878399,2021-02-28T17:30:00+08:00,2021-02-28T18:00:00+08:00,2021-03-01T09:30:00+08:00
2021-02-28,FIX024,0.6751301672,-0.6859696657,0.6113704708,25473.07465,0.00251468363,-0.01929878399,2021-02-28T17:30:00+08:00,2021-02-28T18:00:00+08:00,2021-03-01T09:30:00+08:00
2021-02-28,FIX025,2.068431384,-0.4468022727,1.74158346,12177.98584,0.02421625967,-0.01929878399,2021-02-28T17:30:00+08:00,2021-02-28T18:00:00+08:00,2021-03-01T09:30:00+08:00
2021-02-28,FIX026,1.156227652,-1.886772241,-0.7415328966,27475.40647,0.01155315288,-0.01929878399,2021-02-28T17:30:00+08:00,2021-02-28T18:00:00+08:00,2021-03-01T09:30:00+08:00
2021-02-28,FIX027,1.062256971,-0.7622688349,-0.1706117128,10837.62265,0.06887222475,-0.01929878399,2021-02-28T17:30:00+08:00,2021-02-28T18:00:00+08:00,2021-03-01T09:30:00+08:00
2021-02-28,FIX028,2.373619571,0.31326796,-0.07257910306,57885.8289,-0.01453400932,-0.01929878399,2021-02-28T17:30:00+08:00,2021-02-28T18:00:00+08:00,2021-03-01T09:30:00+08:00
2021-02-28,FIX029,2.042458475,-0.731144098,0.6142849541,15557.54457,-0.04892323439,-0.01929878399,2021-02-28T17:30:00+08:00,2021-02-28T18:00:00+08:00,2021-03-01T09:30:00+08:00
2021-02-28,FIX030,2.128910363,-0.5460775304,1.762946731,49632.69596,-0.0238412763,-0.01929878399,2021-02-28T17:30:00+08:00,2021-02-28T18:00:00+08:00,2021-03-01T09:30:00+08:00
2021-02-28,FIX031,-0.01443419594,-1.33616548,1.617836303,4566.018089,0.01725907114,-0.01929878399,2021-02-28T17:30:00+08:00,2021-02-28T18:00:00+08:00,2021-03-01T09:30:00+08:00
2021-02-28,FIX032,1.285964881,-0.3493430857,-1.128887147,7947.523703,0.02890501177,-0.01929878399,2021-02-28T17:30:00+08:00,2021-02-28T18:00:00+08:00,2021-03-01T09:30:00+08:00
2021-02-28,FIX033,0.1928739333,0.06895136117,1.655964942,25392.73086,-0.007744582305,-0.01929878399,2021-02-28T17:30:00+08:00,2021-02-28T18:00:00+08:00,2021-03-01T09:30:00+08:00
2021-02-28,FIX034,2.22715033,-0.5455266509,0.5302719373,54299.85087,0.1118226953,-0.01929878399,2021-02-28T17:30:00+08:00,2021-02-28T18:00:00+08:00,2021-03-01T09:30:00+08:00
2021-02-28,FIX035,3.166740802,-1.010421447,1.847762602,28152.07165,-0.01794367212,-0.01929878399,2021-02-28T17:30:00+08:00,2021-02-28T18:00:00+08:00,2021-03-01T09:30:00+08:00
2021-02-28,FIX036,1.393067906,0.2502659135,0.6501380205,15725.40906,0.0153507093,-0.01929878399,2021-02-28T17:30:00+08:00,2021-02-28T18:00:00+08:00,2021-03-01T09:30:00+08:00
2021-02-28,FIX037,1.392909219,-1.777593377,1.929418192,15994.45888,-0.006987218742,-0.01929878399,2021-02-28T17:30:00+08:00,2021-02-28T18:00:00+08:00,2021-03-01T09:30:00+08:00
2021-02-28,FIX038,1.070476213,-0.6871304596,1.441713794,20698.39226,0.0665415572,-0.01929878399,2021-02-28T17:30:00+08:00,2021-02-28T18:00:00+08:00,2021-03-01T09:30:00+08:00
2021-02-28,FIX039,1.774994312,1.479988108,-0.4973446091,9637.090359,0.01432432342,-0.01929878399,2021-02-28T17:30:00+08:00,2021-02-28T18:00:00+08:00,2021-03-01T09:30:00+08:00
2021-03-31,FIX000,0.17736889,-0.1695394918,-0.8474052575,7000.694171,0.01762390905,-0.0111508252,2021-03-31T17:30:00+08:00,2021-03-31T18:00:00+08:00,2021-04-01T09:30:00+08:00
2021-03-31,FIX001,2.9542334,-1.015180868,0.419106176,40797.19435,0.03743516006,-0.0111508252,2021-03-31T17:30:00+08:00,2021-03-31T18:00:00+08:00,2021-04-01T09:30:00+08:00
2021-03-31,FIX002,0.716469528,0.2234392725,0.368232054,15389.5535,-0.04702713533,-0.0111508252,2021-03-31T17:30:00+08:00,2021-03-31T18:00:00+08:00,2021-04-01T09:30:00+08:00
2021-03-31,FIX003,4.488180304,-0.6056136717,1.324447218,23126.91355,-0.08143941566,-0.0111508252,2021-03-31T17:30:00+08:00,2021-03-31T18:00:00+08:00,2021-04-01T09:30:00+08:00
2021-03-31,FIX004,1.133725798,0.2464950988,0.4507307996,8677.959164,0.03393280471,-0.0111508252,2021-03-31T17:30:00+08:00,2021-03-31T18:00:00+08:00,2021-04-01T09:30:00+08:00
2021-03-31,FIX005,2.096803441,-2.607892729,-1.898474867,22276.56528,-0.00950579818,-0.0111508252,2021-03-31T17:30:00+08:00,2021-03-31T18:00:00+08:00,2021-04-01T09:30:00+08:00
2021-03-31,FIX006,-0.3529670786,-1.735224398,1.164758705,75212.17404,0.00313480536,-0.0111508252,2021-03-31T17:30:00+08:00,2021-03-31T18:00:00+08:00,2021-04-01T09:30:00+08:00
2021-03-31,FIX007,1.804667388,-2.251160923,0.1420098734,23330.50246,-0.006973915818,-0.0111508252,2021-03-31T17:30:00+08:00,2021-03-31T18:00:00+08:00,2021-04-01T09:30:00+08:00
2021-03-31,FIX008,2.257719141,-0.9167685043,0.2906369974,16788.13728,0.009170518722,-0.0111508252,2021-03-31T17:30:00+08:00,2021-03-31T18:00:00+08:00,2021-04-01T09:30:00+08:00
2021-03-31,FIX009,1.191058987,-1.838197756,0.344755054,49755.16519,0.0232064737,-0.0111508252,2021-03-31T17:30:00+08:00,2021-03-31T18:00:00+08:00,2021-04-01T09:30:00+08:00
2021-03-31,FIX010,3.243868836,-1.910095588,1.508195113,54295.4051,0.07374455058,-0.0111508252,2021-03-31T17:30:00+08:00,2021-03-31T18:00:00+08:00,2021-04-01T09:30:00+08:00
2021-03-31,FIX011,2.393021524,-0.3166325374,1.980239236,14680.38203,0.02123454023,-0.0111508252,2021-03-31T17:30:00+08:00,2021-03-31T18:00:00+08:00,2021-04-01T09:30:00+08:00
2021-03-31,FIX012,2.31522766,-0.1785785813,-0.4634914843,10261.08099,0.03322742892,-0.0111508252,2021-03-31T17:30:00+08:00,2021-03-31T18:00:00+08:00,2021-04-01T09:30:00+08:00
2021-03-31,FIX013,0.4546375785,-0.3137196239,0.05031282654,6064.663453,0.06046168715,-0.0111508252,2021-03-31T17:30:00+08:00,2021-03-31T18:00:00+08:00,2021-04-01T09:30:00+08:00
2021-03-31,FIX014,1.072115882,-1.205871302,-0.9541594278,25495.66348,-0.04305755679,-0.0111508252,2021-03-31T17:30:00+08:00,2021-03-31T18:00:00+08:00,2021-04-01T09:30:00+08:00
2021-03-31,FIX015,2.822683956,-1.868673556,1.750238957,56680.856,0.0259046084,-0.0111508252,2021-03-31T17:30:00+08:00,2021-03-31T18:00:00+08:00,2021-04-01T09:30:00+08:00
2021-03-31,FIX016,0.1505071272,-2.018490699,0.3431984648,14107.01387,-0.02119929427,-0.0111508252,2021-03-31T17:30:00+08:00,2021-03-31T18:00:00+08:00,2021-04-01T09:30:00+08:00
2021-03-31,FIX017,2.440794444,-2.294650524,0.9644567626,107113.3064,-0.001091878154,-0.0111508252,2021-03-31T17:30:00+08:00,2021-03-31T18:00:00+08:00,2021-04-01T09:30:00+08:00
2021-03-31,FIX018,0.5166315931,-2.69808857,0.5276151444,15158.98004,-0.06534436264,-0.0111508252,2021-03-31T17:30:00+08:00,2021-03-31T18:00:00+08:00,2021-04-01T09:30:00+08:00
2021-03-31,FIX019,2.33761897,-1.797737844,1.34113815,16634.55258,0.01846543881,-0.0111508252,2021-03-31T17:30:00+08:00,2021-03-31T18:00:00+08:00,2021-04-01T09:30:00+08:00
2021-03-31,FIX020,0.5916289599,0.3548718846,0.4819277913,33567.95126,0.01481288188,-0.0111508252,2021-03-31T17:30:00+08:00,2021-03-31T18:00:00+08:00,2021-04-01T09:30:00+08:00
2021-03-31,FIX021,1.963794148,0.5251946844,-0.004528947373,7812.461398,0.06359906414,-0.0111508252,2021-03-31T17:30:00+08:00,2021-03-31T18:00:00+08:00,2021-04-01T09:30:00+08:00
2021-03-31,FIX022,3.400828347,0.819295138,-0.07896528914,35737.52008,0.05218253789,-0.0111508252,2021-03-31T17:30:00+08:00,2021-03-31T18:00:00+08:00,2021-04-01T09:30:00+08:00
2021-03-31,FIX023,0.4115361692,-1.838922144,-1.466751142,30884.32451,-0.009110403466,-0.0111508252,2021-03-31T17:30:00+08:00,2021-03-31T18:00:00+08:00,2021-04-01T09:30:00+08:00
2021-03-31,FIX024,-0.6453215615,-1.365212699,-0.1529337827,10481.39486,-0.03038747026,-0.0111508252,2021-03-31T17:30:00+08:00,2021-03-31T18:00:00+08:00,2021-04-01T09:30:00+08:00
2021-03-31,FIX025,2.555816172,-0.7205277394,1.913483584,53549.874,-0.005651785338,-0.0111508252,2021-03-31T17:30:00+08:00,2021-03-31T18:00:00+08:00,2021-04-01T09:30:00+08:00
2021-03-31,FIX026,1.485029575,-1.215595586,-0.7356452464,12457.99107,-0.01887918436,-0.0111508252,2021-03-31T17:30:00+08:00,2021-03-31T18:00:00+08:00,2021-04-01T09:30:00+08:00
2021-03-31,FIX027,2.770537102,-1.088899685,-0.1267509302,36470.27642,-0.009268188183,-0.0111508252,2021-03-31T17:30:00+08:00,2021-03-31T18:00:00+08:00,2021-04-01T09:30:00+08:00
2021-03-31,FIX028,1.830223229,-1.246241914,0.1418209598,25452.01882,-0.01450755233,-0.0111508252,2021-03-31T17:30:00+08:00,2021-03-31T18:00:00+08:00,2021-04-01T09:30:00+08:00
2021-03-31,FIX029,2.256677366,-0.1465308024,1.633146656,34969.07915,0.05951714212,-0.0111508252,2021-03-31T17:30:00+08:00,2021-03-31T18:00:00+08:00,2021-04-01T09:30:00+08:00
2021-03-31,FIX030,2.544133463,0.06756282193,1.835177621,6020.922639,0.02682091548,-0.0111508252,2021-03-31T17:30:00+08:00,2021-03-31T18:00:00+08:00,2021-04-01T09:30:00+08:00
2021-03-31,FIX031,0.6640417815,-1.292421614,1.456685734,16359.45718,0.03440759543,-0.0111508252,2021-03-31T17:30:00+08:00,2021-03-31T18:00:00+08:00,2021-04-01T09:30:00+08:00
2021-03-31,FIX032,1.113008059,0.353844506,-0.7281215834,7380.507288,0.03515228014,-0.0111508252,2021-03-31T17:30:00+08:00,2021-03-31T18:00:00+08:00,2021-04-01T09:30:00+08:00
2021-03-31,FIX033,0.3473268409,0.2764397352,0.7639714027,9590.337119,-0.04158470307,-0.0111508252,2021-03-31T17:30:00+08:00,2021-03-31T18:00:00+08:00,2021-04-01T09:30:00+08:00
2021-03-31,FIX034,1.450592514,-0.03844290988,0.1911892589,7612.070772,-0.004737029942,-0.0111508252,2021-03-31T17:30:00+08:00,2021-03-31T18:00:00+08:00,2021-04-01T09:30:00+08:00
2021-03-31,FIX035,2.469160053,-0.4619391841,2.62871805,7950.934405,0.0333888749,-0.0111508252,2021-03-31T17:30:00+08:00,2021-03-31T18:00:00+08:00,2021-04-01T09:30:00+08:00
2021-03-31,FIX036,1.862195283,-1.095367459,1.385498601,36245.44638,-0.01754898824,-0.0111508252,2021-03-31T17:30:00+08:00,2021-03-31T18:00:00+08:00,2021-04-01T09:30:00+08:00
2021-03-31,FIX037,1.878901906,-1.200005789,2.014988507,19076.48815,-0.06077081513,-0.0111508252,2021-03-31T17:30:00+08:00,2021-03-31T18:00:00+08:00,2021-04-01T09:30:00+08:00
2021-03-31,FIX038,1.590557435,-1.565032647,0.9236553506,35217.51643,0.02894813182,-0.0111508252,2021-03-31T17:30:00+08:00,2021-03-31T18:00:00+08:00,2021-04-01T09:30:00+08:00
2021-03-31,FIX039,2.367710993,1.014698469,1.081276424,110066.3195,-0.005784972507,-0.0111508252,2021-03-31T17:30:00+08:00,2021-03-31T18:00:00+08:00,2021-04-01T09:30:00+08:00
2021-04-30,FIX000,1.16898724,0.3254551307,-0.4182060775,12721.31167,0.01648853504,0.01375241911,2021-04-30T17:30:00+08:00,2021-04-30T18:00:00+08:00,2021-05-03T09:30:00+08:00
2021-04-30,FIX001,2.158695689,-0.7980241241,0.7148284558,37267.45243,-0.005875697407,0.01375241911,2021-04-30T17:30:00+08:00,2021-04-30T18:00:00+08:00,2021-05-03T09:30:00+08:00
2021-04-30,FIX002,0.7679806533,0.2507988357,0.519411639,23857.23695,0.02499316977,0.01375241911,2021-04-30T17:30:00+08:00,2021-04-30T18:00:00+08:00,2021-05-03T09:30:00+08:00
2021-04-30,FIX003,4.51920904,-0.9288394038,0.7280825675,16877.83569,-0.04624960178,0.01375241911,2021-04-30T17:30:00+08:00,2021-04-30T18:00:00+08:00,2021-05-03T09:30:00+08:00
2021-04-30,FIX004,1.698493468,-1.639134319,0.266542125,61592.76499,-0.02980319747,0.01375241911,2021-04-30T17:30:00+08:00,2021-04-30T18:00:00+08:00,2021-05-03T09:30:00+08:00
2021-04-30,FIX005,2.468159544,-1.48312966,-2.026995652,13557.71364,0.03121468925,0.01375241911,2021-04-30T17:30:00+08:00,2021-04-30T18:00:00+08:00,2021-05-03T09:30:00+08:00
2021-04-30,FIX006,-1.364810356,-1.88976216,1.663241466,23867.30289,-0.01429665228,0.01375241911,2021-04-30T17:30:00+08:00,2021-04-30T18:00:00+08:00,2021-05-03T09:30:00+08:00
2021-04-30,FIX007,2.676971052,-1.569364451,0.4460134748,98076.16532,0.04739799064,0.01375241911,2021-04-30T17:30:00+08:00,2021-04-30T18:00:00+08:00,2021-05-03T09:30:00+08:00
2021-04-30,FIX008,2.487593353,-0.1083439758,0.1902696318,40386.2977,-0.008387109392,0.01375241911,2021-04-30T17:30:00+08:00,2021-04-30T18:00:00+08:00,2021-05-03T09:30:00+08:00
2021-04-30,FIX009,1.255954338,-1.659306198,0.6747264938,64603.51524,-0.06123191436,0.01375241911,2021-04-30T17:30:00+08:00,2021-04-30T18:00:00+08:00,2021-05-03T09:30:00+08:00
2021-04-30,FIX010,3.191426134,-2.402311802,1.896760637,22387.0136,-0.05844448565,0.01375241911,2021-04-30T17:30:00+08:00,2021-04-30T18:00:00+08:00,2021-05-03T09:30:00+08:00
2021-04-30,FIX011,1.943683359,-0.5746481731,0.895204409,19789.80251,0.01538818372,0.01375241911,2021-04-30T17:30:00+08:00,2021-04-30T18:00:00+08:00,2021-05-03T09:30:00+08:00
2021-04-30,FIX012,2.751169016,-1.029393225,-0.1919331369,35999.34083,-0.0008245616806,0.01375241911,2021-04-30T17:30:00+08:00,2021-04-30T18:00:00+08:00,2021-05-03T09:30:00+08:00
2021-04-30,FIX013,0.4859851594,-0.4319957333,0.4271340091,7179.928172,-0.008875632275,0.01375241911,2021-04-30T17:30:00+08:00,2021-04-30T18:00:00+08:00,2021-05-03T09:30:00+08:00
2021-04-30,FIX014,1.535860983,-0.4112955032,0.01306200124,43966.81439,0.03109095049,0.01375241911,2021-04-30T17:30:00+08:00,2021-04-30T18:00:00+08:00,2021-05-03T09:30:00+08:00
2021-04-30,FIX015,2.678022091,-1.179746956,1.406406847,29665.79551,-0.03220066675,0.01375241911,2021-04-30T17:30:00+08:00,2021-04-30T18:00:00+08:00,2021-05-03T09:30:00+08:00
2021-04-30,FIX016,0.7050454216,-1.587984273,0.2087606669,35470.24484,0.0466591643,0.01375241911,2021-04-30T17:30:00+08:00,2021-04-30T18:00:00+08:00,2021-05-03T09:30:00+08:00
2021-04-30,FIX017,3.086799492,-2.065661721,0.6758543086,5950.704799,-0.08903448618,0.01375241911,2021-04-30T17:30:00+08:00,2021-04-30T18:00:00+08:00,2021-05-03T09:30:00+08:00
2021-04-30,FIX018,0.8690733534,-2.149172303,1.380583267,68514.95831,-0.006718097375,0.01375241911,2021-04-30T17:30:00+08:00,2021-04-30T18:00:00+08:00,2021-05-03T09:30:00+08:00
2021-04-30,FIX019,2.906397939,-1.422659313,1.293236189,38736.6186,-0.03450981762,0.01375241911,2021-04-30T17:30:00+08:00,2021-04-30T18:00:00+08:00,2021-05-03T09:30:00+08:00
2021-04-30,FIX020,1.423256242,-0.1413917194,1.22818011,50918.88801,0.0227997263,0.01375241911,2021-04-30T17:30:00+08:00,2021-04-30T18:00:00+08:00,2021-05-03T09:30:00+08:00
2021-04-30,FIX021,2.000651811,0.8361128569,1.122874424,8695.627701,0.04128770088,0.01375241911,2021-04-30T17:30:00+08:00,2021-04-30T18:00:00+08:00,2021-05-03T09:30:00+08:00
2021-04-30,FIX022,2.501782439,-0.4778181179,0.1197597415,29131.8161,0.01032049313,0.01375241911,2021-04-30T17:30:00+08:00,2021-04-30T18:00:00+08:00,2021-05-03T09:30:00+08:00
2021-04-30,FIX023,0.9263759101,-1.821306959,-1.293299348,3393.822397,-0.04542473361,0.01375241911,2021-04-30T17:30:00+08:00,2021-04-30T18:00:00+08:00,2021-05-03T09:30:00+08:00
2021-04-30,FIX024,0.153775294,-0.07533724944,-0.3989597813,13372.76091,0.03174500639,0.01375241911,2021-04-30T17:30:00+08:00,2021-04-30T18:00:00+08:00,2021-05-03T09:30:00+08:00
2021-04-30,FIX025,1.516322358,-0.3967587332,1.808329175,27243.2488,-0.04536402193,0.01375241911,2021-04-30T17:30:00+08:00,2021-04-30T18:00:00+08:00,2021-05-03T09:30:00+08:00
2021-04-30,FIX026,1.87064141,-1.087916043,0.2043941185,21867.52265,0.0461333522,0.01375241911,2021-04-30T17:30:00+08:00,2021-04-30T18:00:00+08:00,2021-05-03T09:30:00+08:00
2021-04-30,FIX027,3.152655878,-1.559507554,-0.2613589386,52495.22442,0.07125092954,0.01375241911,2021-04-30T17:30:00+08:00,2021-04-30T18:00:00+08:00,2021-05-03T09:30:00+08:00
2021-04-30,FIX028,1.797865301,-0.8990337336,-0.598909501,26462.83531,0.03206246858,0.01375241911,2021-04-30T17:30:00+08:00,2021-04-30T18:00:00+08:00,2021-05-03T09:30:00+08:00
2021-04-30,FIX029,1.770872298,0.122554191,1.741888819,17933.40479,0.0002409367767,0.01375241911,2021-04-30T17:30:00+08:00,2021-04-30T18:00:00+08:00,2021-05-03T09:30:00+08:00
2021-04-30,FIX030,3.09572769,-1.206916009,1.243676558,4025.768442,-0.03151642391,0.01375241911,2021-04-30T17:30:00+08:00,2021-04-30T18:00:00+08:00,2021-05-03T09:30:00+08:00
2021-04-30,FIX031,1.402249152,-1.785381013,2.014846811,13465.93699,0.008814625166,0.01375241911,2021-04-30T17:30:00+08:00,2021-04-30T18:00:00+08:00,2021-05-03T09:30:00+08:00
2021-04-30,FIX032,1.860666544,1.023824569,-0.4191073489,27484.4158,-0.01678415742,0.01375241911,2021-04-30T17:30:00+08:00,2021-04-30T18:00:00+08:00,2021-05-03T09:30:00+08:00
2021-04-30,FIX033,0.6030730961,-1.244722765,0.6355918923,12533.04888,0.04457495312,0.01375241911,2021-04-30T17:30:00+08:00,2021-04-30T18:00:00+08:00,2021-05-03T09:30:00+08:00
2021-04-30,FIX034,2.454638654,0.598715334,-0.02189599022,27505.38352,0.003786264073,0.01375241911,2021-04-30T17:30:00+08:00,2021-04-30T18:00:00+08:00,2021-05-03T09:30:00+08:00
2021-04-30,FIX035,1.442353033,0.2296628188,2.355423912,25896.01332,0.03808219476,0.01375241911,2021-04-30T17:30:00+08:00,2021-04-30T18:00:00+08:00,2021-05-03T09:30:00+08:00
2021-04-30,FIX036,1.426580072,-1.396593576,2.089140409,9355.121157,0.01279163997,0.01375241911,2021-04-30T17:30:00+08:00,2021-04-30T18:00:00+08:00,2021-05-03T09:30:00+08:00
2021-04-30,FIX037,1.338208381,-1.514060338,2.317672382,5740.687556,0.01474290387,0.01375241911,2021-04-30T17:30:00+08:00,2021-04-30T18:00:00+08:00,2021-05-03T09:30:00+08:00
2021-04-30,FIX038,1.331039818,-1.211618987,0.9290885149,43745.80119,-0.009042546759,0.01375241911,2021-04-30T17:30:00+08:00,2021-04-30T18:00:00+08:00,2021-05-03T09:30:00+08:00
2021-04-30,FIX039,1.930672583,1.621454081,2.237077436,22092.29926,0.02131378884,0.01375241911,2021-04-30T17:30:00+08:00,2021-04-30T18:00:00+08:00,2021-05-03T09:30:00+08:00
2021-05-31,FIX000,0.9727805151,0.617961361,0.01035584502,23223.92713,0.03602179037,-0.02975669413,2021-05-31T17:30:00+08:00,2021-05-31T18:00:00+08:00,2021-06-01T09:30:00+08:00
2021-05-31,FIX001,2.265009898,-0.9078720644,0.9029671567,25806.06197,-0.06314856214,-0.02975669413,2021-05-31T17:30:00+08:00,2021-05-31T18:00:00+08:00,2021-06-01T09:30:00+08:00
2021-05-31,FIX002,1.888589262,-0.2928594985,1.215584285,30777.01401,0.03953373876,-0.02975669413,2021-05-31T17:30:00+08:00,2021-05-31T18:00:00+08:00,2021-06-01T09:30:00+08:00
2021-05-31,FIX003,5.242344482,-1.17226865,1.096018722,166566.1617,-0.0609212881,-0.02975669413,2021-05-31T17:30:00+08:00,2021-05-31T18:00:00+08:00,2021-06-01T09:30:00+08:00
2021-05-31,FIX004,1.109775885,-0.7692506922,-0.3443175264,11585.84009,0.002481058793,-0.02975669413,2021-05-31T17:30:00+08:00,2021-05-31T18:00:00+08:00,2021-06-01T09:30:00+08:00
2021-05-31,FIX005,1.740787515,-1.930550614,-2.556747227,7189.886862,-0.04368087214,-0.02975669413,2021-05-31T17:30:00+08:00,2021-05-31T18:00:00+08:00,2021-06-01T09:30:00+08:00
2021-05-31,FIX006,-0.9274487489,-2.304270831,2.232400252,9077.540615,-0.06722042906,-0.02975669413,2021-05-31T17:30:00+08:00,2021-05-31T18:00:00+08:00,2021-06-01T09:30:00+08:00
2021-05-31,FIX007,2.796030154,-0.8071443286,-0.2631079387,95119.38497,-0.01464872098,-0.02975669413,2021-05-31T17:30:00+08:00,2021-05-31T18:00:00+08:00,2021-06-01T09:30:00+08:00
2021-05-31,FIX008,1.719301884,0.1053236027,1.404432519,98016.74414,-0.003161439206,-0.02975669413,2021-05-31T17:30:00+08:00,2021-05-31T18:00:00+08:00,2021-06-01T09:30:00+08:00
2021-05-31,FIX009,1.970865698,-1.282778949,0.4169313431,94202.28977,0.002295491877,-0.02975669413,2021-05-31T17:30:00+08:00,2021-05-31T18:00:00+08:00,2021-06-01T09:30:00+08:00
2021-05-31,FIX010,3.526584114,-1.986960266,1.955221664,40667.72959,0.06763203286,-0.02975669413,2021-05-31T17:30:00+08:00,2021-05-31T18:00:00+08:00,2021-06-01T09:30:00+08:00
2021-05-31,FIX011,2.134041483,-1.065631697,0.600640205,82853.6428,0.0001853386733,-0.02975669413,2021-05-31T17:30:00+08:00,2021-05-31T18:00:00+08:00,2021-06-01T09:30:00+08:00
2021-05-31,FIX012,2.270838361,-0.9113768866,0.4481839244,16449.96485,-0.07305002817,-0.02975669413,2021-05-31T17:30:00+08:00,2021-05-31T18:00:00+08:00,2021-06-01T09:30:00+08:00
2021-05-31,FIX013,0.7642008399,-1.117867648,0.5180151917,16215.83377,-0.02695014712,-0.02975669413,2021-05-31T17:30:00+08:00,2021-05-31T18:00:00+08:00,2021-06-01T09:30:00+08:00
2021-05-31,FIX014,0.5495060422,-0.8736265119,1.489491437,7394.652875,0.04701639862,-0.02975669413,2021-05-31T17:30:00+08:00,2021-05-31T18:00:00+08:00,2021-06-01T09:30:00+08:00
2021-05-31,FIX015,2.422639793,0.08597256972,1.285857175,3779.017344,0.0537773708,-0.02975669413,2021-05-31T17:30:00+08:00,2021-05-31T18:00:00+08:00,2021-06-01T09:30:00+08:00
2021-05-31,FIX016,1.31921479,-1.007111417,-0.08983250152,36501.51327,-0.03179675447,-0.02975669413,2021-05-31T17:30:00+08:00,2021-05-31T18:00:00+08:00,2021-06-01T09:30:00+08:00
2021-05-31,FIX017,3.722952616,-2.285036792,-0.3602886255,46965.76948,-0.02261073807,-0.02975669413,2021-05-31T17:30:00+08:00,2021-05-31T18:00:00+08:00,2021-06-01T09:30:00+08:00
2021-05-31,FIX018,0.2241658623,-2.197559953,0.7875650014,15173.85246,-0.01443993776,-0.02975669413,2021-05-31T17:30:00+08:00,2021-05-31T18:00:00+08:00,2021-06-01T09:30:00+08:00
2021-05-31,FIX019,1.777585113,-0.5506677275,0.8051303674,9116.039555,-0.01402570741,-0.02975669413,2021-05-31T17:30:00+08:00,2021-05-31T18:00:00+08:00,2021-06-01T09:30:00+08:00
2021-05-31,FIX020,2.518602452,-0.1429229443,1.503969882,96747.09526,0.03269512826,-0.02975669413,2021-05-31T17:30:00+08:00,2021-05-31T18:00:00+08:00,2021-06-01T09:30:00+08:00
2021-05-31,FIX021,3.084332978,0.81415463,0.8611239698,19753.5955,-0.01629610683,-0.02975669413,2021-05-31T17:30:00+08:00,2021-05-31T18:00:00+08:00,2021-06-01T09:30:00+08:00
2021-05-31,FIX022,2.739778841,0.3038608717,-0.8129143569,15431.304,0.00415569467,-0.02975669413,2021-05-31T17:30:00+08:00,2021-05-31T18:00:00+08:00,2021-06-01T09:30:00+08:00
2021-05-31,FIX023,0.8681824857,-1.771874095,-1.233032442,16467.56746,-0.02554669476,-0.02975669413,2021-05-31T17:30:00+08:00,2021-05-31T18:00:00+08:00,2021-06-01T09:30:00+08:00
2021-05-31,FIX024,-0.1777615389,-0.4366493066,0.2193780118,12339.05006,0.01120846587,-0.02975669413,2021-05-31T17:30:00+08:00,2021-05-31T18:00:00+08:00,2021-06-01T09:30:00+08:00
2021-05-31,FIX025,2.339632292,-0.3023735003,1.474492379,90409.48659,-0.004222105477,-0.02975669413,2021-05-31T17:30:00+08:00,2021-05-31T18:00:00+08:00,2021-06-01T09:30:00+08:00
2021-05-31,FIX026,1.546574601,-1.34914729,0.530952453,21616.172,-0.0409637789,-0.02975669413,2021-05-31T17:30:00+08:00,2021-05-31T18:00:00+08:00,2021-06-01T09:30:00+08:00
2021-05-31,FIX027,1.791245529,-1.360399693,-0.9348396203,6335.405797,0.06340826689,-0.02975669413,2021-05-31T17:30:00+08:00,2021-05-31T18:00:00+08:00,2021-06-01T09:30:00+08:00
2021-05-31,FIX028,2.10025726,-0.7572719942,-0.4429941811,168374.7951,-0.01900051381,-0.02975669413,2021-05-31T17:30:00+08:00,2021-05-31T18:00:00+08:00,2021-06-01T09:30:00+08:00
2021-05-31,FIX029,1.505390334,-0.1495065975,1.700531532,3056.2805,-0.08340232543,-0.02975669413,2021-05-31T17:30:00+08:00,2021-05-31T18:00:00+08:00,2021-06-01T09:30:00+08:00
2021-05-31,FIX030,2.215383495,-1.75952843,0.47555614,15449.17985,-0.03831537094,-0.02975669413,2021-05-31T17:30:00+08:00,2021-05-31T18:00:00+08:00,2021-06-01T09:30:00+08:00
2021-05-31,FIX031,0.5323549211,-0.5376735939,1.501019238,28457.67618,-0.06797333369,-0.02975669413,2021-05-31T17:30:00+08:00,2021-05-31T18:00:00+08:00,2021-06-01T09:30:00+08:00
2021-05-31,FIX032,0.7047331237,-0.9466484777,-0.04867733318,13218.94436,-0.03751790801,-0.02975669413,2021-05-31T17:30:00+08:00,2021-05-31T18:00:00+08:00,2021-06-01T09:30:00+08:00
2021-05-31,FIX033,0.9777675931,-0.9982098276,1.144437975,39352.28226,0.03055286425,-0.02975669413,2021-05-31T17:30:00+08:00,2021-05-31T18:00:00+08:00,2021-06-01T09:30:00+08:00
2021-05-31,FIX034,2.466621929,0.4636294585,1.583329037,38615.37676,-0.00933981376,-0.02975669413,2021-05-31T17:30:00+08:00,2021-05-31T18:00:00+08:00,2021-06-01T09:30:00+08:00
2021-05-31,FIX035,1.929370175,-0.4446280038,1.690849515,21898.02324,-0.004442896633,-0.02975669413,2021-05-31T17:30:00+08:00,2021-05-31T18:00:00+08:00,2021-06-01T09:30:00+08:00
2021-05-31,FIX036,1.524128799,-0.3238791812,2.676954368,7521.230391,0.03058205227,-0.02975669413,2021-05-31T17:30:00+08:00,2021-05-31T18:00:00+08:00,2021-06-01T09:30:00+08:00
2021-05-31,FIX037,1.565983418,-2.152276242,2.619556639,39174.4473,-0.01824310066,-0.02975669413,2021-05-31T17:30:00+08:00,2021-05-31T18:00:00+08:00,2021-06-01T09:30:00+08:00
2021-05-31,FIX038,0.6084204568,-1.223415,0.8337389136,24095.35624,0.04178193632,-0.02975669413,2021-05-31T17:30:00+08:00,2021-05-31T18:00:00+08:00,2021-06-01T09:30:00+08:00
2021-05-31,FIX039,1.512007361,1.385307367,2.601626609,15885.12258,0.01018487279,-0.02975669413,2021-05-31T17:30:00+08:00,2021-05-31T18:00:00+08:00,2021-06-01T09:30:00+08:00
2021-06-30,FIX000,1.318649934,-0.519097252,0.1644295027,8803.068553,0.02942915902,-0.004742706869,2021-06-30T17:30:00+08:00,2021-06-30T18:00:00+08:00,2021-07-01T09:30:00+08:00
2021-06-30,FIX001,2.93958263,-1.274849928,1.226594789,50102.42776,-0.00797288665,-0.004742706869,2021-06-30T17:30:00+08:00,2021-06-30T18:00:00+08:00,2021-07-01T09:30:00+08:00
2021-06-30,FIX002,1.833787456,0.03969338431,1.764185712,8127.725489,-0.02845220414,-0.004742706869,2021-06-30T17:30:00+08:00,2021-06-30T18:00:00+08:00,2021-07-01T09:30:00+08:00
2021-06-30,FIX003,3.67824589,-0.5082961739,0.08935292315,46894.18146,0.08205338262,-0.004742706869,2021-06-30T17:30:00+08:00,2021-06-30T18:00:00+08:00,2021-07-01T09:30:00+08:00
2021-06-30,FIX004,1.763128971,0.2453739575,-0.1424497377,50034.51261,-0.003621130135,-0.004742706869,2021-06-30T17:30:00+08:00,2021-06-30T18:00:00+08:00,2021-07-01T09:30:00+08:00
2021-06-30,FIX005,2.313680073,-1.761246718,-2.390456144,58390.18502,-0.0006861400146,-0.004742706869,2021-06-30T17:30:00+08:00,2021-06-30T18:00:00+08:00,2021-07-01T09:30:00+08:00
2021-06-30,FIX006,-0.3871710695,-2.030766075,1.434143971,9011.183721,0.01536657748,-0.004742706869,2021-06-30T17:30:00+08:00,2021-06-30T18:00:00+08:00,2021-07-01T09:30:00+08:00
2021-06-30,FIX007,1.290258299,-1.803195336,-0.1149957304,7908.36546,0.00436125831,-0.004742706869,2021-06-30T17:30:00+08:00,2021-06-30T18:00:00+08:00,2021-07-01T09:30:00+08:00
2021-06-30,FIX008,1.379820431,0.5760363212,0.9043211556,17944.85278,0.06296426831,-0.004742706869,2021-06-30T17:30:00+08:00,2021-06-30T18:00:00+08:00,2021-07-01T09:30:00+08:00
2021-06-30,FIX009,1.447434009,-0.9878920363,0.6555537573,53830.908,0.03868639452,-0.004742706869,2021-06-30T17:30:00+08:00,2021-06-30T18:00:00+08:00,2021-07-01T09:30:00+08:00
2021-06-30,FIX010,3.739813094,-1.956252572,2.503405299,18917.16933,0.01863753127,-0.004742706869,2021-06-30T17:30:00+08:00,2021-06-30T18:00:00+08:00,2021-07-01T09:30:00+08:00
2021-06-30,FIX011,1.095675256,-0.4995452251,0.7597922081,18694.31318,-0.007978756517,-0.004742706869,2021-06-30T17:30:00+08:00,2021-06-30T18:00:00+08:00,2021-07-01T09:30:00+08:00
2021-06-30,FIX012,2.994422031,-0.678453938,-0.4191661382,16219.87213,0.08835362998,-0.004742706869,2021-06-30T17:30:00+08:00,2021-06-30T18:00:00+08:00,2021-07-01T09:30:00+08:00
2021-06-30,FIX013,0.9423393032,-0.8140824068,0.7036814335,99782.68038,-0.04732087914,-0.004742706869,2021-06-30T17:30:00+08:00,2021-06-30T18:00:00+08:00,2021-07-01T09:30:00+08:00
2021-06-30,FIX014,1.058520985,-0.6787905044,0.3675085398,12724.57414,0.007121454873,-0.004742706869,2021-06-30T17:30:00+08:00,2021-06-30T18:00:00+08:00,2021-07-01T09:30:00+08:00
2021-06-30,FIX015,1.6104217,-0.4838920092,1.115108626,6191.069307,0.01285776788,-0.004742706869,2021-06-30T17:30:00+08:00,2021-06-30T18:00:00+08:00,2021-07-01T09:30:00+08:00
2021-06-30,FIX016,1.824875705,0.1515112845,-0.2975178782,7254.493593,-0.04941467747,-0.004742706869,2021-06-30T17:30:00+08:00,2021-06-30T18:00:00+08:00,2021-07-01T09:30:00+08:00
2021-06-30,FIX017,3.138887965,-2.032052166,0.393437975,8909.580204,0.0481714091,-0.004742706869,2021-06-30T17:30:00+08:00,2021-06-30T18:00:00+08:00,2021-07-01T09:30:00+08:00
2021-06-30,FIX018,1.388894298,-1.485451351,1.245323484,61968.1504,-0.01649582702,-0.004742706869,2021-06-30T17:30:00+08:00,2021-06-30T18:00:00+08:00,2021-07-01T09:30:00+08:00
2021-06-30,FIX019,1.590535975,0.1229908396,0.4911352076,5128.065674,0.01120089501,-0.004742706869,2021-06-30T17:30:00+08:00,2021-06-30T18:00:00+08:00,2021-07-01T09:30:00+08:00
2021-06-30,FIX020,2.970780663,-0.5066131172,2.052759461,10188.76547,-0.0231795191,-0.004742706869,2021-06-30T17:30:00+08:00,2021-06-30T18:00:00+08:00,2021-07-01T09:30:00+08:00
2021-06-30,FIX021,3.689338089,-0.9983762477,0.6055429554,11386.37032,-0.02916086265,-0.004742706869,2021-06-30T17:30:00+08:00,2021-06-30T18:00:00+08:00,2021-07-01T09:30:00+08:00
2021-06-30,FIX022,2.591118656,0.1673148478,-1.338260794,5185.930537,0.04433220286,-0.004742706869,2021-06-30T17:30:00+08:00,2021-06-30T18:00:00+08:00,2021-07-01T09:30:00+08:00
2021-06-30,FIX023,0.8709497085,-3.560144622,-1.580312161,34594.18206,-0.03533534079,-0.004742706869,2021-06-30T17:30:00+08:00,2021-06-30T18:00:00+08:00,2021-07-01T09:30:00+08:00
2021-06-30,FIX024,-0.9107587304,-0.1848570299,-0.1344446287,21366.20855,-0.01094711396,-0.004742706869,2021-06-30T17:30:00+08:00,2021-06-30T18:00:00+08:00,2021-07-01T09:30:00+08:00
2021-06-30,FIX025,2.427649685,-0.4176934225,2.005915975,130746.4176,-0.0126687279,-0.004742706869,2021-06-30T17:30:00+08:00,2021-06-30T18:00:00+08:00,2021-07-01T09:30:00+08:00
2021-06-30,FIX026,2.694735471,-0.7069732039,1.296501692,64719.92662,-0.02318719683,-0.004742706869,2021-06-30T17:30:00+08:00,2021-06-30T18:00:00+08:00,2021-07-01T09:30:00+08:00
2021-06-30,FIX027,2.188776339,-2.05078638,-1.074160929,15969.69987,-0.04053807819,-0.004742706869,2021-06-30T17:30:00+08:00,2021-06-30T18:00:00+08:00,2021-07-01T09:30:00+08:00
2021-06-30,FIX028,2.633666009,-0.09833609481,-1.146616495,7689.598274,0.01021363532,-0.004742706869,2021-06-30T17:30:00+08:00,2021-06-30T18:00:00+08:00,2021-07-01T09:30:00+08:00
2021-06-30,FIX029,2.706234269,-1.134585679,2.141170333,25296.27523,-0.004412019874,-0.004742706869,2021-06-30T17:30:00+08:00,2021-06-30T18:00:00+08:00,2021-07-01T09:30:00+08:00
2021-06-30,FIX030,2.81869814,-0.7135953706,0.6128935507,4048.60972,0.01323231586,-0.004742706869,2021-06-30T17:30:00+08:00,2021-06-30T18:00:00+08:00,2021-07-01T09:30:00+08:00
2021-06-30,FIX031,0.8335193304,-1.449566827,1.903443133,147332.3381,-0.03155145943,-0.004742706869,2021-06-30T17:30:00+08:00,2021-06-30T18:00:00+08:00,2021-07-01T09:30:00+08:00
2021-06-30,FIX032,1.383691949,-1.777273516,-0.07917005604,17532.48546,-0.006002651137,-0.004742706869,2021-06-30T17:30:00+08:00,2021-06-30T18:00:00+08:00,2021-07-01T09:30:00+08:00
2021-06-30,FIX033,1.450877884,-0.9452868512,0.8547887732,9625.56016,0.009460783465,-0.004742706869,2021-06-30T17:30:00+08:00,2021-06-30T18:00:00+08:00,2021-07-01T09:30:00+08:00
2021-06-30,FIX034,2.291726247,-0.7264361463,1.659310738,69156.4453,-0.02146403373,-0.004742706869,2021-06-30T17:30:00+08:00,2021-06-30T18:00:00+08:00,2021-07-01T09:30:00+08:00
2021-06-30,FIX035,1.891491241,0.2833420512,2.347297135,7772.841584,0.01138122837,-0.004742706869,2021-06-30T17:30:00+08:00,2021-06-30T18:00:00+08:00,2021-07-01T09:30:00+08:00
2021-06-30,FIX036,1.515643989,-0.4923241991,1.886966075,21108.97924,-0.01130948533,-0.004742706869,2021-06-30T17:30:00+08:00,2021-06-30T18:00:00+08:00,2021-07-01T09:30:00+08:00
2021-06-30,FIX037,1.195946577,-0.9705829344,1.852970092,8238.891519,0.04842053453,-0.004742706869,2021-06-30T17:30:00+08:00,2021-06-30T18:00:00+08:00,2021-07-01T09:30:00+08:00
2021-06-30,FIX038,1.189358166,-1.25912042,1.60702944,27408.30419,0.02758239288,-0.004742706869,2021-06-30T17:30:00+08:00,2021-06-30T18:00:00+08:00,2021-07-01T09:30:00+08:00
2021-06-30,FIX039,1.402075682,0.8861701573,2.085831114,9523.456829,-0.0356164699,-0.004742706869,2021-06-30T17:30:00+08:00,2021-06-30T18:00:00+08:00,2021-07-01T09:30:00+08:00
2021-07-31,FIX000,0.9511162645,-0.8090651615,0.3690520202,10375.40077,0.007994499239,0.05348089521,2021-07-31T17:30:00+08:00,2021-07-31T18:00:00+08:00,2021-08-02T09:30:00+08:00
2021-07-31,FIX001,2.426719133,0.01752472801,1.543682449,2277.580562,-0.008523536233,0.05348089521,2021-07-31T17:30:00+08:00,2021-07-31T18:00:00+08:00,2021-08-02T09:30:00+08:00
2021-07-31,FIX002,2.193463079,-0.3433203039,1.391375863,38763.29057,0.01638505646,0.05348089521,2021-07-31T17:30:00+08:00,2021-07-31T18:00:00+08:00,2021-08-02T09:30:00+08:00
2021-07-31,FIX003,2.837052502,-0.07919203027,-0.4335800535,12874.46079,-0.0151345846,0.05348089521,2021-07-31T17:30:00+08:00,2021-07-31T18:00:00+08:00,2021-08-02T09:30:00+08:00
2021-07-31,FIX004,1.667131799,0.3982115677,-0.3513172932,8003.588658,-0.05905038642,0.05348089521,2021-07-31T17:30:00+08:00,2021-07-31T18:00:00+08:00,2021-08-02T09:30:00+08:00
2021-07-31,FIX005,1.718928746,-0.807725206,-2.916089893,7871.603751,0.0280286853,0.05348089521,2021-07-31T17:30:00+08:00,2021-07-31T18:00:00+08:00,2021-08-02T09:30:00+08:00
2021-07-31,FIX006,0.5333450862,-1.971061303,1.526799065,12220.86172,0.03302184344,0.05348089521,2021-07-31T17:30:00+08:00,2021-07-31T18:00:00+08:00,2021-08-02T09:30:00+08:00
2021-07-31,FIX007,1.786589934,-2.105622334,-0.2005522293,46101.22441,-0.0418247957,0.05348089521,2021-07-31T17:30:00+08:00,2021-07-31T18:00:00+08:00,2021-08-02T09:30:00+08:00
2021-07-31,FIX008,1.74851048,1.193400135,0.9910742429,10399.35535,0.001492675124,0.05348089521,2021-07-31T17:30:00+08:00,2021-07-31T18:00:00+08:00,2021-08-02T09:30:00+08:00
2021-07-31,FIX009,1.795446179,-0.9680959153,0.2072553006,9432.547653,0.02161084266,0.05348089521,2021-07-31T17:30:00+08:00,2021-07-31T18:00:00+08:00,2021-08-02T09:30:00+08:00
2021-07-31,FIX010,3.154017888,-2.401270461,1.391131532,16775.7813,-0.01259468661,0.05348089521,2021-07-31T17:30:00+08:00,2021-07-31T18:00:00+08:00,2021-08-02T09:30:00+08:00
2021-07-31,FIX011,1.105564239,-1.300760061,1.264345618,27476.58213,-0.01100861167,0.05348089521,2021-07-31T17:30:00+08:00,2021-07-31T18:00:00+08:00,2021-08-02T09:30:00+08:00
2021-07-31,FIX012,3.561265757,-0.5634206948,-0.3581976753,48426.65576,0.02597934364,0.05348089521,2021-07-31T17:30:00+08:00,2021-07-31T18:00:00+08:00,2021-08-02T09:30:00+08:00
2021-07-31,FIX013,0.5525078145,-0.4878103675,0.6929786607,10260.59529,-0.03012244149,0.05348089521,2021-07-31T17:30:00+08:00,2021-07-31T18:00:00+08:00,2021-08-02T09:30:00+08:00
2021-07-31,FIX014,0.1336199788,-0.5210356701,0.6751170867,11729.0367,-0.01309451529,0.05348089521,2021-07-31T17:30:00+08:00,2021-07-31T18:00:00+08:00,2021-08-02T09:30:00+08:00
2021-07-31,FIX015,2.039422124,-0.8100063311,0.6166470714,14061.13912,-0.012166385,0.05348089521,2021-07-31T17:30:00+08:00,2021-07-31T18:00:00+08:00,2021-08-02T09:30:00+08:00
2021-07-31,FIX016,2.143641441,-0.1311196815,-0.1274481715,31665.92476,-0.01712021245,0.05348089521,2021-07-31T17:30:00+08:00,2021-07-31T18:00:00+08:00,2021-08-02T09:30:00+08:00
2021-07-31,FIX017,3.37389187,-0.4061177986,0.09206750471,20890.61949,-0.01180014848,0.05348089521,2021-07-31T17:30:00+08:00,2021-07-31T18:00:00+08:00,2021-08-02T09:30:00+08:00
2021-07-31,FIX018,1.364554952,-1.474158201,0.8715358536,5418.387757,-0.0176555322,0.05348089521,2021-07-31T17:30:00+08:00,2021-07-31T18:00:00+08:00,2021-08-02T09:30:00+08:00
2021-07-31,FIX019,0.7460016244,0.02594226137,1.275500872,100271.2808,0.01060567029,0.05348089521,2021-07-31T17:30:00+08:00,2021-07-31T18:00:00+08:00,2021-08-02T09:30:00+08:00
2021-07-31,FIX020,2.94726177,0.2062385404,2.079177624,21040.8853,0.03275247208,0.05348089521,2021-07-31T17:30:00+08:00,2021-07-31T18:00:00+08:00,2021-08-02T09:30:00+08:00
2021-07-31,FIX021,2.156830033,-1.464218251,0.5747392657,19598.89427,0.002142196772,0.05348089521,2021-07-31T17:30:00+08:00,2021-07-31T18:00:00+08:00,2021-08-02T09:30:00+08:00
2021-07-31,FIX022,2.184458,-0.3373850072,-2.352155052,15434.41058,0.007836165677,0.05348089521,2021-07-31T17:30:00+08:00,2021-07-31T18:00:00+08:00,2021-08-02T09:30:00+08:00
2021-07-31,FIX023,0.8196395481,-2.972832846,-1.892080589,16251.69438,-0.02193886369,0.05348089521,2021-07-31T17:30:00+08:00,2021-07-31T18:00:00+08:00,2021-08-02T09:30:00+08:00
2021-07-31,FIX024,0.09777572635,-1.479363321,0.2094488085,85471.92755,-0.09146156661,0.05348089521,2021-07-31T17:30:00+08:00,2021-07-31T18:00:00+08:00,2021-08-02T09:30:00+08:00
2021-07-31,FIX025,3.250967898,-0.55117791,1.493761317,46220.90767,0.01010634809,0.05348089521,2021-07-31T17:30:00+08:00,2021-07-31T18:00:00+08:00,2021-08-02T09:30:00+08:00
2021-07-31,FIX026,3.511016958,-0.06245918847,1.526124672,50494.46497,0.04034152159,0.05348089521,2021-07-31T17:30:00+08:00,2021-07-31T18:00:00+08:00,2021-08-02T09:30:00+08:00
2021-07-31,FIX027,2.073438094,-1.767920937,-1.40891575,18042.49082,0.0789580368,0.05348089521,2021-07-31T17:30:00+08:00,2021-07-31T18:00:00+08:00,2021-08-02T09:30:00+08:00
2021-07-31,FIX028,1.994047121,0.3574580711,-0.478326912,5613.186371,-0.01591036418,0.05348089521,2021-07-31T17:30:00+08:00,2021-07-31T18:00:00+08:00,2021-08-02T09:30:00+08:00
2021-07-31,FIX029,1.379044442,0.1573858991,1.939035772,10538.17299,0.01900897999,0.05348089521,2021-07-31T17:30:00+08:00,2021-07-31T18:00:00+08:00,2021-08-02T09:30:00+08:00
2021-07-31,FIX030,2.501396839,-1.801085759,0.8044834206,6762.508294,0.02858548059,0.05348089521,2021-07-31T17:30:00+08:00,2021-07-31T18:00:00+08:00,2021-08-02T09:30:00+08:00
2021-07-31,FIX031,0.669167475,-1.345476622,1.998922813,19559.43785,-0.0007737160085,0.05348089521,2021-07-31T17:30:00+08:00,2021-07-31T18:00:00+08:00,2021-08-02T09:30:00+08:00
2021-07-31,FIX032,1.472332714,-1.973407859,-0.6559786759,7998.589016,-0.02824796029,0.05348089521,2021-07-31T17:30:00+08:00,2021-07-31T18:00:00+08:00,2021-08-02T09:30:00+08:00
2021-07-31,FIX033,2.084309879,-1.830216014,-0.133109082,92708.45686,0.06342444229,0.05348089521,2021-07-31T17:30:00+08:00,2021-07-31T18:00:00+08:00,2021-08-02T09:30:00+08:00
2021-07-31,FIX034,0.2260048745,-0.1856957481,1.230820018,2444.193205,-0.04920422491,0.05348089521,2021-07-31T17:30:00+08:00,2021-07-31T18:00:00+08:00,2021-08-02T09:30:00+08:00
2021-07-31,FIX035,2.228833613,-0.000371436835,1.73967882,47357.69072,0.008387942753,0.05348089521,2021-07-31T17:30:00+08:00,2021-07-31T18:00:00+08:00,2021-08-02T09:30:00+08:00
2021-07-31,FIX036,2.15374551,-0.5090736469,1.817196855,17398.2523,0.004380851103,0.05348089521,2021-07-31T17:30:00+08:00,2021-07-31T18:00:00+08:00,2021-08-02T09:30:00+08:00
2021-07-31,FIX037,1.635971574,-1.155223515,2.521166081,21157.6457,0.009190979556,0.05348089521,2021-07-31T17:30:00+08:00,2021-07-31T18:00:00+08:00,2021-08-02T09:30:00+08:00
2021-07-31,FIX038,1.405711449,-1.096557127,1.267326858,19185.26919,-0.0009395545674,0.05348089521,2021-07-31T17:30:00+08:00,2021-07-31T18:00:00+08:00,2021-08-02T09:30:00+08:00
2021-07-31,FIX039,1.993590821,0.3141255846,2.908242039,67125.32632,0.004013675055,0.05348089521,2021-07-31T17:30:00+08:00,2021-07-31T18:00:00+08:00,2021-08-02T09:30:00+08:00
2021-08-31,FIX000,1.210029834,-1.538079147,0.07548002766,25237.68267,-0.02065431353,0.01716216324,2021-08-31T17:30:00+08:00,2021-08-31T18:00:00+08:00,2021-09-01T09:30:00+08:00
2021-08-31,FIX001,2.314118496,-1.057827455,1.093188754,14621.85046,0.01634048846,0.01716216324,2021-08-31T17:30:00+08:00,2021-08-31T18:00:00+08:00,2021-09-01T09:30:00+08:00
2021-08-31,FIX002,2.475721338,-0.1074671898,1.096100739,83103.22255,0.04122845886,0.01716216324,2021-08-31T17:30:00+08:00,2021-08-31T18:00:00+08:00,2021-09-01T09:30:00+08:00
2021-08-31,FIX003,3.549349556,-0.1785711615,-1.279653255,14318.86121,0.002434270852,0.01716216324,2021-08-31T17:30:00+08:00,2021-08-31T18:00:00+08:00,2021-09-01T09:30:00+08:00
2021-08-31,FIX004,1.638628436,0.787891551,0.04678934492,5967.921647,-0.008348498869,0.01716216324,2021-08-31T17:30:00+08:00,2021-08-31T18:00:00+08:00,2021-09-01T09:30:00+08:00
2021-08-31,FIX005,1.727295486,-1.344180599,-1.456865099,59386.05013,0.0557306966,0.01716216324,2021-08-31T17:30:00+08:00,2021-08-31T18:00:00+08:00,2021-09-01T09:30:00+08:00
2021-08-31,FIX006,1.120692335,-1.361117356,1.322845679,28672.69273,0.01836626158,0.01716216324,2021-08-31T17:30:00+08:00,2021-08-31T18:00:00+08:00,2021-09-01T09:30:00+08:00
2021-08-31,FIX007,0.7024935913,-2.27427816,-0.4277919226,84196.25264,-0.04159523563,0.01716216324,2021-08-31T17:30:00+08:00,2021-08-31T18:00:00+08:00,2021-09-01T09:30:00+08:00
2021-08-31,FIX008,1.863894579,0.8171517393,0.8489464701,10342.68112,-0.0537141978,0.01716216324,2021-08-31T17:30:00+08:00,2021-08-31T18:00:00+08:00,2021-09-01T09:30:00+08:00
2021-08-31,FIX009,1.759535998,-0.5937532391,0.3798011841,20287.91854,0.01078608783,0.01716216324,2021-08-31T17:30:00+08:00,2021-08-31T18:00:00+08:00,2021-09-01T09:30:00+08:00
2021-08-31,FIX010,2.913313963,-1.863380119,1.284437686,7249.058536,0.02920871628,0.01716216324,2021-08-31T17:30:00+08:00,2021-08-31T18:00:00+08:00,2021-09-01T09:30:00+08:00
2021-08-31,FIX011,0.870657176,-1.118309433,1.115172358,17475.83524,-0.02518577591,0.01716216324,2021-08-31T17:30:00+08:00,2021-08-31T18:00:00+08:00,2021-09-01T09:30:00+08:00
2021-08-31,FIX012,2.877435616,-1.907070039,-0.758104928,25552.20299,0.003760921945,0.01716216324,2021-08-31T17:30:00+08:00,2021-08-31T18:00:00+08:00,2021-09-01T09:30:00+08:00
2021-08-31,FIX013,0.4557723856,-1.345154912,-0.1739842877,5927.659001,0.007518303787,0.01716216324,2021-08-31T17:30:00+08:00,2021-08-31T18:00:00+08:00,2021-09-01T09:30:00+08:00
2021-08-31,FIX014,0.8536912348,-0.7806514351,0.6342125112,8658.384114,-0.04672355119,0.01716216324,2021-08-31T17:30:00+08:00,2021-08-31T18:00:00+08:00,2021-09-01T09:30:00+08:00
2021-08-31,FIX015,0.483580347,-0.9761120985,0.727219057,21709.95222,0.0001325245385,0.01716216324,2021-08-31T17:30:00+08:00,2021-08-31T18:00:00+08:00,2021-09-01T09:30:00+08:00
2021-08-31,FIX016,1.928410123,0.04610161913,-0.2875853531,22641.00506,-0.0092006756,0.01716216324,2021-08-31T17:30:00+08:00,2021-08-31T18:00:00+08:00,2021-09-01T09:30:00+08:00
2021-08-31,FIX017,2.270064945,0.3533913226,0.4573407961,5201.777399,-0.02234256646,0.01716216324,2021-08-31T17:30:00+08:00,2021-08-31T18:00:00+08:00,2021-09-01T09:30:00+08:00
2021-08-31,FIX018,1.214596133,-1.495670163,1.602366141,21457.09249,-0.008786391343,0.01716216324,2021-08-31T17:30:00+08:00,2021-08-31T18:00:00+08:00,2021-09-01T09:30:00+08:00
2021-08-31,FIX019,1.104591672,-0.1893163279,1.62166785,6744.156333,0.03596780355,0.01716216324,2021-08-31T17:30:00+08:00,2021-08-31T18:00:00+08:00,2021-09-01T09:30:00+08:00
2021-08-31,FIX020,3.616077528,-0.09696515326,0.7427282848,10853.07677,0.01150472841,0.01716216324,2021-08-31T17:30:00+08:00,2021-08-31T18:00:00+08:00,2021-09-01T09:30:00+08:00
2021-08-31,FIX021,2.774230029,-1.670303692,0.9001166152,47145.19973,0.07348004987,0.01716216324,2021-08-31T17:30:00+08:00,2021-08-31T18:00:00+08:00,2021-09-01T09:30:00+08:00
2021-08-31,FIX022,3.699622357,0.2566296259,-2.448483241,47262.9746,0.03723835542,0.01716216324,2021-08-31T17:30:00+08:00,2021-08-31T18:00:00+08:00,2021-09-01T09:30:00+08:00
2021-08-31,FIX023,0.2332109103,-3.514164708,-2.408522503,31684.01765,-0.04884956393,0.01716216324,2021-08-31T17:30:00+08:00,2021-08-31T18:00:00+08:00,2021-09-01T09:30:00+08:00
2021-08-31,FIX024,-1.028362955,-1.574043652,0.1540209276,12770.42111,-0.05037680441,0.01716216324,2021-08-31T17:30:00+08:00,2021-08-31T18:00:00+08:00,2021-09-01T09:30:00+08:00
2021-08-31,FIX025,3.344583341,0.6746816735,2.696068251,22874.61089,-0.001128218223,0.01716216324,2021-08-31T17:30:00+08:00,2021-08-31T18:00:00+08:00,2021-09-01T09:30:00+08:00
2021-08-31,FIX026,2.810261753,-0.3793067982,0.920852424,14466.24989,-0.05950065109,0.01716216324,2021-08-31T17:30:00+08:00,2021-08-31T18:00:00+08:00,2021-09-01T09:30:00+08:00
2021-08-31,FIX027,2.182332331,-1.314811684,-0.5712203394,17797.10356,-0.02106261829,0.01716216324,2021-08-31T17:30:00+08:00,2021-08-31T18:00:00+08:00,2021-09-01T09:30:00+08:00
2021-08-31,FIX028,1.745351206,-0.5679728459,0.6764270404,28105.28235,-0.01686894913,0.01716216324,2021-08-31T17:30:00+08:00,2021-08-31T18:00:00+08:00,2021-09-01T09:30:00+08:00
2021-08-31,FIX029,1.802352728,0.1958547992,1.506374205,85666.91262,0.04271228458,0.01716216324,2021-08-31T17:30:00+08:00,2021-08-31T18:00:00+08:00,2021-09-01T09:30:00+08:00
2021-08-31,FIX030,2.818185285,-2.458914131,1.452564232,17798.97825,0.005999812585,0.01716216324,2021-08-31T17:30:00+08:00,2021-08-31T18:00:00+08:00,2021-09-01T09:30:00+08:00
2021-08-31,FIX031,1.472834267,-2.606517595,1.606949912,50349.0043,-0.007443641551,0.01716216324,2021-08-31T17:30:00+08:00,2021-08-31T18:00:00+08:00,2021-09-01T09:30:00+08:00
2021-08-31,FIX032,2.088291707,-1.793832579,-1.465246281,21647.88265,0.02375534033,0.01716216324,2021-08-31T17:30:00+08:00,2021-08-31T18:00:00+08:00,2021-09-01T09:30:00+08:00
2021-08-31,FIX033,2.698892112,-2.093980199,0.495406705,110370.4752,0.04022605733,0.01716216324,2021-08-31T17:30:00+08:00,2021-08-31T18:00:00+08:00,2021-09-01T09:30:00+08:00
2021-08-31,FIX034,1.207437205,0.2526677086,0.9042976145,26037.63635,0.01940704701,0.01716216324,2021-08-31T17:30:00+08:00,2021-08-31T18:00:00+08:00,2021-09-01T09:30:00+08:00
2021-08-31,FIX035,2.413782782,-0.1978056299,1.922872564,5962.78478,0.008154011304,0.01716216324,2021-08-31T17:30:00+08:00,2021-08-31T18:00:00+08:00,2021-09-01T09:30:00+08:00
2021-08-31,FIX036,2.329728532,-0.884399299,2.303133521,51961.18518,-0.06397285836,0.01716216324,2021-08-31T17:30:00+08:00,2021-08-31T18:00:00+08:00,2021-09-01T09:30:00+08:00
2021-08-31,FIX037,1.328045926,-1.643311828,2.095810788,16976.70142,-0.0006191881078,0.01716216324,2021-08-31T17:30:00+08:00,2021-08-31T18:00:00+08:00,2021-09-01T09:30:00+08:00
2021-08-31,FIX038,2.036901071,-0.5500299663,2.004049657,48598.33509,-0.020787695,0.01716216324,2021-08-31T17:30:00+08:00,2021-08-31T18:00:00+08:00,2021-09-01T09:30:00+08:00
2021-08-31,FIX039,2.097073398,0.6117581612,2.801658664,41222.54585,-0.005018438824,0.01716216324,2021-08-31T17:30:00+08:00,2021-08-31T18:00:00+08:00,2021-09-01T09:30:00+08:00
2021-09-30,FIX000,0.7693554388,-2.379585263,0.0924388598,23022.22581,-0.002104106807,0.03971775405,2021-09-30T17:30:00+08:00,2021-09-30T18:00:00+08:00,2021-10-01T09:30:00+08:00
2021-09-30,FIX001,1.984684604,-2.179693152,0.4578739001,10538.02067,-0.05457227147,0.03971775405,2021-09-30T17:30:00+08:00,2021-09-30T18:00:00+08:00,2021-10-01T09:30:00+08:00
2021-09-30,FIX002,2.228835878,0.2170475214,1.279721559,46328.37778,-0.04350479442,0.03971775405,2021-09-30T17:30:00+08:00,2021-09-30T18:00:00+08:00,2021-10-01T09:30:00+08:00
2021-09-30,FIX003,3.29996913,-1.072941088,-2.092639708,10755.67819,0.02183304947,0.03971775405,2021-09-30T17:30:00+08:00,2021-09-30T18:00:00+08:00,2021-10-01T09:30:00+08:00
2021-09-30,FIX004,1.893851567,0.3355810107,0.6369467304,8283.027059,0.02528244421,0.03971775405,2021-09-30T17:30:00+08:00,2021-09-30T18:00:00+08:00,2021-10-01T09:30:00+08:00
2021-09-30,FIX005,1.528311431,-2.218179374,-1.449669497,5800.057934,-0.02173408258,0.03971775405,2021-09-30T17:30:00+08:00,2021-09-30T18:00:00+08:00,2021-10-01T09:30:00+08:00
2021-09-30,FIX006,1.373883927,-1.853221164,1.713290857,33983.20816,-0.009952176767,0.03971775405,2021-09-30T17:30:00+08:00,2021-09-30T18:00:00+08:00,2021-10-01T09:30:00+08:00
2021-09-30,FIX007,0.5605395409,-2.839651568,-0.4318908367,19560.06141,0.009660331039,0.03971775405,2021-09-30T17:30:00+08:00,2021-09-30T18:00:00+08:00,2021-10-01T09:30:00+08:00
2021-09-30,FIX008,2.431022919,0.8005395447,1.490030334,32898.53056,-0.0002295381638,0.03971775405,2021-09-30T17:30:00+08:00,2021-09-30T18:00:00+08:00,2021-10-01T09:30:00+08:00
2021-09-30,FIX009,1.414064743,0.2635472341,0.06126573358,24943.13999,0.01105048176,0.03971775405,2021-09-30T17:30:00+08:00,2021-09-30T18:00:00+08:00,2021-10-01T09:30:00+08:00
2021-09-30,FIX010,3.303613741,-2.134136211,0.9897790776,38905.60509,0.01219114636,0.03971775405,2021-09-30T17:30:00+08:00,2021-09-30T18:00:00+08:00,2021-10-01T09:30:00+08:00
2021-09-30,FIX011,1.06797578,-1.748225895,1.297935599,37966.87564,-0.02252503471,0.03971775405,2021-09-30T17:30:00+08:00,2021-09-30T18:00:00+08:00,2021-10-01T09:30:00+08:00
2021-09-30,FIX012,2.34010284,-2.154291224,0.9042575699,34351.49796,-0.05812558396,0.03971775405,2021-09-30T17:30:00+08:00,2021-09-30T18:00:00+08:00,2021-10-01T09:30:00+08:00
2021-09-30,FIX013,0.7470291785,-1.430966465,-1.033470061,24009.90319,0.01401739439,0.03971775405,2021-09-30T17:30:00+08:00,2021-09-30T18:00:00+08:00,2021-10-01T09:30:00+08:00
2021-09-30,FIX014,0.3119418793,-0.6810049076,1.166879578,15685.91926,-0.001385388142,0.03971775405,2021-09-30T17:30:00+08:00,2021-09-30T18:00:00+08:00,2021-10-01T09:30:00+08:00
2021-09-30,FIX015,1.163776341,-2.078392595,0.1242026022,15600.39075,-0.0224086469,0.03971775405,2021-09-30T17:30:00+08:00,2021-09-30T18:00:00+08:00,2021-10-01T09:30:00+08:00
2021-09-30,FIX016,2.391586114,0.1129795805,0.4639327738,27526.41643,0.02928395966,0.03971775405,2021-09-30T17:30:00+08:00,2021-09-30T18:00:00+08:00,2021-10-01T09:30:00+08:00
2021-09-30,FIX017,3.672548218,0.1261809481,-0.01151061466,9995.197936,-0.003638791313,0.03971775405,2021-09-30T17:30:00+08:00,2021-09-30T18:00:00+08:00,2021-10-01T09:30:00+08:00
2021-09-30,FIX018,1.427010843,-1.03022273,1.925323438,20288.15096,0.007861114702,0.03971775405,2021-09-30T17:30:00+08:00,2021-09-30T18:00:00+08:00,2021-10-01T09:30:00+08:00
2021-09-30,FIX019,1.065047859,-0.787280126,1.049863666,9472.191283,0.02787467408,0.03971775405,2021-09-30T17:30:00+08:00,2021-09-30T18:00:00+08:00,2021-10-01T09:30:00+08:00
2021-09-30,FIX020,3.14997932,-0.2975816447,0.7439541343,23555.31344,0.03509333116,0.03971775405,2021-09-30T17:30:00+08:00,2021-09-30T18:00:00+08:00,2021-10-01T09:30:00+08:00
2021-09-30,FIX021,2.766161963,-1.840484879,0.3892512383,40600.67385,0.01621774714,0.03971775405,2021-09-30T17:30:00+08:00,2021-09-30T18:00:00+08:00,2021-10-01T09:30:00+08:00
2021-09-30,FIX022,3.373596364,0.03768774778,-1.634888237,21112.21888,0.009986198517,0.03971775405,2021-09-30T17:30:00+08:00,2021-09-30T18:00:00+08:00,2021-10-01T09:30:00+08:00
2021-09-30,FIX023,0.6734072557,-3.5665999,-2.005049641,34485.31792,-0.01342386208,0.03971775405,2021-09-30T17:30:00+08:00,2021-09-30T18:00:00+08:00,2021-10-01T09:30:00+08:00
2021-09-30,FIX024,-1.544504974,-0.7615083836,-0.193037129,21701.07193,0.001344539061,0.03971775405,2021-09-30T17:30:00+08:00,2021-09-30T18:00:00+08:00,2021-10-01T09:30:00+08:00
2021-09-30,FIX025,2.012858758,0.4797407203,3.640089001,9246.031473,-0.03561224495,0.03971775405,2021-09-30T17:30:00+08:00,2021-09-30T18:00:00+08:00,2021-10-01T09:30:00+08:00
2021-09-30,FIX026,2.510007757,-0.4258271222,1.688657946,43879.5658,0.008835132054,0.03971775405,2021-09-30T17:30:00+08:00,2021-09-30T18:00:00+08:00,2021-10-01T09:30:00+08:00
2021-09-30,FIX027,1.2772438,-0.6482579471,0.4529544674,7476.513097,-0.05622695624,0.03971775405,2021-09-30T17:30:00+08:00,2021-09-30T18:00:00+08:00,2021-10-01T09:30:00+08:00
2021-09-30,FIX028,1.582963856,-0.09702540961,0.4103924865,13429.05696,-0.02205899762,0.03971775405,2021-09-30T17:30:00+08:00,2021-09-30T18:00:00+08:00,2021-10-01T09:30:00+08:00
2021-09-30,FIX029,1.659883443,-0.273863117,0.07913760978,14907.37084,-0.0362866521,0.03971775405,2021-09-30T17:30:00+08:00,2021-09-30T18:00:00+08:00,2021-10-01T09:30:00+08:00
2021-09-30,FIX030,2.992334075,-2.202665575,2.636253218,49815.81367,-0.04274981979,0.03971775405,2021-09-30T17:30:00+08:00,2021-09-30T18:00:00+08:00,2021-10-01T09:30:00+08:00
2021-09-30,FIX031,1.170885934,-1.970866321,2.081919202,44673.46988,0.01675303132,0.03971775405,2021-09-30T17:30:00+08:00,2021-09-30T18:00:00+08:00,2021-10-01T09:30:00+08:00
2021-09-30,FIX032,1.785796637,-1.460121823,-1.611999051,37779.80417,-0.0001316636421,0.03971775405,2021-09-30T17:30:00+08:00,2021-09-30T18:00:00+08:00,2021-10-01T09:30:00+08:00
2021-09-30,FIX033,2.064227362,-2.920422405,0.3001134704,17743.66861,0.01216901753,0.03971775405,2021-09-30T17:30:00+08:00,2021-09-30T18:00:00+08:00,2021-10-01T09:30:00+08:00
2021-09-30,FIX034,1.081592973,0.5370058533,0.8329154153,8024.837554,-0.0006856823587,0.03971775405,2021-09-30T17:30:00+08:00,2021-09-30T18:00:00+08:00,2021-10-01T09:30:00+08:00
2021-09-30,FIX035,2.365223441,-0.5288248138,1.549141743,9972.181735,0.01195644387,0.03971775405,2021-09-30T17:30:00+08:00,2021-09-30T18:00:00+08:00,2021-10-01T09:30:00+08:00
2021-09-30,FIX036,1.962129426,-1.47959245,1.298931371,22618.89664,-0.06268705034,0.03971775405,2021-09-30T17:30:00+08:00,2021-09-30T18:00:00+08:00,2021-10-01T09:30:00+08:00
2021-09-30,FIX037,1.474058394,-0.4150684152,1.022455419,16212.40959,0.02428473147,0.03971775405,2021-09-30T17:30:00+08:00,2021-09-30T18:00:00+08:00,2021-10-01T09:30:00+08:00
2021-09-30,FIX038,1.095518179,-0.5358989693,1.630615892,19633.25328,0.04648457598,0.03971775405,2021-09-30T17:30:00+08:00,2021-09-30T18:00:00+08:00,2021-10-01T09:30:00+08:00
2021-09-30,FIX039,1.059544215,0.7648264582,1.734707379,5460.613481,-0.008057476452,0.03971775405,2021-09-30T17:30:00+08:00,2021-09-30T18:00:00+08:00,2021-10-01T09:30:00+08:00
2021-10-31,FIX000,-0.4554440382,-2.856643926,-0.08201739253,112222.2623,0.01023743308,0.04447799785,2021-10-31T17:30:00+08:00,2021-10-31T18:00:00+08:00,2021-11-01T09:30:00+08:00
2021-10-31,FIX001,2.436583731,-1.409362033,0.3778675814,10299.06795,0.02360771002,0.04447799785,2021-10-31T17:30:00+08:00,2021-10-31T18:00:00+08:00,2021-11-01T09:30:00+08:00
2021-10-31,FIX002,2.158728014,-0.2805965308,1.204195914,7061.336211,0.04386712885,0.04447799785,2021-10-31T17:30:00+08:00,2021-10-31T18:00:00+08:00,2021-11-01T09:30:00+08:00
2021-10-31,FIX003,2.835872437,-0.9463661889,-1.177308442,32461.51662,0.02768496415,0.04447799785,2021-10-31T17:30:00+08:00,2021-10-31T18:00:00+08:00,2021-11-01T09:30:00+08:00
2021-10-31,FIX004,2.310500126,0.870223138,0.9767697954,68050.94877,0.08366803045,0.04447799785,2021-10-31T17:30:00+08:00,2021-10-31T18:00:00+08:00,2021-11-01T09:30:00+08:00
2021-10-31,FIX005,1.214926536,-1.795972567,-0.8446934129,9894.243236,0.03244017259,0.04447799785,2021-10-31T17:30:00+08:00,2021-10-31T18:00:00+08:00,2021-11-01T09:30:00+08:00
2021-10-31,FIX006,1.354292078,-3.133953879,1.65525764,8082.967278,0.02863068736,0.04447799785,2021-10-31T17:30:00+08:00,2021-10-31T18:00:00+08:00,2021-11-01T09:30:00+08:00
2021-10-31,FIX007,0.5215335041,-3.238682514,0.03103196315,28653.34325,-0.01883425114,0.04447799785,2021-10-31T17:30:00+08:00,2021-10-31T18:00:00+08:00,2021-11-01T09:30:00+08:00
2021-10-31,FIX008,1.605334284,0.3371550223,1.036334091,29578.01143,0.01044694146,0.04447799785,2021-10-31T17:30:00+08:00,2021-10-31T18:00:00+08:00,2021-11-01T09:30:00+08:00
2021-10-31,FIX009,1.019100604,-0.5417587747,-0.3179637066,10587.95699,0.01063833974,0.04447799785,2021-10-31T17:30:00+08:00,2021-10-31T18:00:00+08:00,2021-11-01T09:30:00+08:00
2021-10-31,FIX010,2.819437958,-2.315094596,0.6598048409,35919.12231,-0.004523228804,0.04447799785,2021-10-31T17:30:00+08:00,2021-10-31T18:00:00+08:00,2021-11-01T09:30:00+08:00
2021-10-31,FIX011,0.7005060093,-1.26344547,0.116732643,55307.85907,-0.007614240544,0.04447799785,2021-10-31T17:30:00+08:00,2021-10-31T18:00:00+08:00,2021-11-01T09:30:00+08:00
2021-10-31,FIX012,2.233335112,-1.341916454,1.658783858,7833.641567,-0.003231000578,0.04447799785,2021-10-31T17:30:00+08:00,2021-10-31T18:00:00+08:00,2021-11-01T09:30:00+08:00
2021-10-31,FIX013,0.6010183209,-1.033489105,-1.138519601,3733.973141,-0.01042162297,0.04447799785,2021-10-31T17:30:00+08:00,2021-10-31T18:00:00+08:00,2021-11-01T09:30:00+08:00
2021-10-31,FIX014,0.06383736656,-0.3298141914,0.997534704,3276.933122,0.02329887602,0.04447799785,2021-10-31T17:30:00+08:00,2021-10-31T18:00:00+08:00,2021-11-01T09:30:00+08:00
2021-10-31,FIX015,0.8741503995,-1.46433691,1.392481472,14771.09003,0.007603621565,0.04447799785,2021-10-31T17:30:00+08:00,2021-10-31T18:00:00+08:00,2021-11-01T09:30:00+08:00
2021-10-31,FIX016,2.277109525,-0.5559458611,0.1549200289,29574.69927,0.0292733798,0.04447799785,2021-10-31T17:30:00+08:00,2021-10-31T18:00:00+08:00,2021-11-01T09:30:00+08:00
2021-10-31,FIX017,3.707028879,-0.3761203019,0.001705339222,109820.7383,-0.02388226665,0.04447799785,2021-10-31T17:30:00+08:00,2021-10-31T18:00:00+08:00,2021-11-01T09:30:00+08:00
2021-10-31,FIX018,0.7382026975,-1.081196073,2.116103822,15805.29394,-0.02035458445,0.04447799785,2021-10-31T17:30:00+08:00,2021-10-31T18:00:00+08:00,2021-11-01T09:30:00+08:00
2021-10-31,FIX019,1.991236883,-1.132045682,1.120065568,52463.10049,-0.1137449744,0.04447799785,2021-10-31T17:30:00+08:00,2021-10-31T18:00:00+08:00,2021-11-01T09:30:00+08:00
2021-10-31,FIX020,1.977849973,-0.6566059328,0.05117549261,58208.26984,-0.05099607228,0.04447799785,2021-10-31T17:30:00+08:00,2021-10-31T18:00:00+08:00,2021-11-01T09:30:00+08:00
2021-10-31,FIX021,2.600922196,-1.372753039,0.664456774,8602.26654,-0.04240085487,0.04447799785,2021-10-31T17:30:00+08:00,2021-10-31T18:00:00+08:00,2021-11-01T09:30:00+08:00
2021-10-31,FIX022,3.176133824,0.003839285285,-1.345021276,35008.88863,0.05145780733,0.04447799785,2021-10-31T17:30:00+08:00,2021-10-31T18:00:00+08:00,2021-11-01T09:30:00+08:00
2021-10-31,FIX023,1.547904021,-1.88566526,-1.548889119,4769.947107,-0.02957397837,0.04447799785,2021-10-31T17:30:00+08:00,2021-10-31T18:00:00+08:00,2021-11-01T09:30:00+08:00
2021-10-31,FIX024,-0.5862819363,-1.117239583,0.4044099606,87593.41365,0.01064624636,0.04447799785,2021-10-31T17:30:00+08:00,2021-10-31T18:00:00+08:00,2021-11-01T09:30:00+08:00
2021-10-31,FIX025,1.786130006,0.4382994299,3.399696245,22966.11219,-0.01490400483,0.04447799785,2021-10-31T17:30:00+08:00,2021-10-31T18:00:00+08:00,2021-11-01T09:30:00+08:00
2021-10-31,FIX026,2.701519943,-0.2561433707,1.508218652,67697.07835,0.02744963065,0.04447799785,2021-10-31T17:30:00+08:00,2021-10-31T18:00:00+08:00,2021-11-01T09:30:00+08:00
2021-10-31,FIX027,0.8924764702,0.2389060606,0.7029913153,36091.66464,-0.04436026515,0.04447799785,2021-10-31T17:30:00+08:00,2021-10-31T18:00:00+08:00,2021-11-01T09:30:00+08:00
2021-10-31,FIX028,1.702121944,-0.6893021856,0.1662131989,42193.76786,0.03735208079,0.04447799785,2021-10-31T17:30:00+08:00,2021-10-31T18:00:00+08:00,2021-11-01T09:30:00+08:00
2021-10-31,FIX029,0.93166595,-0.9901779843,0.3523748369,12612.36759,-0.0837347673,0.04447799785,2021-10-31T17:30:00+08:00,2021-10-31T18:00:00+08:00,2021-11-01T09:30:00+08:00
2021-10-31,FIX030,2.539106641,-1.76720781,1.814145466,26924.43989,-0.06865077666,0.04447799785,2021-10-31T17:30:00+08:00,2021-10-31T18:00:00+08:00,2021-11-01T09:30:00+08:00
2021-10-31,FIX031,1.260759977,-1.933804856,0.1776193882,10958.06066,-0.06883958684,0.04447799785,2021-10-31T17:30:00+08:00,2021-10-31T18:00:00+08:00,2021-11-01T09:30:00+08:00
2021-10-31,FIX032,0.7354593327,-1.242668393,-1.761769016,11002.7708,0.02263486952,0.04447799785,2021-10-31T17:30:00+08:00,2021-10-31T18:00:00+08:00,2021-11-01T09:30:00+08:00
2021-10-31,FIX033,2.945806879,-3.94224555,0.3679659966,64193.5861,-0.01961466256,0.04447799785,2021-10-31T17:30:00+08:00,2021-10-31T18:00:00+08:00,2021-11-01T09:30:00+08:00
2021-10-31,FIX034,1.556617591,-0.3710387603,1.063873351,12876.26239,0.02476121903,0.04447799785,2021-10-31T17:30:00+08:00,2021-10-31T18:00:00+08:00,2021-11-01T09:30:00+08:00
2021-10-31,FIX035,1.711809399,-1.025494949,0.947715531,45416.24103,-0.03583618272,0.04447799785,2021-10-31T17:30:00+08:00,2021-10-31T18:00:00+08:00,2021-11-01T09:30:00+08:00
2021-10-31,FIX036,0.6782179443,-0.9340325266,1.68851729,17665.08517,-0.03077083227,0.04447799785,2021-10-31T17:30:00+08:00,2021-10-31T18:00:00+08:00,2021-11-01T09:30:00+08:00
2021-10-31,FIX037,2.00673212,0.1091209012,0.6190361394,10478.34479,0.01524567831,0.04447799785,2021-10-31T17:30:00+08:00,2021-10-31T18:00:00+08:00,2021-11-01T09:30:00+08:00
2021-10-31,FIX038,1.491883294,-0.501609383,2.106470907,62890.60502,0.03182588044,0.04447799785,2021-10-31T17:30:00+08:00,2021-10-31T18:00:00+08:00,2021-11-01T09:30:00+08:00
2021-10-31,FIX039,-0.334286165,0.7980676805,0.8580462796,4962.276889,0.001788453021,0.04447799785,2021-10-31T17:30:00+08:00,2021-10-31T18:00:00+08:00,2021-11-01T09:30:00+08:00
2021-11-30,FIX000,1.051485903,-1.947114485,0.1762758872,26387.34398,0.05200512027,-0.0179195498,2021-11-30T17:30:00+08:00,2021-11-30T18:00:00+08:00,2021-12-01T09:30:00+08:00
2021-11-30,FIX001,0.6990234509,-1.207253143,1.200010058,7284.188551,-0.06440027357,-0.0179195498,2021-11-30T17:30:00+08:00,2021-11-30T18:00:00+08:00,2021-12-01T09:30:00+08:00
2021-11-30,FIX002,2.560634839,-1.072523232,1.353834981,18991.70032,0.01353349928,-0.0179195498,2021-11-30T17:30:00+08:00,2021-11-30T18:00:00+08:00,2021-12-01T09:30:00+08:00
2021-11-30,FIX003,1.563484831,-1.172500998,-1.504934199,16290.04242,-0.04030940155,-0.0179195498,2021-11-30T17:30:00+08:00,2021-11-30T18:00:00+08:00,2021-12-01T09:30:00+08:00
2021-11-30,FIX004,1.740993338,0.7750250978,-0.3012181431,26375.46081,-0.02089976859,-0.0179195498,2021-11-30T17:30:00+08:00,2021-11-30T18:00:00+08:00,2021-12-01T09:30:00+08:00
2021-11-30,FIX005,1.308770034,-1.915063211,-0.6102874265,29481.09659,0.08601202918,-0.0179195498,2021-11-30T17:30:00+08:00,2021-11-30T18:00:00+08:00,2021-12-01T09:30:00+08:00
2021-11-30,FIX006,1.362818507,-3.286159786,1.014574916,9397.006819,-0.04082872139,-0.0179195498,2021-11-30T17:30:00+08:00,2021-11-30T18:00:00+08:00,2021-12-01T09:30:00+08:00
2021-11-30,FIX007,1.068160049,-2.911417671,-0.6354611903,17908.04393,-0.0320795533,-0.0179195498,2021-11-30T17:30:00+08:00,2021-11-30T18:00:00+08:00,2021-12-01T09:30:00+08:00
2021-11-30,FIX008,0.581825964,0.5119071935,0.8988156004,8087.850996,0.001767775223,-0.0179195498,2021-11-30T17:30:00+08:00,2021-11-30T18:00:00+08:00,2021-12-01T09:30:00+08:00
2021-11-30,FIX009,1.503102548,0.1086246211,-0.03851171545,9302.983778,-0.01223099607,-0.0179195498,2021-11-30T17:30:00+08:00,2021-11-30T18:00:00+08:00,2021-12-01T09:30:00+08:00
2021-11-30,FIX010,3.189689493,-2.967987563,0.8442069728,193080.7227,-0.07427338698,-0.0179195498,2021-11-30T17:30:00+08:00,2021-11-30T18:00:00+08:00,2021-12-01T09:30:00+08:00
2021-11-30,FIX011,1.133619224,-1.017406359,-0.6221807133,16689.97626,0.02908818551,-0.0179195498,2021-11-30T17:30:00+08:00,2021-11-30T18:00:00+08:00,2021-12-01T09:30:00+08:00
2021-11-30,FIX012,1.645513444,-1.61907161,1.074556699,35525.25885,-0.02796953783,-0.0179195498,2021-11-30T17:30:00+08:00,2021-11-30T18:00:00+08:00,2021-12-01T09:30:00+08:00
2021-11-30,FIX013,1.374798871,-0.4445481626,-0.5873546327,5953.446565,-0.01110846797,-0.0179195498,2021-11-30T17:30:00+08:00,2021-11-30T18:00:00+08:00,2021-12-01T09:30:00+08:00
2021-11-30,FIX014,2.277956692,-0.9795536601,1.798568717,40170.9644,-0.004741270083,-0.0179195498,2021-11-30T17:30:00+08:00,2021-11-30T18:00:00+08:00,2021-12-01T09:30:00+08:00
2021-11-30,FIX015,0.4430695691,-1.392082443,1.000329431,39328.86312,0.03659593842,-0.0179195498,2021-11-30T17:30:00+08:00,2021-11-30T18:00:00+08:00,2021-12-01T09:30:00+08:00
2021-11-30,FIX016,2.76537655,-0.8021088094,0.451262374,18897.58139,0.02028961386,-0.0179195498,2021-11-30T17:30:00+08:00,2021-11-30T18:00:00+08:00,2021-12-01T09:30:00+08:00
2021-11-30,FIX017,3.115037136,-0.623544211,0.6618806166,80559.9163,0.09014335796,-0.0179195498,2021-11-30T17:30:00+08:00,2021-11-30T18:00:00+08:00,2021-12-01T09:30:00+08:00
2021-11-30,FIX018,1.159334591,-1.16067353,0.440045834,20462.37044,0.03895483652,-0.0179195498,2021-11-30T17:30:00+08:00,2021-11-30T18:00:00+08:00,2021-12-01T09:30:00+08:00
2021-11-30,FIX019,1.377763557,-1.14218855,1.232945185,12795.48633,0.01045673431,-0.0179195498,2021-11-30T17:30:00+08:00,2021-11-30T18:00:00+08:00,2021-12-01T09:30:00+08:00
2021-11-30,FIX020,1.800338418,-0.376360041,-0.1483025132,39197.91574,-0.002016616681,-0.0179195498,2021-11-30T17:30:00+08:00,2021-11-30T18:00:00+08:00,2021-12-01T09:30:00+08:00
2021-11-30,FIX021,3.43748999,-1.430641194,0.1492700141,13826.67857,0.01565064728,-0.0179195498,2021-11-30T17:30:00+08:00,2021-11-30T18:00:00+08:00,2021-12-01T09:30:00+08:00
2021-11-30,FIX022,3.201506459,-0.4211809363,-1.744913831,14151.23327,0.03562195786,-0.0179195498,2021-11-30T17:30:00+08:00,2021-11-30T18:00:00+08:00,2021-12-01T09:30:00+08:00
2021-11-30,FIX023,1.774658894,-1.187683837,-1.533914283,7326.07813,0.02343245924,-0.0179195498,2021-11-30T17:30:00+08:00,2021-11-30T18:00:00+08:00,2021-12-01T09:30:00+08:00
2021-11-30,FIX024,-0.4499045149,-1.140653909,-0.2716357934,14063.94599,-0.01817846334,-0.0179195498,2021-11-30T17:30:00+08:00,2021-11-30T18:00:00+08:00,2021-12-01T09:30:00+08:00
2021-11-30,FIX025,2.656710629,0.1631608417,3.134131617,14363.44199,0.05472188868,-0.0179195498,2021-11-30T17:30:00+08:00,2021-11-30T18:00:00+08:00,2021-12-01T09:30:00+08:00
2021-11-30,FIX026,3.410827737,-0.5364498339,1.768339985,24999.8813,-0.007672727792,-0.0179195498,2021-11-30T17:30:00+08:00,2021-11-30T18:00:00+08:00,2021-12-01T09:30:00+08:00
2021-11-30,FIX027,1.328829283,0.6516221528,0.500395626,36950.16103,0.03837334916,-0.0179195498,2021-11-30T17:30:00+08:00,2021-11-30T18:00:00+08:00,2021-12-01T09:30:00+08:00
2021-11-30,FIX028,1.279442425,-1.217162692,0.4327813095,9384.971283,0.01405454171,-0.0179195498,2021-11-30T17:30:00+08:00,2021-11-30T18:00:00+08:00,2021-12-01T09:30:00+08:00
2021-11-30,FIX029,2.408716233,-1.951397938,0.3942575541,59020.80822,0.01245451993,-0.0179195498,2021-11-30T17:30:00+08:00,2021-11-30T18:00:00+08:00,2021-12-01T09:30:00+08:00
2021-11-30,FIX030,2.243975838,-1.372414155,0.9708833677,17056.92062,0.0626963452,-0.0179195498,2021-11-30T17:30:00+08:00,2021-11-30T18:00:00+08:00,2021-12-01T09:30:00+08:00
2021-11-30,FIX031,0.3803039645,-2.048372392,0.08464460877,39067.69934,-0.01896385309,-0.0179195498,2021-11-30T17:30:00+08:00,2021-11-30T18:00:00+08:00,2021-12-01T09:30:00+08:00
2021-11-30,FIX032,0.5673355348,-0.8402776947,-1.777958703,25455.19832,-0.001655834495,-0.0179195498,2021-11-30T17:30:00+08:00,2021-11-30T18:00:00+08:00,2021-12-01T09:30:00+08:00
2021-11-30,FIX033,2.428173613,-4.622263663,1.579885302,30102.32334,0.05123818212,-0.0179195498,2021-11-30T17:30:00+08:00,2021-11-30T18:00:00+08:00,2021-12-01T09:30:00+08:00
2021-11-30,FIX034,1.726490657,-0.6789683119,-0.1580070761,19146.57135,0.0551995465,-0.0179195498,2021-11-30T17:30:00+08:00,2021-11-30T18:00:00+08:00,2021-12-01T09:30:00+08:00
2021-11-30,FIX035,0.6978883356,-1.543581222,1.437914864,10247.38829,0.003002479469,-0.0179195498,2021-11-30T17:30:00+08:00,2021-11-30T18:00:00+08:00,2021-12-01T09:30:00+08:00
2021-11-30,FIX036,0.4288502955,-0.434733961,1.143870731,3355.414496,0.002485772333,-0.0179195498,2021-11-30T17:30:00+08:00,2021-11-30T18:00:00+08:00,2021-12-01T09:30:00+08:00
2021-11-30,FIX037,1.802059164,-0.1680626466,0.6967869792,60881.26517,0.07066752789,-0.0179195498,2021-11-30T17:30:00+08:00,2021-11-30T18:00:00+08:00,2021-12-01T09:30:00+08:00
2021-11-30,FIX038,2.180020121,0.6058807646,2.916855133,22412.37308,0.02859916341,-0.0179195498,2021-11-30T17:30:00+08:00,2021-11-30T18:00:00+08:00,2021-12-01T09:30:00+08:00
2021-11-30,FIX039,0.9065977736,-0.28918012,0.667627586,228767.7202,0.01518591286,-0.0179195498,2021-11-30T17:30:00+08:00,2021-11-30T18:00:00+08:00,2021-12-01T09:30:00+08:00
2021-12-31,FIX000,1.262931557,-1.985961222,0.349045599,14214.98179,-0.08889114847,0.004982927679,2021-12-31T17:30:00+08:00,2021-12-31T18:00:00+08:00,2022-01-03T09:30:00+08:00
2021-12-31,FIX001,0.7565481288,-1.944289915,1.199712902,169866.5917,0.01692489724,0.004982927679,2021-12-31T17:30:00+08:00,2021-12-31T18:00:00+08:00,2022-01-03T09:30:00+08:00
2021-12-31,FIX002,2.226540596,-0.9877272139,2.352615559,20512.46785,0.05200165384,0.004982927679,2021-12-31T17:30:00+08:00,2021-12-31T18:00:00+08:00,2022-01-03T09:30:00+08:00
2021-12-31,FIX003,2.777814052,-1.447624181,-0.3545990166,23755.50217,-0.003497805079,0.004982927679,2021-12-31T17:30:00+08:00,2021-12-31T18:00:00+08:00,2022-01-03T09:30:00+08:00
2021-12-31,FIX004,0.8779641458,0.6552309954,-0.3844414295,38910.59551,-0.01058258745,0.004982927679,2021-12-31T17:30:00+08:00,2021-12-31T18:00:00+08:00,2022-01-03T09:30:00+08:00
2021-12-31,FIX005,0.5364998328,-2.290808622,-0.7678034884,6319.045124,-0.06030602324,0.004982927679,2021-12-31T17:30:00+08:00,2021-12-31T18:00:00+08:00,2022-01-03T09:30:00+08:00
2021-12-31,FIX006,0.8695192395,-3.256031961,0.6396336348,8106.965258,-0.03311030584,0.004982927679,2021-12-31T17:30:00+08:00,2021-12-31T18:00:00+08:00,2022-01-03T09:30:00+08:00
2021-12-31,FIX007,1.307693501,-3.543152869,-0.1701202906,29860.23295,0.01637632113,0.004982927679,2021-12-31T17:30:00+08:00,2021-12-31T18:00:00+08:00,2022-01-03T09:30:00+08:00
2021-12-31,FIX008,0.8133380277,0.2292385044,2.117570445,65758.45002,0.05224727115,0.004982927679,2021-12-31T17:30:00+08:00,2021-12-31T18:00:00+08:00,2022-01-03T09:30:00+08:00
2021-12-31,FIX009,1.385474296,-0.3590114051,0.2129107082,13822.92455,0.05785245654,0.004982927679,2021-12-31T17:30:00+08:00,2021-12-31T18:00:00+08:00,2022-01-03T09:30:00+08:00
2021-12-31,FIX010,1.792547297,-3.038145866,0.3216566722,4672.930981,-0.0147601292,0.004982927679,2021-12-31T17:30:00+08:00,2021-12-31T18:00:00+08:00,2022-01-03T09:30:00+08:00
2021-12-31,FIX011,2.064104461,-1.011339655,-0.5715954039,28592.34402,-0.01798250663,0.004982927679,2021-12-31T17:30:00+08:00,2021-12-31T18:00:00+08:00,2022-01-03T09:30:00+08:00
2021-12-31,FIX012,1.558466846,-1.948105136,1.280393281,26899.51924,0.004475783315,0.004982927679,2021-12-31T17:30:00+08:00,2021-12-31T18:00:00+08:00,2022-01-03T09:30:00+08:00
2021-12-31,FIX013,1.118063721,-0.2587680958,0.4216841825,8789.797446,0.0104699071,0.004982927679,2021-12-31T17:30:00+08:00,2021-12-31T18:00:00+08:00,2022-01-03T09:30:00+08:00
2021-12-31,FIX014,1.475385575,-0.1431060692,0.6301243112,5882.368348,-0.009682077476,0.004982927679,2021-12-31T17:30:00+08:00,2021-12-31T18:00:00+08:00,2022-01-03T09:30:00+08:00
2021-12-31,FIX015,0.7766675551,-2.012951938,0.2372188498,204582.8502,-0.05614154441,0.004982927679,2021-12-31T17:30:00+08:00,2021-12-31T18:00:00+08:00,2022-01-03T09:30:00+08:00
2021-12-31,FIX016,3.052304794,-1.796954644,0.6647062514,142651.8167,0.005216295483,0.004982927679,2021-12-31T17:30:00+08:00,2021-12-31T18:00:00+08:00,2022-01-03T09:30:00+08:00
2021-12-31,FIX017,2.256635639,-0.8156786758,0.847260526,4440.635053,0.0104556694,0.004982927679,2021-12-31T17:30:00+08:00,2021-12-31T18:00:00+08:00,2022-01-03T09:30:00+08:00
2021-12-31,FIX018,1.486197874,-1.181980662,-0.2129829426,106604.0619,-0.00637415084,0.004982927679,2021-12-31T17:30:00+08:00,2021-12-31T18:00:00+08:00,2022-01-03T09:30:00+08:00
2021-12-31,FIX019,2.107398842,-1.481844842,0.8858527735,41795.60964,0.05232233539,0.004982927679,2021-12-31T17:30:00+08:00,2021-12-31T18:00:00+08:00,2022-01-03T09:30:00+08:00
2021-12-31,FIX020,1.351963322,-0.7648693486,0.7772017893,3076.12701,0.01155238273,0.004982927679,2021-12-31T17:30:00+08:00,2021-12-31T18:00:00+08:00,2022-01-03T09:30:00+08:00
2021-12-31,FIX021,3.581962527,-0.9937478119,-0.937957128,38717.7211,-0.01304673224,0.004982927679,2021-12-31T17:30:00+08:00,2021-12-31T18:00:00+08:00,2022-01-03T09:30:00+08:00
2021-12-31,FIX022,4.229670825,-0.01472873818,-1.387831647,16140.1468,-0.0299845103,0.004982927679,2021-12-31T17:30:00+08:00,2021-12-31T18:00:00+08:00,2022-01-03T09:30:00+08:00
2021-12-31,FIX023,1.930182666,-1.198370757,-1.098101061,31054.95392,-0.007452693558,0.004982927679,2021-12-31T17:30:00+08:00,2021-12-31T18:00:00+08:00,2022-01-03T09:30:00+08:00
2021-12-31,FIX024,0.6442605975,-1.754060546,-0.3504878416,82405.39362,-0.01588258337,0.004982927679,2021-12-31T17:30:00+08:00,2021-12-31T18:00:00+08:00,2022-01-03T09:30:00+08:00
2021-12-31,FIX025,2.396086724,-0.7658008337,3.251466985,76200.70393,0.03844215288,0.004982927679,2021-12-31T17:30:00+08:00,2021-12-31T18:00:00+08:00,2022-01-03T09:30:00+08:00
2021-12-31,FIX026,3.20913211,-0.7841773257,1.971406444,13497.16345,0.0005048685277,0.004982927679,2021-12-31T17:30:00+08:00,2021-12-31T18:00:00+08:00,2022-01-03T09:30:00+08:00
2021-12-31,FIX027,1.346563872,-0.4382456774,-0.8713198264,6173.331388,-0.0655562166,0.004982927679,2021-12-31T17:30:00+08:00,2021-12-31T18:00:00+08:00,2022-01-03T09:30:00+08:00
2021-12-31,FIX028,1.457080272,-1.297182869,0.3395825669,40790.34281,-0.008315062232,0.004982927679,2021-12-31T17:30:00+08:00,2021-12-31T18:00:00+08:00,2022-01-03T09:30:00+08:00
2021-12-31,FIX029,1.566819663,-1.256288817,0.9912336554,29815.97191,-0.0136520966,0.004982927679,2021-12-31T17:30:00+08:00,2021-12-31T18:00:00+08:00,2022-01-03T09:30:00+08:00
2021-12-31,FIX030,2.000251036,-0.6058575106,1.822147469,16683.90367,-0.003228566058,0.004982927679,2021-12-31T17:30:00+08:00,2021-12-31T18:00:00+08:00,2022-01-03T09:30:00+08:00
2021-12-31,FIX031,1.211355272,-2.299380364,-0.2342876643,24345.80891,0.04350168837,0.004982927679,2021-12-31T17:30:00+08:00,2021-12-31T18:00:00+08:00,2022-01-03T09:30:00+08:00
2021-12-31,FIX032,0.68461205,-1.171255123,-1.840843983,9637.594719,-0.06338572761,0.004982927679,2021-12-31T17:30:00+08:00,2021-12-31T18:00:00+08:00,2022-01-03T09:30:00+08:00
2021-12-31,FIX033,3.11125961,-3.191997073,2.152133706,18182.47096,-0.03815720155,0.004982927679,2021-12-31T17:30:00+08:00,2021-12-31T18:00:00+08:00,2022-01-03T09:30:00+08:00
2021-12-31,FIX034,1.235650642,0.2578516614,0.5617644963,9675.028209,0.01410487437,0.004982927679,2021-12-31T17:30:00+08:00,2021-12-31T18:00:00+08:00,2022-01-03T09:30:00+08:00
2021-12-31,FIX035,0.02790742888,-2.128271619,1.080696916,91034.03416,-0.01343797968,0.004982927679,2021-12-31T17:30:00+08:00,2021-12-31T18:00:00+08:00,2022-01-03T09:30:00+08:00
2021-12-31,FIX036,2.085898288,-0.4449040152,1.052531126,42592.26144,0.04194327644,0.004982927679,2021-12-31T17:30:00+08:00,2021-12-31T18:00:00+08:00,2022-01-03T09:30:00+08:00
2021-12-31,FIX037,1.36511447,-1.912175394,0.5976809319,106753.9526,0.007928857001,0.004982927679,2021-12-31T17:30:00+08:00,2021-12-31T18:00:00+08:00,2022-01-03T09:30:00+08:00
2021-12-31,FIX038,1.966605027,0.1871003781,2.522068716,4036.995074,-0.001798167643,0.004982927679,2021-12-31T17:30:00+08:00,2021-12-31T18:00:00+08:00,2022-01-03T09:30:00+08:00
2021-12-31,FIX039,1.27538729,0.4629514947,-0.4510538461,50569.63295,-0.01196496773,0.004982927679,2021-12-31T17:30:00+08:00,2021-12-31T18:00:00+08:00,2022-01-03T09:30:00+08:00
2022-01-31,FIX000,2.276456924,-0.9064181386,0.3276297411,13209.71525,0.003297312131,-0.01874509606,2022-01-31T17:30:00+08:00,2022-01-31T18:00:00+08:00,2022-02-01T09:30:00+08:00
2022-01-31,FIX001,0.2411387594,-1.998037317,2.505634903,10604.13713,-0.03766039421,-0.01874509606,2022-01-31T17:30:00+08:00,2022-01-31T18:00:00+08:00,2022-02-01T09:30:00+08:00
2022-01-31,FIX002,2.674386754,-2.031158803,1.898590872,98631.04474,0.03615422561,-0.01874509606,2022-01-31T17:30:00+08:00,2022-01-31T18:00:00+08:00,2022-02-01T09:30:00+08:00
2022-01-31,FIX003,2.272086709,-2.342195885,0.136574101,9052.715861,-0.07391367457,-0.01874509606,2022-01-31T17:30:00+08:00,2022-01-31T18:00:00+08:00,2022-02-01T09:30:00+08:00
2022-01-31,FIX004,0.9860886536,0.3408851615,-1.169957702,20136.70644,-0.05178098372,-0.01874509606,2022-01-31T17:30:00+08:00,2022-01-31T18:00:00+08:00,2022-02-01T09:30:00+08:00
2022-01-31,FIX005,0.5400787201,-2.063146294,-0.3541682723,8443.022194,-0.02988214926,-0.01874509606,2022-01-31T17:30:00+08:00,2022-01-31T18:00:00+08:00,2022-02-01T09:30:00+08:00
2022-01-31,FIX006,2.387634718,-2.176554318,1.966388964,49787.32897,-0.07237080041,-0.01874509606,2022-01-31T17:30:00+08:00,2022-01-31T18:00:00+08:00,2022-02-01T09:30:00+08:00
2022-01-31,FIX007,1.628965389,-3.410207738,-0.7792055138,48804.69643,0.002995241245,-0.01874509606,2022-01-31T17:30:00+08:00,2022-01-31T18:00:00+08:00,2022-02-01T09:30:00+08:00
2022-01-31,FIX008,0.2135425921,1.588545372,1.790874828,15224.47081,0.06398385229,-0.01874509606,2022-01-31T17:30:00+08:00,2022-01-31T18:00:00+08:00,2022-02-01T09:30:00+08:00
2022-01-31,FIX009,2.066932067,-0.09864722294,-0.2036471639,14382.9173,0.03755692387,-0.01874509606,2022-01-31T17:30:00+08:00,2022-01-31T18:00:00+08:00,2022-02-01T09:30:00+08:00
2022-01-31,FIX010,1.905787097,-2.767025399,-1.513221635,4998.182339,-0.001425563152,-0.01874509606,2022-01-31T17:30:00+08:00,2022-01-31T18:00:00+08:00,2022-02-01T09:30:00+08:00
2022-01-31,FIX011,2.691462912,0.2588700601,-0.4357910726,92009.66227,0.03576642357,-0.01874509606,2022-01-31T17:30:00+08:00,2022-01-31T18:00:00+08:00,2022-02-01T09:30:00+08:00
2022-01-31,FIX012,1.847749705,-2.437790265,0.4103981064,78200.60013,-0.02424642363,-0.01874509606,2022-01-31T17:30:00+08:00,2022-01-31T18:00:00+08:00,2022-02-01T09:30:00+08:00
2022-01-31,FIX013,0.7819424162,-0.608653052,0.1503939488,5121.014286,-0.04904103594,-0.01874509606,2022-01-31T17:30:00+08:00,2022-01-31T18:00:00+08:00,2022-02-01T09:30:00+08:00
2022-01-31,FIX014,1.28588127,-0.1479178769,0.5660426321,22492.87623,0.0198502902,-0.01874509606,2022-01-31T17:30:00+08:00,2022-01-31T18:00:00+08:00,2022-02-01T09:30:00+08:00
2022-01-31,FIX015,-0.2410455891,-1.053935719,-0.812154816,66920.13309,-0.03321125466,-0.01874509606,2022-01-31T17:30:00+08:00,2022-01-31T18:00:00+08:00,2022-02-01T09:30:00+08:00
2022-01-31,FIX016,2.268071898,-1.182165342,0.3522922617,128974.0774,-0.07553010629,-0.01874509606,2022-01-31T17:30:00+08:00,2022-01-31T18:00:00+08:00,2022-02-01T09:30:00+08:00
2022-01-31,FIX017,1.741727677,0.1926168411,0.544039415,5003.613907,0.03604113416,-0.01874509606,2022-01-31T17:30:00+08:00,2022-01-31T18:00:00+08:00,2022-02-01T09:30:00+08:00
2022-01-31,FIX018,0.9477315152,-0.7943811767,-0.7577429573,8406.330521,-0.01931102205,-0.01874509606,2022-01-31T17:30:00+08:00,2022-01-31T18:00:00+08:00,2022-02-01T09:30:00+08:00
2022-01-31,FIX019,1.349962895,-0.2639901419,0.9533451271,2793.156717,-0.0330340712,-0.01874509606,2022-01-31T17:30:00+08:00,2022-01-31T18:00:00+08:00,2022-02-01T09:30:00+08:00
2022-01-31,FIX020,2.820446528,-1.337794576,0.913131999,56311.46359,-0.05680211618,-0.01874509606,2022-01-31T17:30:00+08:00,2022-01-31T18:00:00+08:00,2022-02-01T09:30:00+08:00
2022-01-31,FIX021,3.498008867,-0.06261868763,0.2538072922,31572.96778,0.0001834787368,-0.01874509606,2022-01-31T17:30:00+08:00,2022-01-31T18:00:00+08:00,2022-02-01T09:30:00+08:00
2022-01-31,FIX022,4.340832364,-0.8944634559,-0.4689417678,59972.50611,0.01347992205,-0.01874509606,2022-01-31T17:30:00+08:00,2022-01-31T18:00:00+08:00,2022-02-01T09:30:00+08:00
2022-01-31,FIX023,2.010829896,-1.11171684,-0.9156551756,39660.74721,-0.01330087627,-0.01874509606,2022-01-31T17:30:00+08:00,2022-01-31T18:00:00+08:00,2022-02-01T09:30:00+08:00
2022-01-31,FIX024,0.5905607649,-0.8001765056,-0.4286780932,27075.71064,-0.0143051244,-0.01874509606,2022-01-31T17:30:00+08:00,2022-01-31T18:00:00+08:00,2022-02-01T09:30:00+08:00
2022-01-31,FIX025,1.440927676,0.006726884604,3.719260508,36214.4103,-0.03686915472,-0.01874509606,2022-01-31T17:30:00+08:00,2022-01-31T18:00:00+08:00,2022-02-01T09:30:00+08:00
2022-01-31,FIX026,3.135427742,-1.324937321,1.545453807,45556.82043,0.08418861859,-0.01874509606,2022-01-31T17:30:00+08:00,2022-01-31T18:00:00+08:00,2022-02-01T09:30:00+08:00
2022-01-31,FIX027,2.066499563,-0.4732743793,0.1798110159,31268.0596,0.008656557613,-0.01874509606,2022-01-31T17:30:00+08:00,2022-01-31T18:00:00+08:00,2022-02-01T09:30:00+08:00
2022-01-31,FIX028,1.835670597,-1.695380429,-0.7762225906,80404.03272,0.005659895435,-0.01874509606,2022-01-31T17:30:00+08:00,2022-01-31T18:00:00+08:00,2022-02-01T09:30:00+08:00
2022-01-31,FIX029,1.053451082,-1.369188198,1.257178769,4862.868018,-0.02102566015,-0.01874509606,2022-01-31T17:30:00+08:00,2022-01-31T18:00:00+08:00,2022-02-01T09:30:00+08:00
2022-01-31,FIX030,0.6566381956,-0.8599248198,1.662373568,6669.521151,-0.01324640383,-0.01874509606,2022-01-31T17:30:00+08:00,2022-01-31T18:00:00+08:00,2022-02-01T09:30:00+08:00
2022-01-31,FIX031,0.348951165,-0.3571926463,-1.316138328,2686.16278,-0.01718147666,-0.01874509606,2022-01-31T17:30:00+08:00,2022-01-31T18:00:00+08:00,2022-02-01T09:30:00+08:00
2022-01-31,FIX032,0.9822905385,-0.6990346118,-1.458303089,6113.788578,0.06014365112,-0.01874509606,2022-01-31T17:30:00+08:00,2022-01-31T18:00:00+08:00,2022-02-01T09:30:00+08:00
2022-01-31,FIX033,3.435495804,-2.100402561,2.429819256,7973.860073,-0.002807098743,-0.01874509606,2022-01-31T17:30:00+08:00,2022-01-31T18:00:00+08:00,2022-02-01T09:30:00+08:00
2022-01-31,FIX034,0.6723218629,-0.1739955289,1.217756916,25536.07478,-0.004897095468,-0.01874509606,2022-01-31T17:30:00+08:00,2022-01-31T18:00:00+08:00,2022-02-01T09:30:00+08:00
2022-01-31,FIX035,-0.2975636463,-2.551729782,1.161159753,17080.29702,-0.02656178031,-0.01874509606,2022-01-31T17:30:00+08:00,2022-01-31T18:00:00+08:00,2022-02-01T09:30:00+08:00
2022-01-31,FIX036,1.95285793,-0.4962036134,0.3414638696,20801.44774,-0.005666794359,-0.01874509606,2022-01-31T17:30:00+08:00,2022-01-31T18:00:00+08:00,2022-02-01T09:30:00+08:00
2022-01-31,FIX037,2.595428941,-2.595721054,0.1334169737,4761.24871,-0.04055369272,-0.01874509606,2022-01-31T17:30:00+08:00,2022-01-31T18:00:00+08:00,2022-02-01T09:30:00+08:00
2022-01-31,FIX038,2.284848366,-0.8703253835,3.594696614,31466.01046,-0.008408258672,-0.01874509606,2022-01-31T17:30:00+08:00,2022-01-31T18:00:00+08:00,2022-02-01T09:30:00+08:00
2022-01-31,FIX039,1.820973117,0.09667158926,-1.59218736,14326.86843,0.04793252521,-0.01874509606,2022-01-31T17:30:00+08:00,2022-01-31T18:00:00+08:00,2022-02-01T09:30:00+08:00
2022-02-28,FIX000,2.736360937,-0.8739399686,1.801768273,57846.51348,-0.03780997941,-0.01915340982,2022-02-28T17:30:00+08:00,2022-02-28T18:00:00+08:00,2022-03-01T09:30:00+08:00
2022-02-28,FIX001,0.3676004553,-1.790060448,1.96793863,7846.678827,0.0001188497039,-0.01915340982,2022-02-28T17:30:00+08:00,2022-02-28T18:00:00+08:00,2022-03-01T09:30:00+08:00
2022-02-28,FIX002,1.918001071,-1.81970036,0.5259854469,21977.5703,0.003143920382,-0.01915340982,2022-02-28T17:30:00+08:00,2022-02-28T18:00:00+08:00,2022-03-01T09:30:00+08:00
2022-02-28,FIX003,2.037551358,-2.054982827,1.286942136,7489.80678,0.04148861257,-0.01915340982,2022-02-28T17:30:00+08:00,2022-02-28T18:00:00+08:00,2022-03-01T09:30:00+08:00
2022-02-28,FIX004,1.721515482,0.1334655419,-0.2323949297,132049.6702,0.004229203975,-0.01915340982,2022-02-28T17:30:00+08:00,2022-02-28T18:00:00+08:00,2022-03-01T09:30:00+08:00
2022-02-28,FIX005,0.4339038649,-0.9474105921,-0.4712464759,19823.05818,-0.01408036909,-0.01915340982,2022-02-28T17:30:00+08:00,2022-02-28T18:00:00+08:00,2022-03-01T09:30:00+08:00
2022-02-28,FIX006,1.639484687,-0.3340061254,1.509017923,12915.39968,-0.05107471059,-0.01915340982,2022-02-28T17:30:00+08:00,2022-02-28T18:00:00+08:00,2022-03-01T09:30:00+08:00
2022-02-28,FIX007,1.808972956,-3.21461002,-0.8692239745,30345.33764,0.002331624843,-0.01915340982,2022-02-28T17:30:00+08:00,2022-02-28T18:00:00+08:00,2022-03-01T09:30:00+08:00
2022-02-28,FIX008,0.6347425577,1.937371494,3.191885297,90646.01258,-0.01985244923,-0.01915340982,2022-02-28T17:30:00+08:00,2022-02-28T18:00:00+08:00,2022-03-01T09:30:00+08:00
2022-02-28,FIX009,1.349588639,-0.4974027505,-0.2299177864,24704.74778,-0.009739231653,-0.01915340982,2022-02-28T17:30:00+08:00,2022-02-28T18:00:00+08:00,2022-03-01T09:30:00+08:00
2022-02-28,FIX010,3.520005351,-2.715621061,-2.790063087,12702.13667,-0.02723260891,-0.01915340982,2022-02-28T17:30:00+08:00,2022-02-28T18:00:00+08:00,2022-03-01T09:30:00+08:00
2022-02-28,FIX011,1.169004034,-0.4309841161,0.1065346196,25798.21465,-0.03490466131,-0.01915340982,2022-02-28T17:30:00+08:00,2022-02-28T18:00:00+08:00,2022-03-01T09:30:00+08:00
2022-02-28,FIX012,1.95265842,-1.495499883,-0.6638647902,12754.83452,-0.01095024172,-0.01915340982,2022-02-28T17:30:00+08:00,2022-02-28T18:00:00+08:00,2022-03-01T09:30:00+08:00
2022-02-28,FIX013,0.9568447214,0.2509293239,0.4959925861,12441.34708,-0.01999167052,-0.01915340982,2022-02-28T17:30:00+08:00,2022-02-28T18:00:00+08:00,2022-03-01T09:30:00+08:00
2022-02-28,FIX014,0.6788212671,-0.442138501,0.5706343661,26572.21304,-0.04716695465,-0.01915340982,2022-02-28T17:30:00+08:00,2022-02-28T18:00:00+08:00,2022-03-01T09:30:00+08:00
2022-02-28,FIX015,-0.9296379351,-0.8769782391,-0.488854521,15763.64159,-0.03282568893,-0.01915340982,2022-02-28T17:30:00+08:00,2022-02-28T18:00:00+08:00,2022-03-01T09:30:00+08:00
2022-02-28,FIX016,3.358417941,-1.438757638,0.08115708997,57975.24511,-0.00412175015,-0.01915340982,2022-02-28T17:30:00+08:00,2022-02-28T18:00:00+08:00,2022-03-01T09:30:00+08:00
2022-02-28,FIX017,3.423657167,-0.9076755935,0.489495708,45673.58373,-0.01345425407,-0.01915340982,2022-02-28T17:30:00+08:00,2022-02-28T18:00:00+08:00,2022-03-01T09:30:00+08:00
2022-02-28,FIX018,0.5601708929,-0.6671073411,-1.851595165,14116.42862,-0.01692719193,-0.01915340982,2022-02-28T17:30:00+08:00,2022-02-28T18:00:00+08:00,2022-03-01T09:30:00+08:00
2022-02-28,FIX019,0.3273140215,0.132214411,0.7708572995,4168.534627,-0.05958610695,-0.01915340982,2022-02-28T17:30:00+08:00,2022-02-28T18:00:00+08:00,2022-03-01T09:30:00+08:00
2022-02-28,FIX020,3.445621142,-0.05692725634,0.396088297,38659.09753,0.01664653923,-0.01915340982,2022-02-28T17:30:00+08:00,2022-02-28T18:00:00+08:00,2022-03-01T09:30:00+08:00
2022-02-28,FIX021,2.995175688,-0.6315359841,0.5857522466,4746.424583,-0.03551315978,-0.01915340982,2022-02-28T17:30:00+08:00,2022-02-28T18:00:00+08:00,2022-03-01T09:30:00+08:00
2022-02-28,FIX022,3.500866464,-0.1726392293,0.612275853,18860.83549,0.03405161412,-0.01915340982,2022-02-28T17:30:00+08:00,2022-02-28T18:00:00+08:00,2022-03-01T09:30:00+08:00
2022-02-28,FIX023,1.494970195,-0.6709075943,-0.1985319826,11071.42308,-0.005734603247,-0.01915340982,2022-02-28T17:30:00+08:00,2022-02-28T18:00:00+08:00,2022-03-01T09:30:00+08:00
2022-02-28,FIX024,0.3316750331,-0.3150471657,0.06409329945,13108.28154,0.01033053981,-0.01915340982,2022-02-28T17:30:00+08:00,2022-02-28T18:00:00+08:00,2022-03-01T09:30:00+08:00
2022-02-28,FIX025,2.179314877,-1.271311874,3.404527168,62986.59933,0.0210049588,-0.01915340982,2022-02-28T17:30:00+08:00,2022-02-28T18:00:00+08:00,2022-03-01T09:30:00+08:00
2022-02-28,FIX026,3.52900061,-1.617474242,0.9604698279,19761.07727,0.01445997855,-0.01915340982,2022-02-28T17:30:00+08:00,2022-02-28T18:00:00+08:00,2022-03-01T09:30:00+08:00
2022-02-28,FIX027,1.807242652,-0.5485355897,-0.6384828821,15919.20208,-0.03205073901,-0.01915340982,2022-02-28T17:30:00+08:00,2022-02-28T18:00:00+08:00,2022-03-01T09:30:00+08:00
2022-02-28,FIX028,1.107778836,-1.721240103,-0.690855518,28323.11633,-0.04099381451,-0.01915340982,2022-02-28T17:30:00+08:00,2022-02-28T18:00:00+08:00,2022-03-01T09:30:00+08:00
2022-02-28,FIX029,0.6760892069,-0.03593276607,0.9589579291,21534.52499,-0.001848150321,-0.01915340982,2022-02-28T17:30:00+08:00,2022-02-28T18:00:00+08:00,2022-03-01T09:30:00+08:00
2022-02-28,FIX030,0.1955679469,-0.93195606,1.028968254,3608.14726,0.001855520756,-0.01915340982,2022-02-28T17:30:00+08:00,2022-02-28T18:00:00+08:00,2022-03-01T09:30:00+08:00
2022-02-28,FIX031,1.31616456,0.1526374773,-1.768998764,6854.035992,-0.05196299329,-0.01915340982,2022-02-28T17:30:00+08:00,2022-02-28T18:00:00+08:00,2022-03-01T09:30:00+08:00
2022-02-28,FIX032,1.744521976,0.3117984908,-2.47867469,10077.54384,0.005408004332,-0.01915340982,2022-02-28T17:30:00+08:00,2022-02-28T18:00:00+08:00,2022-03-01T09:30:00+08:00
2022-02-28,FIX033,4.047255385,-0.6973032533,1.269597938,12076.47842,0.0008530078129,-0.01915340982,2022-02-28T17:30:00+08:00,2022-02-28T18:00:00+08:00,2022-03-01T09:30:00+08:00
2022-02-28,FIX034,1.377139275,-0.5159923499,1.251109664,22041.02733,0.03503985105,-0.01915340982,2022-02-28T17:30:00+08:00,2022-02-28T18:00:00+08:00,2022-03-01T09:30:00+08:00
2022-02-28,FIX035,0.3537073589,-2.393798253,-0.1732039154,16680.81745,0.02959112835,-0.01915340982,2022-02-28T17:30:00+08:00,2022-02-28T18:00:00+08:00,2022-03-01T09:30:00+08:00
2022-02-28,FIX036,2.634171655,-0.4008588703,1.080459387,35560.0297,0.01359293457,-0.01915340982,2022-02-28T17:30:00+08:00,2022-02-28T18:00:00+08:00,2022-03-01T09:30:00+08:00
2022-02-28,FIX037,3.194539518,-1.626725487,-0.7493694229,13749.00848,-0.000108179159,-0.01915340982,2022-02-28T17:30:00+08:00,2022-02-28T18:00:00+08:00,2022-03-01T09:30:00+08:00
2022-02-28,FIX038,1.970616984,-0.3734446186,3.219877802,37090.72301,0.006465008903,-0.01915340982,2022-02-28T17:30:00+08:00,2022-02-28T18:00:00+08:00,2022-03-01T09:30:00+08:00
2022-02-28,FIX039,1.602213455,-0.4961561638,-1.085759307,35086.86602,-0.02626586915,-0.01915340982,2022-02-28T17:30:00+08:00,2022-02-28T18:00:00+08:00,2022-03-01T09:30:00+08:00
2022-03-31,FIX000,1.770612558,-1.125851376,1.703424307,7238.551514,-0.03463747641,-0.01439521798,2022-03-31T17:30:00+08:00,2022-03-31T18:00:00+08:00,2022-04-01T09:30:00+08:00
2022-03-31,FIX001,0.05209344739,-1.778508488,1.616464083,6232.77057,-0.0006322140314,-0.01439521798,2022-03-31T17:30:00+08:00,2022-03-31T18:00:00+08:00,2022-04-01T09:30:00+08:00
2022-03-31,FIX002,1.85867771,-1.734891304,0.2705207174,56450.57097,-0.03576906463,-0.01439521798,2022-03-31T17:30:00+08:00,2022-03-31T18:00:00+08:00,2022-04-01T09:30:00+08:00
2022-03-31,FIX003,1.889061849,-2.205176968,1.30258118,9550.213373,0.033659735,-0.01439521798,2022-03-31T17:30:00+08:00,2022-03-31T18:00:00+08:00,2022-04-01T09:30:00+08:00
2022-03-31,FIX004,0.5794312644,1.889558097,-0.5444753589,12104.02771,-0.01352205001,-0.01439521798,2022-03-31T17:30:00+08:00,2022-03-31T18:00:00+08:00,2022-04-01T09:30:00+08:00
2022-03-31,FIX005,1.31566169,0.07436186232,-0.567469605,49578.09831,0.004204329596,-0.01439521798,2022-03-31T17:30:00+08:00,2022-03-31T18:00:00+08:00,2022-04-01T09:30:00+08:00
2022-03-31,FIX006,1.960984504,-0.8475763874,1.94394585,108823.8123,-0.008906162104,-0.01439521798,2022-03-31T17:30:00+08:00,2022-03-31T18:00:00+08:00,2022-04-01T09:30:00+08:00
2022-03-31,FIX007,2.727871643,-2.238233524,-0.3772881385,7271.34694,0.005287736264,-0.01439521798,2022-03-31T17:30:00+08:00,2022-03-31T18:00:00+08:00,2022-04-01T09:30:00+08:00
2022-03-31,FIX008,1.179515734,2.539601887,2.253153059,12254.6618,0.01977531668,-0.01439521798,2022-03-31T17:30:00+08:00,2022-03-31T18:00:00+08:00,2022-04-01T09:30:00+08:00
2022-03-31,FIX009,1.621820934,-0.5410497435,0.2003022958,9841.621846,-0.008935624434,-0.01439521798,2022-03-31T17:30:00+08:00,2022-03-31T18:00:00+08:00,2022-04-01T09:30:00+08:00
2022-03-31,FIX010,4.037522954,-1.758952329,-2.379433871,8048.100126,0.001972816702,-0.01439521798,2022-03-31T17:30:00+08:00,2022-03-31T18:00:00+08:00,2022-04-01T09:30:00+08:00
2022-03-31,FIX011,0.8107710001,-0.639001622,0.5348481921,40359.77219,-0.01829563793,-0.01439521798,2022-03-31T17:30:00+08:00,2022-03-31T18:00:00+08:00,2022-04-01T09:30:00+08:00
2022-03-31,FIX012,1.484236467,-1.838947887,-0.2916035115,56061.13525,0.08936705706,-0.01439521798,2022-03-31T17:30:00+08:00,2022-03-31T18:00:00+08:00,2022-04-01T09:30:00+08:00
2022-03-31,FIX013,0.4589148269,0.271814367,0.1776384593,7167.951586,0.01009588735,-0.01439521798,2022-03-31T17:30:00+08:00,2022-03-31T18:00:00+08:00,2022-04-01T09:30:00+08:00
2022-03-31,FIX014,0.591706558,-0.3706663208,0.9718943948,7816.893085,0.05517654707,-0.01439521798,2022-03-31T17:30:00+08:00,2022-03-31T18:00:00+08:00,2022-04-01T09:30:00+08:00
2022-03-31,FIX015,-1.026507493,-1.36866333,-0.3390143182,29274.12586,-0.04273302022,-0.01439521798,2022-03-31T17:30:00+08:00,2022-03-31T18:00:00+08:00,2022-04-01T09:30:00+08:00
2022-03-31,FIX016,3.653867779,-2.412839067,-0.0994077996,62286.28087,0.02090666823,-0.01439521798,2022-03-31T17:30:00+08:00,2022-03-31T18:00:00+08:00,2022-04-01T09:30:00+08:00
2022-03-31,FIX017,3.136334085,-1.050463779,0.6245733679,19163.20062,-0.07627776715,-0.01439521798,2022-03-31T17:30:00+08:00,2022-03-31T18:00:00+08:00,2022-04-01T09:30:00+08:00
2022-03-31,FIX018,1.212227408,-0.4469575149,-1.311584598,51237.32835,0.04065845481,-0.01439521798,2022-03-31T17:30:00+08:00,2022-03-31T18:00:00+08:00,2022-04-01T09:30:00+08:00
2022-03-31,FIX019,0.6537565732,-0.1347327531,1.486899433,5665.417074,-0.05010568779,-0.01439521798,2022-03-31T17:30:00+08:00,2022-03-31T18:00:00+08:00,2022-04-01T09:30:00+08:00
2022-03-31,FIX020,3.031255261,0.4417559094,0.4297450591,7567.973709,0.02175096551,-0.01439521798,2022-03-31T17:30:00+08:00,2022-03-31T18:00:00+08:00,2022-04-01T09:30:00+08:00
2022-03-31,FIX021,2.889574258,-0.8389362323,0.741642042,7011.635207,0.02154898339,-0.01439521798,2022-03-31T17:30:00+08:00,2022-03-31T18:00:00+08:00,2022-04-01T09:30:00+08:00
2022-03-31,FIX022,3.423083814,-0.1404945615,0.3065145194,16866.04484,-0.01538004454,-0.01439521798,2022-03-31T17:30:00+08:00,2022-03-31T18:00:00+08:00,2022-04-01T09:30:00+08:00
2022-03-31,FIX023,1.11479528,-0.7486780761,-0.134320119,18323.00946,0.07305944767,-0.01439521798,2022-03-31T17:30:00+08:00,2022-03-31T18:00:00+08:00,2022-04-01T09:30:00+08:00
2022-03-31,FIX024,1.387131921,0.0966549591,-0.2655548184,7639.034717,0.006037498199,-0.01439521798,2022-03-31T17:30:00+08:00,2022-03-31T18:00:00+08:00,2022-04-01T09:30:00+08:00
2022-03-31,FIX025,1.27986194,-1.083512571,3.243410649,4334.478832,0.02851374142,-0.01439521798,2022-03-31T17:30:00+08:00,2022-03-31T18:00:00+08:00,2022-04-01T09:30:00+08:00
2022-03-31,FIX026,3.019498036,-1.453754111,0.4445121782,76643.96168,-0.0075831917,-0.01439521798,2022-03-31T17:30:00+08:00,2022-03-31T18:00:00+08:00,2022-04-01T09:30:00+08:00
2022-03-31,FIX027,2.350013306,-1.431243243,-0.7161660467,48571.32536,0.02243072173,-0.01439521798,2022-03-31T17:30:00+08:00,2022-03-31T18:00:00+08:00,2022-04-01T09:30:00+08:00
2022-03-31,FIX028,1.854179546,-2.475702202,-0.06153578279,21582.31453,0.008169491574,-0.01439521798,2022-03-31T17:30:00+08:00,2022-03-31T18:00:00+08:00,2022-04-01T09:30:00+08:00
2022-03-31,FIX029,0.1387687557,-0.847402383,1.209550022,15568.265,0.001847339334,-0.01439521798,2022-03-31T17:30:00+08:00,2022-03-31T18:00:00+08:00,2022-04-01T09:30:00+08:00
2022-03-31,FIX030,1.568898343,-1.533332072,0.8505128862,103670.7157,0.006980846211,-0.01439521798,2022-03-31T17:30:00+08:00,2022-03-31T18:00:00+08:00,2022-04-01T09:30:00+08:00
2022-03-31,FIX031,1.37978041,-0.4711064099,-1.805781553,13690.96093,-0.00408306328,-0.01439521798,2022-03-31T17:30:00+08:00,2022-03-31T18:00:00+08:00,2022-04-01T09:30:00+08:00
2022-03-31,FIX032,2.125216547,0.4657686939,-2.297053151,31878.62731,-0.06593724178,-0.01439521798,2022-03-31T17:30:00+08:00,2022-03-31T18:00:00+08:00,2022-04-01T09:30:00+08:00
2022-03-31,FIX033,3.783984313,-0.001172656445,1.703540575,12696.75242,0.01563981463,-0.01439521798,2022-03-31T17:30:00+08:00,2022-03-31T18:00:00+08:00,2022-04-01T09:30:00+08:00
2022-03-31,FIX034,1.166127631,-0.7015776032,0.7395280839,7532.826958,0.08551609983,-0.01439521798,2022-03-31T17:30:00+08:00,2022-03-31T18:00:00+08:00,2022-04-01T09:30:00+08:00
2022-03-31,FIX035,1.648345845,-1.898566386,0.2565447543,38989.61475,0.08233031743,-0.01439521798,2022-03-31T17:30:00+08:00,2022-03-31T18:00:00+08:00,2022-04-01T09:30:00+08:00
2022-03-31,FIX036,2.070614946,-0.166926328,0.5419633413,67162.6061,-0.04363933503,-0.01439521798,2022-03-31T17:30:00+08:00,2022-03-31T18:00:00+08:00,2022-04-01T09:30:00+08:00
2022-03-31,FIX037,3.025128945,-1.947980125,-0.7091613092,63824.89123,0.01751940656,-0.01439521798,2022-03-31T17:30:00+08:00,2022-03-31T18:00:00+08:00,2022-04-01T09:30:00+08:00
2022-03-31,FIX038,1.6031252,-0.5150742966,2.353288401,21991.44314,0.0004118299544,-0.01439521798,2022-03-31T17:30:00+08:00,2022-03-31T18:00:00+08:00,2022-04-01T09:30:00+08:00
2022-03-31,FIX039,2.222011906,-1.28876167,-1.294830671,33756.23231,-0.009632459767,-0.01439521798,2022-03-31T17:30:00+08:00,2022-03-31T18:00:00+08:00,2022-04-01T09:30:00+08:00
2022-04-30,FIX000,1.99427568,-0.8531425388,0.702318516,16448.35663,0.02275081378,0.03335570419,2022-04-30T17:30:00+08:00,2022-04-30T18:00:00+08:00,2022-05-02T09:30:00+08:00
2022-04-30,FIX001,1.199737676,-1.184561925,1.913380995,15818.99439,0.04947615148,0.03335570419,2022-04-30T17:30:00+08:00,2022-04-30T18:00:00+08:00,2022-05-02T09:30:00+08:00
2022-04-30,FIX002,2.061872573,-0.8588657157,-0.5500906213,16771.93646,0.04703989088,0.03335570419,2022-04-30T17:30:00+08:00,2022-04-30T18:00:00+08:00,2022-05-02T09:30:00+08:00
2022-04-30,FIX003,2.986450499,-1.933113205,0.8701164884,3052.754164,-0.05767126028,0.03335570419,2022-04-30T17:30:00+08:00,2022-04-30T18:00:00+08:00,2022-05-02T09:30:00+08:00
2022-04-30,FIX004,0.3591877306,0.6862547862,-0.7517153685,15351.73289,0.02925072091,0.03335570419,2022-04-30T17:30:00+08:00,2022-04-30T18:00:00+08:00,2022-05-02T09:30:00+08:00
2022-04-30,FIX005,0.8164598771,-0.4216228041,0.2138861984,20609.03709,0.02429293357,0.03335570419,2022-04-30T17:30:00+08:00,2022-04-30T18:00:00+08:00,2022-05-02T09:30:00+08:00
2022-04-30,FIX006,0.7270848102,-0.6339355761,1.170519772,4234.276571,0.02425685293,0.03335570419,2022-04-30T17:30:00+08:00,2022-04-30T18:00:00+08:00,2022-05-02T09:30:00+08:00
2022-04-30,FIX007,1.783676343,-1.562362915,0.3424706042,7681.240979,0.02283143824,0.03335570419,2022-04-30T17:30:00+08:00,2022-04-30T18:00:00+08:00,2022-05-02T09:30:00+08:00
2022-04-30,FIX008,0.551713073,1.30252693,1.710231625,13623.74896,0.0062833576,0.03335570419,2022-04-30T17:30:00+08:00,2022-04-30T18:00:00+08:00,2022-05-02T09:30:00+08:00
2022-04-30,FIX009,2.028253753,-0.4118379655,0.7330079191,18083.53819,0.0726793167,0.03335570419,2022-04-30T17:30:00+08:00,2022-04-30T18:00:00+08:00,2022-05-02T09:30:00+08:00
2022-04-30,FIX010,3.907229711,-1.266169544,-1.4016099,59471.17949,-0.03959821852,0.03335570419,2022-04-30T17:30:00+08:00,2022-04-30T18:00:00+08:00,2022-05-02T09:30:00+08:00
2022-04-30,FIX011,0.9497726106,-0.2339555974,-0.03628727568,16459.29528,0.0501598401,0.03335570419,2022-04-30T17:30:00+08:00,2022-04-30T18:00:00+08:00,2022-05-02T09:30:00+08:00
2022-04-30,FIX012,2.04380651,-0.8592738502,-0.116544797,23311.747,-0.002293560914,0.03335570419,2022-04-30T17:30:00+08:00,2022-04-30T18:00:00+08:00,2022-05-02T09:30:00+08:00
2022-04-30,FIX013,1.135518116,-0.2507177143,0.8726939316,40475.68421,0.003900100542,0.03335570419,2022-04-30T17:30:00+08:00,2022-04-30T18:00:00+08:00,2022-05-02T09:30:00+08:00
2022-04-30,FIX014,1.141719715,-0.7212467278,1.697028278,7907.813164,-0.01002105128,0.03335570419,2022-04-30T17:30:00+08:00,2022-04-30T18:00:00+08:00,2022-05-02T09:30:00+08:00
2022-04-30,FIX015,-0.7615383518,-2.159364753,0.4829681706,38642.48932,-0.002922934562,0.03335570419,2022-04-30T17:30:00+08:00,2022-04-30T18:00:00+08:00,2022-05-02T09:30:00+08:00
2022-04-30,FIX016,2.811656133,-2.091723795,-0.06179971467,47601.5543,-0.008807708706,0.03335570419,2022-04-30T17:30:00+08:00,2022-04-30T18:00:00+08:00,2022-05-02T09:30:00+08:00
2022-04-30,FIX017,3.243548178,-1.560858232,0.9020926579,292941.0605,0.02330538342,0.03335570419,2022-04-30T17:30:00+08:00,2022-04-30T18:00:00+08:00,2022-05-02T09:30:00+08:00
2022-04-30,FIX018,0.9748148814,-1.79977261,-1.3408872,43231.73897,0.08231133982,0.03335570419,2022-04-30T17:30:00+08:00,2022-04-30T18:00:00+08:00,2022-05-02T09:30:00+08:00
2022-04-30,FIX019,0.6638740314,-0.2165499585,2.227268635,13412.6423,0.02809012474,0.03335570419,2022-04-30T17:30:00+08:00,2022-04-30T18:00:00+08:00,2022-05-02T09:30:00+08:00
2022-04-30,FIX020,2.742956965,-0.09700541931,1.29153797,22471.95788,0.02748459244,0.03335570419,2022-04-30T17:30:00+08:00,2022-04-30T18:00:00+08:00,2022-05-02T09:30:00+08:00
2022-04-30,FIX021,3.07159924,-1.28230536,0.1818271389,31753.40086,-0.005291325738,0.03335570419,2022-04-30T17:30:00+08:00,2022-04-30T18:00:00+08:00,2022-05-02T09:30:00+08:00
2022-04-30,FIX022,3.343952493,-0.569444533,0.6796052783,49020.77936,-0.03803420484,0.03335570419,2022-04-30T17:30:00+08:00,2022-04-30T18:00:00+08:00,2022-05-02T09:30:00+08:00
2022-04-30,FIX023,1.002568401,-1.581157173,-0.2984688987,36927.86471,-0.0383555327,0.03335570419,2022-04-30T17:30:00+08:00,2022-04-30T18:00:00+08:00,2022-05-02T09:30:00+08:00
2022-04-30,FIX024,2.132661782,-0.3809146674,-0.6145021628,16947.34349,0.002249869236,0.03335570419,2022-04-30T17:30:00+08:00,2022-04-30T18:00:00+08:00,2022-05-02T09:30:00+08:00
2022-04-30,FIX025,2.071291841,-0.9729607295,2.482283148,8366.69551,0.01376224433,0.03335570419,2022-04-30T17:30:00+08:00,2022-04-30T18:00:00+08:00,2022-05-02T09:30:00+08:00
2022-04-30,FIX026,3.80715298,-1.347261587,0.9802752095,9985.399669,0.01590412478,0.03335570419,2022-04-30T17:30:00+08:00,2022-04-30T18:00:00+08:00,2022-05-02T09:30:00+08:00
2022-04-30,FIX027,1.684085949,-1.479250501,0.04594159834,170888.3698,0.01094316973,0.03335570419,2022-04-30T17:30:00+08:00,2022-04-30T18:00:00+08:00,2022-05-02T09:30:00+08:00
2022-04-30,FIX028,1.540085551,-1.897517572,-0.07469042933,22241.71938,0.02919677145,0.03335570419,2022-04-30T17:30:00+08:00,2022-04-30T18:00:00+08:00,2022-05-02T09:30:00+08:00
2022-04-30,FIX029,-0.2622747982,-0.2409799432,1.035969126,29054.18885,0.02283656646,0.03335570419,2022-04-30T17:30:00+08:00,2022-04-30T18:00:00+08:00,2022-05-02T09:30:00+08:00
2022-04-30,FIX030,0.8228846262,-0.3996468508,0.795646278,27429.38126,0.01872986973,0.03335570419,2022-04-30T17:30:00+08:00,2022-04-30T18:00:00+08:00,2022-05-02T09:30:00+08:00
2022-04-30,FIX031,2.00390721,-0.6888153485,-2.019534977,42882.87996,-0.01015772166,0.03335570419,2022-04-30T17:30:00+08:00,2022-04-30T18:00:00+08:00,2022-05-02T09:30:00+08:00
2022-04-30,FIX032,2.039029404,0.09507307383,-2.243496425,6845.56155,0.0416593948,0.03335570419,2022-04-30T17:30:00+08:00,2022-04-30T18:00:00+08:00,2022-05-02T09:30:00+08:00
2022-04-30,FIX033,3.588751336,-1.283306338,1.16244013,26760.79805,0.05681739967,0.03335570419,2022-04-30T17:30:00+08:00,2022-04-30T18:00:00+08:00,2022-05-02T09:30:00+08:00
2022-04-30,FIX034,1.02212355,-0.6064123931,0.7594076763,21251.99521,-0.008609729538,0.03335570419,2022-04-30T17:30:00+08:00,2022-04-30T18:00:00+08:00,2022-05-02T09:30:00+08:00
2022-04-30,FIX035,1.416942697,-0.9103838872,0.131840753,2129.228915,-0.05888036735,0.03335570419,2022-04-30T17:30:00+08:00,2022-04-30T18:00:00+08:00,2022-05-02T09:30:00+08:00
2022-04-30,FIX036,2.476204087,0.2976404055,1.471649199,9931.960528,0.03652658149,0.03335570419,2022-04-30T17:30:00+08:00,2022-04-30T18:00:00+08:00,2022-05-02T09:30:00+08:00
2022-04-30,FIX037,3.072956304,-1.597823617,-0.07514921151,42378.35598,0.02489146941,0.03335570419,2022-04-30T17:30:00+08:00,2022-04-30T18:00:00+08:00,2022-05-02T09:30:00+08:00
2022-04-30,FIX038,2.026530452,-0.2193528555,2.559033979,27344.29872,0.06997719886,0.03335570419,2022-04-30T17:30:00+08:00,2022-04-30T18:00:00+08:00,2022-05-02T09:30:00+08:00
2022-04-30,FIX039,1.861067338,-1.66997588,-0.1972182988,12370.99766,0.007977886491,0.03335570419,2022-04-30T17:30:00+08:00,2022-04-30T18:00:00+08:00,2022-05-02T09:30:00+08:00
2022-05-31,FIX000,1.727551354,-0.1847803527,1.14196307,10767.44567,0.01701737037,0.01407544102,2022-05-31T17:30:00+08:00,2022-05-31T18:00:00+08:00,2022-06-01T09:30:00+08:00
2022-05-31,FIX001,1.787556769,-0.9035903586,2.881073646,30561.92673,0.006087116289,0.01407544102,2022-05-31T17:30:00+08:00,2022-05-31T18:00:00+08:00,2022-06-01T09:30:00+08:00
2022-05-31,FIX002,2.287413763,-1.130420607,-0.5316630065,122156.3614,0.001752956318,0.01407544102,2022-05-31T17:30:00+08:00,2022-05-31T18:00:00+08:00,2022-06-01T09:30:00+08:00
2022-05-31,FIX003,3.615538068,-1.873546067,1.628405565,8337.925029,-0.04274428489,0.01407544102,2022-05-31T17:30:00+08:00,2022-05-31T18:00:00+08:00,2022-06-01T09:30:00+08:00
2022-05-31,FIX004,1.416950044,0.7816033219,-0.8739631793,9757.445835,-0.02021760064,0.01407544102,2022-05-31T17:30:00+08:00,2022-05-31T18:00:00+08:00,2022-06-01T09:30:00+08:00
2022-05-31,FIX005,0.5983267388,-0.1407873739,-1.132125281,15575.3725,-0.009401097303,0.01407544102,2022-05-31T17:30:00+08:00,2022-05-31T18:00:00+08:00,2022-06-01T09:30:00+08:00
2022-05-31,FIX006,1.83149378,0.1798072614,1.749064462,9253.696365,-0.006014466223,0.01407544102,2022-05-31T17:30:00+08:00,2022-05-31T18:00:00+08:00,2022-06-01T09:30:00+08:00
2022-05-31,FIX007,1.204027711,-2.04096737,0.8534943777,34563.7145,0.004484842505,0.01407544102,2022-05-31T17:30:00+08:00,2022-05-31T18:00:00+08:00,2022-06-01T09:30:00+08:00
2022-05-31,FIX008,1.457421814,0.4616293714,1.060937952,20282.61129,0.02589863993,0.01407544102,2022-05-31T17:30:00+08:00,2022-05-31T18:00:00+08:00,2022-06-01T09:30:00+08:00
2022-05-31,FIX009,1.506843273,-0.4155189062,1.006263075,18724.46446,0.01125231233,0.01407544102,2022-05-31T17:30:00+08:00,2022-05-31T18:00:00+08:00,2022-06-01T09:30:00+08:00
2022-05-31,FIX010,3.567065331,-1.450618774,-0.746187857,31912.67037,0.02444947837,0.01407544102,2022-05-31T17:30:00+08:00,2022-05-31T18:00:00+08:00,2022-06-01T09:30:00+08:00
2022-05-31,FIX011,1.095097169,0.4535184474,-0.1115252134,48928.68295,0.08400750765,0.01407544102,2022-05-31T17:30:00+08:00,2022-05-31T18:00:00+08:00,2022-06-01T09:30:00+08:00
2022-05-31,FIX012,2.797737135,-1.177736811,-0.5086393897,28826.01951,0.0008234207823,0.01407544102,2022-05-31T17:30:00+08:00,2022-05-31T18:00:00+08:00,2022-06-01T09:30:00+08:00
2022-05-31,FIX013,1.342622,0.0586408912,0.595804545,27374.67418,-0.01205604368,0.01407544102,2022-05-31T17:30:00+08:00,2022-05-31T18:00:00+08:00,2022-06-01T09:30:00+08:00
2022-05-31,FIX014,2.200612759,-1.424638734,2.308684697,30042.02655,0.007785213271,0.01407544102,2022-05-31T17:30:00+08:00,2022-05-31T18:00:00+08:00,2022-06-01T09:30:00+08:00
2022-05-31,FIX015,-0.1652523138,-2.183349783,0.4788869697,43410.14352,-0.001873603877,0.01407544102,2022-05-31T17:30:00+08:00,2022-05-31T18:00:00+08:00,2022-06-01T09:30:00+08:00
2022-05-31,FIX016,1.826658981,-2.024539138,0.1679472172,23248.11041,0.01720637715,0.01407544102,2022-05-31T17:30:00+08:00,2022-05-31T18:00:00+08:00,2022-06-01T09:30:00+08:00
2022-05-31,FIX017,2.380973072,-1.723894791,1.076100747,22647.97596,0.03597921333,0.01407544102,2022-05-31T17:30:00+08:00,2022-05-31T18:00:00+08:00,2022-06-01T09:30:00+08:00
2022-05-31,FIX018,1.392409507,-1.63268541,-0.9153970866,85029.28147,-0.004178716582,0.01407544102,2022-05-31T17:30:00+08:00,2022-05-31T18:00:00+08:00,2022-06-01T09:30:00+08:00
2022-05-31,FIX019,1.278877519,-0.7219837686,1.791958938,19090.43507,0.03985442518,0.01407544102,2022-05-31T17:30:00+08:00,2022-05-31T18:00:00+08:00,2022-06-01T09:30:00+08:00
2022-05-31,FIX020,2.936087076,0.01512452886,0.8291981911,20964.93829,0.06911524175,0.01407544102,2022-05-31T17:30:00+08:00,2022-05-31T18:00:00+08:00,2022-06-01T09:30:00+08:00
2022-05-31,FIX021,2.627997686,-1.29113172,0.3289144961,21842.26656,-0.06194741124,0.01407544102,2022-05-31T17:30:00+08:00,2022-05-31T18:00:00+08:00,2022-06-01T09:30:00+08:00
2022-05-31,FIX022,3.870200487,0.4990437127,0.7020297617,35800.97019,0.04225693165,0.01407544102,2022-05-31T17:30:00+08:00,2022-05-31T18:00:00+08:00,2022-06-01T09:30:00+08:00
2022-05-31,FIX023,-0.06827699062,-0.7810850845,-0.08253774988,3851.147589,0.007849457853,0.01407544102,2022-05-31T17:30:00+08:00,2022-05-31T18:00:00+08:00,2022-06-01T09:30:00+08:00
2022-05-31,FIX024,2.159103543,0.5092954665,-0.2531001304,19700.65576,0.03150998231,0.01407544102,2022-05-31T17:30:00+08:00,2022-05-31T18:00:00+08:00,2022-06-01T09:30:00+08:00
2022-05-31,FIX025,1.525039346,-0.8560969881,2.356851173,21899.94758,0.02771848467,0.01407544102,2022-05-31T17:30:00+08:00,2022-05-31T18:00:00+08:00,2022-06-01T09:30:00+08:00
2022-05-31,FIX026,3.04796796,-1.557531259,0.8047817279,9785.116627,-0.007678906932,0.01407544102,2022-05-31T17:30:00+08:00,2022-05-31T18:00:00+08:00,2022-06-01T09:30:00+08:00
2022-05-31,FIX027,1.151331684,-1.609064078,0.3249237225,2357.071713,0.001792177133,0.01407544102,2022-05-31T17:30:00+08:00,2022-05-31T18:00:00+08:00,2022-06-01T09:30:00+08:00
2022-05-31,FIX028,1.181610057,-2.057130749,-0.2586418806,8040.663862,0.04986139953,0.01407544102,2022-05-31T17:30:00+08:00,2022-05-31T18:00:00+08:00,2022-06-01T09:30:00+08:00
2022-05-31,FIX029,-0.4764417788,-0.646654228,0.8369645864,6139.729785,0.008422536409,0.01407544102,2022-05-31T17:30:00+08:00,2022-05-31T18:00:00+08:00,2022-06-01T09:30:00+08:00
2022-05-31,FIX030,2.300466952,0.03978463152,0.1696144522,49340.53029,0.04365175254,0.01407544102,2022-05-31T17:30:00+08:00,2022-05-31T18:00:00+08:00,2022-06-01T09:30:00+08:00
2022-05-31,FIX031,1.3165349,0.09994742938,-2.756221796,19231.42029,-0.05674828135,0.01407544102,2022-05-31T17:30:00+08:00,2022-05-31T18:00:00+08:00,2022-06-01T09:30:00+08:00
2022-05-31,FIX032,2.163418241,-0.6693939206,-1.968818557,10378.78241,-0.05945269934,0.01407544102,2022-05-31T17:30:00+08:00,2022-05-31T18:00:00+08:00,2022-06-01T09:30:00+08:00
2022-05-31,FIX033,2.43216346,-0.1740756285,0.8028823584,9649.217955,0.03817292731,0.01407544102,2022-05-31T17:30:00+08:00,2022-05-31T18:00:00+08:00,2022-06-01T09:30:00+08:00
2022-05-31,FIX034,1.772915454,-0.3621528459,1.063488528,15849.76673,0.03243608008,0.01407544102,2022-05-31T17:30:00+08:00,2022-05-31T18:00:00+08:00,2022-06-01T09:30:00+08:00
2022-05-31,FIX035,2.506032628,-1.574909807,0.4541723725,16007.32734,0.01629837249,0.01407544102,2022-05-31T17:30:00+08:00,2022-05-31T18:00:00+08:00,2022-06-01T09:30:00+08:00
2022-05-31,FIX036,2.242266561,0.02405098704,1.134574542,176360.6012,-0.02709233775,0.01407544102,2022-05-31T17:30:00+08:00,2022-05-31T18:00:00+08:00,2022-06-01T09:30:00+08:00
2022-05-31,FIX037,3.398149667,-1.122873679,0.02017418354,12095.72499,-0.006308994186,0.01407544102,2022-05-31T17:30:00+08:00,2022-05-31T18:00:00+08:00,2022-06-01T09:30:00+08:00
2022-05-31,FIX038,2.168104274,-0.1252508228,1.476069076,5799.081884,0.01268383791,0.01407544102,2022-05-31T17:30:00+08:00,2022-05-31T18:00:00+08:00,2022-06-01T09:30:00+08:00
2022-05-31,FIX039,3.703167054,-1.880149285,0.4547482317,90052.05069,0.04307324529,0.01407544102,2022-05-31T17:30:00+08:00,2022-05-31T18:00:00+08:00,2022-06-01T09:30:00+08:00
2022-06-30,FIX000,1.285749768,-0.6789335077,0.689675632,19148.13736,-0.002131276036,0.009300718159,2022-06-30T17:30:00+08:00,2022-06-30T18:00:00+08:00,2022-07-01T09:30:00+08:00
2022-06-30,FIX001,1.587435223,-1.406695942,3.153130752,61807.5753,-0.0257794315,0.009300718159,2022-06-30T17:30:00+08:00,2022-06-30T18:00:00+08:00,2022-07-01T09:30:00+08:00
2022-06-30,FIX002,0.8525075292,-0.7720507625,-0.02130807977,50553.15995,-0.02952915534,0.009300718159,2022-06-30T17:30:00+08:00,2022-06-30T18:00:00+08:00,2022-07-01T09:30:00+08:00
2022-06-30,FIX003,3.044776955,-0.8651637354,1.296655135,7471.807413,-0.06173240519,0.009300718159,2022-06-30T17:30:00+08:00,2022-06-30T18:00:00+08:00,2022-07-01T09:30:00+08:00
2022-06-30,FIX004,1.478318141,1.383343179,-2.562403862,10701.70654,0.04364305608,0.009300718159,2022-06-30T17:30:00+08:00,2022-06-30T18:00:00+08:00,2022-07-01T09:30:00+08:00
2022-06-30,FIX005,0.3579943703,-0.4204817064,-0.549025924,11981.22443,-0.04127559621,0.009300718159,2022-06-30T17:30:00+08:00,2022-06-30T18:00:00+08:00,2022-07-01T09:30:00+08:00
2022-06-30,FIX006,1.398301467,0.2323992059,1.739836531,27566.94294,-0.05088979311,0.009300718159,2022-06-30T17:30:00+08:00,2022-06-30T18:00:00+08:00,2022-07-01T09:30:00+08:00
2022-06-30,FIX007,1.726985373,-1.069709362,0.5441112702,66102.99209,0.08029558236,0.009300718159,2022-06-30T17:30:00+08:00,2022-06-30T18:00:00+08:00,2022-07-01T09:30:00+08:00
2022-06-30,FIX008,1.031584523,0.2668191518,1.160286653,55049.24407,0.07629337855,0.009300718159,2022-06-30T17:30:00+08:00,2022-06-30T18:00:00+08:00,2022-07-01T09:30:00+08:00
2022-06-30,FIX009,2.05749548,-0.1180628511,0.5098531256,46446.57785,0.02685801783,0.009300718159,2022-06-30T17:30:00+08:00,2022-06-30T18:00:00+08:00,2022-07-01T09:30:00+08:00
2022-06-30,FIX010,3.15258588,-2.065471658,-0.7290036482,107374.4814,-0.01507291322,0.009300718159,2022-06-30T17:30:00+08:00,2022-06-30T18:00:00+08:00,2022-07-01T09:30:00+08:00
2022-06-30,FIX011,1.080157851,0.2702149716,-0.9354848074,112776.0035,-0.04537043945,0.009300718159,2022-06-30T17:30:00+08:00,2022-06-30T18:00:00+08:00,2022-07-01T09:30:00+08:00
2022-06-30,FIX012,1.92833899,-0.2429941981,-0.02813224282,19776.95172,-0.06312903927,0.009300718159,2022-06-30T17:30:00+08:00,2022-06-30T18:00:00+08:00,2022-07-01T09:30:00+08:00
2022-06-30,FIX013,1.93032193,1.040767132,1.127836084,39650.00716,0.03532833089,0.009300718159,2022-06-30T17:30:00+08:00,2022-06-30T18:00:00+08:00,2022-07-01T09:30:00+08:00
2022-06-30,FIX014,2.280690166,-1.646870394,2.309536961,98203.85955,0.0298135913,0.009300718159,2022-06-30T17:30:00+08:00,2022-06-30T18:00:00+08:00,2022-07-01T09:30:00+08:00
2022-06-30,FIX015,-0.2692831815,-1.354169333,0.8211543692,30699.88225,0.05010774111,0.009300718159,2022-06-30T17:30:00+08:00,2022-06-30T18:00:00+08:00,2022-07-01T09:30:00+08:00
2022-06-30,FIX016,2.098892373,-2.246659878,0.6238715095,58795.8717,-0.01993735916,0.009300718159,2022-06-30T17:30:00+08:00,2022-06-30T18:00:00+08:00,2022-07-01T09:30:00+08:00
2022-06-30,FIX017,2.191234805,-0.3437631979,0.1683784934,51237.73725,-0.007031665991,0.009300718159,2022-06-30T17:30:00+08:00,2022-06-30T18:00:00+08:00,2022-07-01T09:30:00+08:00
2022-06-30,FIX018,0.4462790062,-1.544357604,-0.09572844961,51667.96703,-0.02629001163,0.009300718159,2022-06-30T17:30:00+08:00,2022-06-30T18:00:00+08:00,2022-07-01T09:30:00+08:00
2022-06-30,FIX019,0.9011652993,-0.419431502,1.476861431,3962.57405,0.101214361,0.009300718159,2022-06-30T17:30:00+08:00,2022-06-30T18:00:00+08:00,2022-07-01T09:30:00+08:00
2022-06-30,FIX020,2.89665463,-0.23659589,1.128999926,16406.00541,-0.0071453626,0.009300718159,2022-06-30T17:30:00+08:00,2022-06-30T18:00:00+08:00,2022-07-01T09:30:00+08:00
2022-06-30,FIX021,2.895121659,-1.471167765,-0.03220333924,144314.5278,0.04259627144,0.009300718159,2022-06-30T17:30:00+08:00,2022-06-30T18:00:00+08:00,2022-07-01T09:30:00+08:00
2022-06-30,FIX022,2.562785578,0.8014819851,-0.2191832939,8228.181389,0.05741338658,0.009300718159,2022-06-30T17:30:00+08:00,2022-06-30T18:00:00+08:00,2022-07-01T09:30:00+08:00
2022-06-30,FIX023,-0.5794885015,-1.447483663,0.9217306606,13001.65588,0.02342631026,0.009300718159,2022-06-30T17:30:00+08:00,2022-06-30T18:00:00+08:00,2022-07-01T09:30:00+08:00
2022-06-30,FIX024,1.801562171,-0.5502690831,0.6697271244,17258.0796,0.02395262649,0.009300718159,2022-06-30T17:30:00+08:00,2022-06-30T18:00:00+08:00,2022-07-01T09:30:00+08:00
2022-06-30,FIX025,1.651100809,-1.227858377,1.817897988,120195.3642,-0.07147782394,0.009300718159,2022-06-30T17:30:00+08:00,2022-06-30T18:00:00+08:00,2022-07-01T09:30:00+08:00
2022-06-30,FIX026,3.341655658,-2.536827906,1.536036771,30283.40406,-0.05857351233,0.009300718159,2022-06-30T17:30:00+08:00,2022-06-30T18:00:00+08:00,2022-07-01T09:30:00+08:00
2022-06-30,FIX027,0.02821164642,-1.759152397,0.06643110514,4056.675271,0.02794641953,0.009300718159,2022-06-30T17:30:00+08:00,2022-06-30T18:00:00+08:00,2022-07-01T09:30:00+08:00
2022-06-30,FIX028,1.434189598,-1.699169538,0.3019701548,2987.470742,0.03854430075,0.009300718159,2022-06-30T17:30:00+08:00,2022-06-30T18:00:00+08:00,2022-07-01T09:30:00+08:00
2022-06-30,FIX029,-0.4322124954,-1.635742355,1.06602992,22574.54764,0.01076780516,0.009300718159,2022-06-30T17:30:00+08:00,2022-06-30T18:00:00+08:00,2022-07-01T09:30:00+08:00
2022-06-30,FIX030,1.26422239,-0.09376439156,0.7566755027,21611.68256,-0.01935496395,0.009300718159,2022-06-30T17:30:00+08:00,2022-06-30T18:00:00+08:00,2022-07-01T09:30:00+08:00
2022-06-30,FIX031,0.4257928234,0.8721964648,-2.84582329,2776.381391,-0.04256236363,0.009300718159,2022-06-30T17:30:00+08:00,2022-06-30T18:00:00+08:00,2022-07-01T09:30:00+08:00
2022-06-30,FIX032,2.370052651,-0.7168859512,-1.359333267,34112.83742,-0.0649804951,0.009300718159,2022-06-30T17:30:00+08:00,2022-06-30T18:00:00+08:00,2022-07-01T09:30:00+08:00
2022-06-30,FIX033,1.930003065,0.9581560016,0.9517601733,17939.33983,0.07319351874,0.009300718159,2022-06-30T17:30:00+08:00,2022-06-30T18:00:00+08:00,2022-07-01T09:30:00+08:00
2022-06-30,FIX034,2.554805897,-1.128544559,0.7373135322,117960.5492,-0.03443669739,0.009300718159,2022-06-30T17:30:00+08:00,2022-06-30T18:00:00+08:00,2022-07-01T09:30:00+08:00
2022-06-30,FIX035,2.753868341,-1.488626277,0.4094503929,24244.61409,-0.01557708459,0.009300718159,2022-06-30T17:30:00+08:00,2022-06-30T18:00:00+08:00,2022-07-01T09:30:00+08:00
2022-06-30,FIX036,1.194530742,0.5678322588,0.9325658331,14525.93815,-0.03994715623,0.009300718159,2022-06-30T17:30:00+08:00,2022-06-30T18:00:00+08:00,2022-07-01T09:30:00+08:00
2022-06-30,FIX037,2.464862568,-1.026432233,0.2950141848,9677.336631,-0.009399538426,0.009300718159,2022-06-30T17:30:00+08:00,2022-06-30T18:00:00+08:00,2022-07-01T09:30:00+08:00
2022-06-30,FIX038,1.835463847,-0.2986314675,1.770398114,39226.65257,-0.008164293784,0.009300718159,2022-06-30T17:30:00+08:00,2022-06-30T18:00:00+08:00,2022-07-01T09:30:00+08:00
2022-06-30,FIX039,3.383129194,-1.470981113,0.6913578396,68749.51147,-0.01649750845,0.009300718159,2022-06-30T17:30:00+08:00,2022-06-30T18:00:00+08:00,2022-07-01T09:30:00+08:00
2022-07-31,FIX000,3.191403762,-1.217900704,0.8281556194,66177.53817,-0.04323858982,-0.02082853531,2022-07-31T17:30:00+08:00,2022-07-31T18:00:00+08:00,2022-08-01T09:30:00+08:00
2022-07-31,FIX001,2.442371167,-1.604559197,3.118664458,77856.45689,0.04335968473,-0.02082853531,2022-07-31T17:30:00+08:00,2022-07-31T18:00:00+08:00,2022-08-01T09:30:00+08:00
2022-07-31,FIX002,1.003890039,-1.215361364,0.624065937,6191.243569,-0.03378868859,-0.02082853531,2022-07-31T17:30:00+08:00,2022-07-31T18:00:00+08:00,2022-08-01T09:30:00+08:00
2022-07-31,FIX003,3.709389137,-1.097263449,0.613888851,42584.88469,0.07887241422,-0.02082853531,2022-07-31T17:30:00+08:00,2022-07-31T18:00:00+08:00,2022-08-01T09:30:00+08:00
2022-07-31,FIX004,1.803910702,0.4156512992,-2.004540028,29628.07578,0.02673326538,-0.02082853531,2022-07-31T17:30:00+08:00,2022-07-31T18:00:00+08:00,2022-08-01T09:30:00+08:00
2022-07-31,FIX005,0.6395913672,-0.6352043645,-0.6272606531,4863.142401,-0.00818605532,-0.02082853531,2022-07-31T17:30:00+08:00,2022-07-31T18:00:00+08:00,2022-08-01T09:30:00+08:00
2022-07-31,FIX006,0.655135188,-1.306935959,1.603828291,17734.23818,-0.05380964387,-0.02082853531,2022-07-31T17:30:00+08:00,2022-07-31T18:00:00+08:00,2022-08-01T09:30:00+08:00
2022-07-31,FIX007,1.172109161,-0.6034699305,0.4688069575,6883.543975,-0.03453843065,-0.02082853531,2022-07-31T17:30:00+08:00,2022-07-31T18:00:00+08:00,2022-08-01T09:30:00+08:00
2022-07-31,FIX008,0.9899901484,-0.227107396,0.5175771619,16572.06688,-0.03302043211,-0.02082853531,2022-07-31T17:30:00+08:00,2022-07-31T18:00:00+08:00,2022-08-01T09:30:00+08:00
2022-07-31,FIX009,2.015521391,-0.11443704,1.026933592,13739.9899,0.01823867131,-0.02082853531,2022-07-31T17:30:00+08:00,2022-07-31T18:00:00+08:00,2022-08-01T09:30:00+08:00
2022-07-31,FIX010,3.041939611,-3.442386542,-1.693512517,47765.03879,0.003951634329,-0.02082853531,2022-07-31T17:30:00+08:00,2022-07-31T18:00:00+08:00,2022-08-01T09:30:00+08:00
2022-07-31,FIX011,2.051217153,0.04499876447,0.1740170158,167212.1085,0.02765306611,-0.02082853531,2022-07-31T17:30:00+08:00,2022-07-31T18:00:00+08:00,2022-08-01T09:30:00+08:00
2022-07-31,FIX012,1.962117727,-0.6089081359,0.03104035238,21454.8451,0.009599255013,-0.02082853531,2022-07-31T17:30:00+08:00,2022-07-31T18:00:00+08:00,2022-08-01T09:30:00+08:00
2022-07-31,FIX013,1.608976949,0.6361495137,0.4707655739,12928.40969,0.02804983933,-0.02082853531,2022-07-31T17:30:00+08:00,2022-07-31T18:00:00+08:00,2022-08-01T09:30:00+08:00
2022-07-31,FIX014,2.237451245,-1.944110037,2.505922017,28264.68312,-0.07649730138,-0.02082853531,2022-07-31T17:30:00+08:00,2022-07-31T18:00:00+08:00,2022-08-01T09:30:00+08:00
2022-07-31,FIX015,-0.0888553021,-2.090715693,1.779609088,8644.768211,-0.01128446957,-0.02082853531,2022-07-31T17:30:00+08:00,2022-07-31T18:00:00+08:00,2022-08-01T09:30:00+08:00
2022-07-31,FIX016,1.532464697,-2.312771348,0.8649757308,14368.81249,-0.00695101122,-0.02082853531,2022-07-31T17:30:00+08:00,2022-07-31T18:00:00+08:00,2022-08-01T09:30:00+08:00
2022-07-31,FIX017,1.923317629,0.1712939083,1.036955075,19603.05798,-0.07829348288,-0.02082853531,2022-07-31T17:30:00+08:00,2022-07-31T18:00:00+08:00,2022-08-01T09:30:00+08:00
2022-07-31,FIX018,0.04660028651,-1.0462086,-0.5473245537,1907.967836,-0.01140181136,-0.02082853531,2022-07-31T17:30:00+08:00,2022-07-31T18:00:00+08:00,2022-08-01T09:30:00+08:00
2022-07-31,FIX019,2.703362219,0.04042043685,1.531620076,35807.55712,-0.0002582035921,-0.02082853531,2022-07-31T17:30:00+08:00,2022-07-31T18:00:00+08:00,2022-08-01T09:30:00+08:00
2022-07-31,FIX020,2.672148209,-0.8491942427,1.334474537,15742.09873,0.006721387861,-0.02082853531,2022-07-31T17:30:00+08:00,2022-07-31T18:00:00+08:00,2022-08-01T09:30:00+08:00
2022-07-31,FIX021,2.596519733,-0.9313835119,0.6562563798,33489.72132,0.00136128412,-0.02082853531,2022-07-31T17:30:00+08:00,2022-07-31T18:00:00+08:00,2022-08-01T09:30:00+08:00
2022-07-31,FIX022,1.986928639,-0.09974527501,0.3386852844,5441.883293,0.003121362728,-0.02082853531,2022-07-31T17:30:00+08:00,2022-07-31T18:00:00+08:00,2022-08-01T09:30:00+08:00
2022-07-31,FIX023,-0.6674714068,-1.584156469,0.3757293052,10460.92042,0.004512579089,-0.02082853531,2022-07-31T17:30:00+08:00,2022-07-31T18:00:00+08:00,2022-08-01T09:30:00+08:00
2022-07-31,FIX024,1.70263409,0.5353142916,1.485925574,29641.48833,0.03203023425,-0.02082853531,2022-07-31T17:30:00+08:00,2022-07-31T18:00:00+08:00,2022-08-01T09:30:00+08:00
2022-07-31,FIX025,2.114978443,-1.568834079,1.418357,60257.12921,-0.01671894073,-0.02082853531,2022-07-31T17:30:00+08:00,2022-07-31T18:00:00+08:00,2022-08-01T09:30:00+08:00
2022-07-31,FIX026,3.51504578,-2.136620402,1.961887117,9952.88283,-0.01536423538,-0.02082853531,2022-07-31T17:30:00+08:00,2022-07-31T18:00:00+08:00,2022-08-01T09:30:00+08:00
2022-07-31,FIX027,-0.06594021581,-1.928142133,0.2344744328,18465.86313,-0.06053534272,-0.02082853531,2022-07-31T17:30:00+08:00,2022-07-31T18:00:00+08:00,2022-08-01T09:30:00+08:00
2022-07-31,FIX028,1.582855724,-2.261377869,-0.4024949292,19654.57019,0.01387058082,-0.02082853531,2022-07-31T17:30:00+08:00,2022-07-31T18:00:00+08:00,2022-08-01T09:30:00+08:00
2022-07-31,FIX029,0.6659704957,-2.781483889,0.4200887774,25408.78669,-0.02261017643,-0.02082853531,2022-07-31T17:30:00+08:00,2022-07-31T18:00:00+08:00,2022-08-01T09:30:00+08:00
2022-07-31,FIX030,2.639317173,0.1281839237,0.4057883256,6895.254215,-0.01129897585,-0.02082853531,2022-07-31T17:30:00+08:00,2022-07-31T18:00:00+08:00,2022-08-01T09:30:00+08:00
2022-07-31,FIX031,1.722140347,0.4676313928,-1.712627742,6328.358195,-0.01662757233,-0.02082853531,2022-07-31T17:30:00+08:00,2022-07-31T18:00:00+08:00,2022-08-01T09:30:00+08:00
2022-07-31,FIX032,2.478611302,-1.182040779,0.3279092517,46714.43281,-0.04965469777,-0.02082853531,2022-07-31T17:30:00+08:00,2022-07-31T18:00:00+08:00,2022-08-01T09:30:00+08:00
2022-07-31,FIX033,1.932487577,-0.1970776604,0.08070106575,9693.170541,0.0254741629,-0.02082853531,2022-07-31T17:30:00+08:00,2022-07-31T18:00:00+08:00,2022-08-01T09:30:00+08:00
2022-07-31,FIX034,2.36915462,-1.189407086,0.6002141834,30164.4659,-0.01790701776,-0.02082853531,2022-07-31T17:30:00+08:00,2022-07-31T18:00:00+08:00,2022-08-01T09:30:00+08:00
2022-07-31,FIX035,2.00967853,-1.033984502,1.202003194,21596.42991,0.01334105494,-0.02082853531,2022-07-31T17:30:00+08:00,2022-07-31T18:00:00+08:00,2022-08-01T09:30:00+08:00
2022-07-31,FIX036,1.382986818,0.5301872024,1.193818016,24326.32563,0.001617656487,-0.02082853531,2022-07-31T17:30:00+08:00,2022-07-31T18:00:00+08:00,2022-08-01T09:30:00+08:00
2022-07-31,FIX037,1.814196092,-0.8154548283,0.2239975569,17853.31532,0.05958332489,-0.02082853531,2022-07-31T17:30:00+08:00,2022-07-31T18:00:00+08:00,2022-08-01T09:30:00+08:00
2022-07-31,FIX038,1.398084497,-0.5060433615,2.22239404,20125.93097,0.03892994708,-0.02082853531,2022-07-31T17:30:00+08:00,2022-07-31T18:00:00+08:00,2022-08-01T09:30:00+08:00
2022-07-31,FIX039,2.112663006,-1.285339458,1.176912771,14831.23583,-0.03574154992,-0.02082853531,2022-07-31T17:30:00+08:00,2022-07-31T18:00:00+08:00,2022-08-01T09:30:00+08:00
2022-08-31,FIX000,2.606961634,-0.161113139,0.908866018,22361.3705,-0.01090799726,-0.02530466666,2022-08-31T17:30:00+08:00,2022-08-31T18:00:00+08:00,2022-09-01T09:30:00+08:00
2022-08-31,FIX001,2.912600722,-0.9025602321,2.504642249,17962.58777,-0.03430087657,-0.02530466666,2022-08-31T17:30:00+08:00,2022-08-31T18:00:00+08:00,2022-09-01T09:30:00+08:00
2022-08-31,FIX002,0.5169639143,-1.843156391,1.57094387,69296.45284,0.01897349466,-0.02530466666,2022-08-31T17:30:00+08:00,2022-08-31T18:00:00+08:00,2022-09-01T09:30:00+08:00
2022-08-31,FIX003,3.533923102,-0.1538645202,0.2632755228,29153.89685,0.008547624333,-0.02530466666,2022-08-31T17:30:00+08:00,2022-08-31T18:00:00+08:00,2022-09-01T09:30:00+08:00
2022-08-31,FIX004,1.495212088,-0.9328314998,-1.353953819,17968.05593,0.01110278974,-0.02530466666,2022-08-31T17:30:00+08:00,2022-08-31T18:00:00+08:00,2022-09-01T09:30:00+08:00
2022-08-31,FIX005,1.364437766,-0.8072729231,-0.7072384606,18744.88327,0.01073940305,-0.02530466666,2022-08-31T17:30:00+08:00,2022-08-31T18:00:00+08:00,2022-09-01T09:30:00+08:00
2022-08-31,FIX006,-0.1925483849,-1.749287731,1.274222418,17423.09818,0.02731163017,-0.02530466666,2022-08-31T17:30:00+08:00,2022-08-31T18:00:00+08:00,2022-09-01T09:30:00+08:00
2022-08-31,FIX007,1.410431655,-0.6761996914,1.057413368,44436.00807,0.03446270125,-0.02530466666,2022-08-31T17:30:00+08:00,2022-08-31T18:00:00+08:00,2022-09-01T09:30:00+08:00
2022-08-31,FIX008,1.396757933,0.2067232445,1.100507243,39740.63799,0.01387691035,-0.02530466666,2022-08-31T17:30:00+08:00,2022-08-31T18:00:00+08:00,2022-09-01T09:30:00+08:00
2022-08-31,FIX009,2.387855398,-0.4710464995,0.4063691704,15057.23384,0.03711042086,-0.02530466666,2022-08-31T17:30:00+08:00,2022-08-31T18:00:00+08:00,2022-09-01T09:30:00+08:00
2022-08-31,FIX010,3.129209665,-3.545856061,-3.298754855,5051.485484,0.05536870775,-0.02530466666,2022-08-31T17:30:00+08:00,2022-08-31T18:00:00+08:00,2022-09-01T09:30:00+08:00
2022-08-31,FIX011,1.243848983,-0.5239588189,0.4169985718,668.4734442,-0.001750094903,-0.02530466666,2022-08-31T17:30:00+08:00,2022-08-31T18:00:00+08:00,2022-09-01T09:30:00+08:00
2022-08-31,FIX012,1.963722597,-1.865965891,1.388581071,71532.39181,0.007546274918,-0.02530466666,2022-08-31T17:30:00+08:00,2022-08-31T18:00:00+08:00,2022-09-01T09:30:00+08:00
2022-08-31,FIX013,1.757308973,0.297512801,1.559098711,9151.948086,0.1160262469,-0.02530466666,2022-08-31T17:30:00+08:00,2022-08-31T18:00:00+08:00,2022-09-01T09:30:00+08:00
2022-08-31,FIX014,2.774988728,-1.492719264,3.411683849,13527.24987,-0.01060986774,-0.02530466666,2022-08-31T17:30:00+08:00,2022-08-31T18:00:00+08:00,2022-09-01T09:30:00+08:00
2022-08-31,FIX015,-0.7516110844,-0.8200755193,1.181430065,16524.30064,-0.0193745607,-0.02530466666,2022-08-31T17:30:00+08:00,2022-08-31T18:00:00+08:00,2022-09-01T09:30:00+08:00
2022-08-31,FIX016,0.8488930498,-2.37625273,1.30319023,69427.43706,-0.01719851259,-0.02530466666,2022-08-31T17:30:00+08:00,2022-08-31T18:00:00+08:00,2022-09-01T09:30:00+08:00
2022-08-31,FIX017,2.502452259,0.06177376523,0.5971731152,88831.79033,0.02026407188,-0.02530466666,2022-08-31T17:30:00+08:00,2022-08-31T18:00:00+08:00,2022-09-01T09:30:00+08:00
2022-08-31,FIX018,0.6896898721,-2.094046168,0.6009199927,13062.11582,0.003547807139,-0.02530466666,2022-08-31T17:30:00+08:00,2022-08-31T18:00:00+08:00,2022-09-01T09:30:00+08:00
2022-08-31,FIX019,0.7835880021,-0.5654439715,1.728491456,3814.715832,0.005628283709,-0.02530466666,2022-08-31T17:30:00+08:00,2022-08-31T18:00:00+08:00,2022-09-01T09:30:00+08:00
2022-08-31,FIX020,2.269371123,-1.017962625,0.891789669,7571.49629,-0.03498332409,-0.02530466666,2022-08-31T17:30:00+08:00,2022-08-31T18:00:00+08:00,2022-09-01T09:30:00+08:00
2022-08-31,FIX021,2.01231278,-1.391920028,0.709992687,55370.42563,0.02078803923,-0.02530466666,2022-08-31T17:30:00+08:00,2022-08-31T18:00:00+08:00,2022-09-01T09:30:00+08:00
2022-08-31,FIX022,0.4972906461,-0.0225498676,0.7642726542,3574.903201,0.03484394535,-0.02530466666,2022-08-31T17:30:00+08:00,2022-08-31T18:00:00+08:00,2022-09-01T09:30:00+08:00
2022-08-31,FIX023,-0.2999560764,-0.4844906304,0.2116038664,4283.554894,-0.02246576205,-0.02530466666,2022-08-31T17:30:00+08:00,2022-08-31T18:00:00+08:00,2022-09-01T09:30:00+08:00
2022-08-31,FIX024,2.245081378,1.207924531,1.032574601,25524.17156,0.04779490217,-0.02530466666,2022-08-31T17:30:00+08:00,2022-08-31T18:00:00+08:00,2022-09-01T09:30:00+08:00
2022-08-31,FIX025,2.629157188,-1.220035811,2.139249791,7263.712939,0.04296452682,-0.02530466666,2022-08-31T17:30:00+08:00,2022-08-31T18:00:00+08:00,2022-09-01T09:30:00+08:00
2022-08-31,FIX026,2.5496129,-2.171792508,1.909693779,24569.24321,0.03320965293,-0.02530466666,2022-08-31T17:30:00+08:00,2022-08-31T18:00:00+08:00,2022-09-01T09:30:00+08:00
2022-08-31,FIX027,0.5927845906,-2.163857297,-0.6321704411,39425.43538,0.01177366798,-0.02530466666,2022-08-31T17:30:00+08:00,2022-08-31T18:00:00+08:00,2022-09-01T09:30:00+08:00
2022-08-31,FIX028,1.689891962,-1.260110365,-0.1312882645,32112.31859,0.001271494295,-0.02530466666,2022-08-31T17:30:00+08:00,2022-08-31T18:00:00+08:00,2022-09-01T09:30:00+08:00
2022-08-31,FIX029,1.240886187,-2.845675882,0.03122763484,80835.60808,-0.03274865298,-0.02530466666,2022-08-31T17:30:00+08:00,2022-08-31T18:00:00+08:00,2022-09-01T09:30:00+08:00
2022-08-31,FIX030,3.062089139,-0.978805337,0.4834057006,29092.72824,0.05421131625,-0.02530466666,2022-08-31T17:30:00+08:00,2022-08-31T18:00:00+08:00,2022-09-01T09:30:00+08:00
2022-08-31,FIX031,2.249674936,0.2367269628,-0.6761631021,33999.86795,0.03132432647,-0.02530466666,2022-08-31T17:30:00+08:00,2022-08-31T18:00:00+08:00,2022-09-01T09:30:00+08:00
2022-08-31,FIX032,2.769751715,-1.686671897,0.03140128938,8988.371689,-0.02101198053,-0.02530466666,2022-08-31T17:30:00+08:00,2022-08-31T18:00:00+08:00,2022-09-01T09:30:00+08:00
2022-08-31,FIX033,2.513166951,-0.726038192,0.6797437703,24846.6551,0.0267613921,-0.02530466666,2022-08-31T17:30:00+08:00,2022-08-31T18:00:00+08:00,2022-09-01T09:30:00+08:00
2022-08-31,FIX034,2.432384746,-1.193845748,-0.03237393174,37460.28747,0.006116673434,-0.02530466666,2022-08-31T17:30:00+08:00,2022-08-31T18:00:00+08:00,2022-09-01T09:30:00+08:00
2022-08-31,FIX035,1.599385078,-0.07995834235,-0.1148382428,10137.72582,-0.002120858019,-0.02530466666,2022-08-31T17:30:00+08:00,2022-08-31T18:00:00+08:00,2022-09-01T09:30:00+08:00
2022-08-31,FIX036,2.555926416,-0.2232931979,0.5153542539,35087.22195,-0.0310421742,-0.02530466666,2022-08-31T17:30:00+08:00,2022-08-31T18:00:00+08:00,2022-09-01T09:30:00+08:00
2022-08-31,FIX037,1.750945384,-0.6461316179,-0.3877058238,10234.10723,0.01212383888,-0.02530466666,2022-08-31T17:30:00+08:00,2022-08-31T18:00:00+08:00,2022-09-01T09:30:00+08:00
2022-08-31,FIX038,1.558010316,-0.1903250111,1.177138027,16445.54424,0.04496254009,-0.02530466666,2022-08-31T17:30:00+08:00,2022-08-31T18:00:00+08:00,2022-09-01T09:30:00+08:00
2022-08-31,FIX039,1.92274976,-0.8520350451,1.240638166,10483.66629,-0.01746243655,-0.02530466666,2022-08-31T17:30:00+08:00,2022-08-31T18:00:00+08:00,2022-09-01T09:30:00+08:00
2022-09-30,FIX000,3.275691936,-0.6398676328,0.5229975279,33461.5696,0.02339536646,-0.01198004343,2022-09-30T17:30:00+08:00,2022-09-30T18:00:00+08:00,2022-10-03T09:30:00+08:00
2022-09-30,FIX001,2.099459881,-0.711025234,3.157261412,9570.267579,0.01433202657,-0.01198004343,2022-09-30T17:30:00+08:00,2022-09-30T18:00:00+08:00,2022-10-03T09:30:00+08:00
2022-09-30,FIX002,0.6672061711,-1.90193485,1.111356071,184324.806,0.02025058666,-0.01198004343,2022-09-30T17:30:00+08:00,2022-09-30T18:00:00+08:00,2022-10-03T09:30:00+08:00
2022-09-30,FIX003,2.628350302,0.5960514007,0.2763157331,27995.12554,-0.005203097946,-0.01198004343,2022-09-30T17:30:00+08:00,2022-09-30T18:00:00+08:00,2022-10-03T09:30:00+08:00
2022-09-30,FIX004,0.9691448924,-1.065863743,-1.066826598,11881.49313,-0.006773595532,-0.01198004343,2022-09-30T17:30:00+08:00,2022-09-30T18:00:00+08:00,2022-10-03T09:30:00+08:00
2022-09-30,FIX005,0.7484704104,-0.4790201744,-0.09878670709,18212.58109,0.0001042888695,-0.01198004343,2022-09-30T17:30:00+08:00,2022-09-30T18:00:00+08:00,2022-10-03T09:30:00+08:00
2022-09-30,FIX006,0.08411858295,-0.7518345937,0.3642798262,11052.36727,0.0441699888,-0.01198004343,2022-09-30T17:30:00+08:00,2022-09-30T18:00:00+08:00,2022-10-03T09:30:00+08:00
2022-09-30,FIX007,1.238486728,0.05613527759,1.283032874,25588.06697,0.06592225581,-0.01198004343,2022-09-30T17:30:00+08:00,2022-09-30T18:00:00+08:00,2022-10-03T09:30:00+08:00
2022-09-30,FIX008,1.190650985,0.2840427375,1.264227882,13360.36675,0.06078823029,-0.01198004343,2022-09-30T17:30:00+08:00,2022-09-30T18:00:00+08:00,2022-10-03T09:30:00+08:00
2022-09-30,FIX009,2.047226972,-1.450999376,0.6396800669,19973.28617,-0.07099513959,-0.01198004343,2022-09-30T17:30:00+08:00,2022-09-30T18:00:00+08:00,2022-10-03T09:30:00+08:00
2022-09-30,FIX010,2.391148955,-2.684678868,-3.202518527,10465.38237,-0.06530895315,-0.01198004343,2022-09-30T17:30:00+08:00,2022-09-30T18:00:00+08:00,2022-10-03T09:30:00+08:00
2022-09-30,FIX011,2.204744786,-1.020211478,0.2229113995,75429.10571,-0.03027771738,-0.01198004343,2022-09-30T17:30:00+08:00,2022-09-30T18:00:00+08:00,2022-10-03T09:30:00+08:00
2022-09-30,FIX012,2.187623411,-1.892384468,1.362673697,49829.11212,0.01656951126,-0.01198004343,2022-09-30T17:30:00+08:00,2022-09-30T18:00:00+08:00,2022-10-03T09:30:00+08:00
2022-09-30,FIX013,2.533029707,-0.2723638438,1.317911672,11169.97316,-0.01056406538,-0.01198004343,2022-09-30T17:30:00+08:00,2022-09-30T18:00:00+08:00,2022-10-03T09:30:00+08:00
2022-09-30,FIX014,2.381637699,-1.602870961,2.965712302,20518.57528,0.01796878999,-0.01198004343,2022-09-30T17:30:00+08:00,2022-09-30T18:00:00+08:00,2022-10-03T09:30:00+08:00
2022-09-30,FIX015,-1.527889949,-1.332019039,2.064671547,24910.62172,0.01097690001,-0.01198004343,2022-09-30T17:30:00+08:00,2022-09-30T18:00:00+08:00,2022-10-03T09:30:00+08:00
2022-09-30,FIX016,0.567909231,-2.424755775,0.9017640256,10832.55657,-0.05556688968,-0.01198004343,2022-09-30T17:30:00+08:00,2022-09-30T18:00:00+08:00,2022-10-03T09:30:00+08:00
2022-09-30,FIX017,2.964253617,-0.134209687,-0.6676799785,26066.46662,-0.06698706518,-0.01198004343,2022-09-30T17:30:00+08:00,2022-09-30T18:00:00+08:00,2022-10-03T09:30:00+08:00
2022-09-30,FIX018,-0.08198823254,-2.154811495,0.8690635186,7124.732108,0.006005892795,-0.01198004343,2022-09-30T17:30:00+08:00,2022-09-30T18:00:00+08:00,2022-10-03T09:30:00+08:00
2022-09-30,FIX019,0.6439049305,-0.0596676919,1.208333992,2676.422222,-0.01283606898,-0.01198004343,2022-09-30T17:30:00+08:00,2022-09-30T18:00:00+08:00,2022-10-03T09:30:00+08:00
2022-09-30,FIX020,2.650343777,-0.3969487768,1.276439341,17649.56641,-0.006698535553,-0.01198004343,2022-09-30T17:30:00+08:00,2022-09-30T18:00:00+08:00,2022-10-03T09:30:00+08:00
2022-09-30,FIX021,2.308202325,-1.097870727,1.037985244,16414.853,0.01691431991,-0.01198004343,2022-09-30T17:30:00+08:00,2022-09-30T18:00:00+08:00,2022-10-03T09:30:00+08:00
2022-09-30,FIX022,-0.1020286109,-0.4289444142,0.941094616,13784.06294,0.001554194036,-0.01198004343,2022-09-30T17:30:00+08:00,2022-09-30T18:00:00+08:00,2022-10-03T09:30:00+08:00
2022-09-30,FIX023,0.5090444781,-0.3658198559,1.112673112,28763.06109,0.02849127419,-0.01198004343,2022-09-30T17:30:00+08:00,2022-09-30T18:00:00+08:00,2022-10-03T09:30:00+08:00
2022-09-30,FIX024,2.670995666,1.321697785,1.063940675,72568.45879,0.019790624,-0.01198004343,2022-09-30T17:30:00+08:00,2022-09-30T18:00:00+08:00,2022-10-03T09:30:00+08:00
2022-09-30,FIX025,1.759393018,-0.9878361939,2.45046877,2915.755812,-0.02189943617,-0.01198004343,2022-09-30T17:30:00+08:00,2022-09-30T18:00:00+08:00,2022-10-03T09:30:00+08:00
2022-09-30,FIX026,2.855523899,-1.804670118,1.493727632,19777.33922,0.02557419013,-0.01198004343,2022-09-30T17:30:00+08:00,2022-09-30T18:00:00+08:00,2022-10-03T09:30:00+08:00
2022-09-30,FIX027,-0.1317735113,-2.633921759,-1.143750919,7776.63807,0.03614516529,-0.01198004343,2022-09-30T17:30:00+08:00,2022-09-30T18:00:00+08:00,2022-10-03T09:30:00+08:00
2022-09-30,FIX028,1.424522583,-1.229996968,0.5736882019,13303.90744,-0.04338231736,-0.01198004343,2022-09-30T17:30:00+08:00,2022-09-30T18:00:00+08:00,2022-10-03T09:30:00+08:00
2022-09-30,FIX029,0.7187022246,-2.830861715,-0.558816182,59070.25569,-0.03166203913,-0.01198004343,2022-09-30T17:30:00+08:00,2022-09-30T18:00:00+08:00,2022-10-03T09:30:00+08:00
2022-09-30,FIX030,2.345239937,-1.272679955,0.7999192961,20696.66271,0.04305802381,-0.01198004343,2022-09-30T17:30:00+08:00,2022-09-30T18:00:00+08:00,2022-10-03T09:30:00+08:00
2022-09-30,FIX031,3.124748244,-0.8179908398,0.02111152638,30878.50113,0.007088402408,-0.01198004343,2022-09-30T17:30:00+08:00,2022-09-30T18:00:00+08:00,2022-10-03T09:30:00+08:00
2022-09-30,FIX032,2.105555167,-2.30702062,0.1798401093,6225.64342,0.04050172256,-0.01198004343,2022-09-30T17:30:00+08:00,2022-09-30T18:00:00+08:00,2022-10-03T09:30:00+08:00
2022-09-30,FIX033,2.260993305,-0.424337299,1.793127564,33540.02082,-0.0360065918,-0.01198004343,2022-09-30T17:30:00+08:00,2022-09-30T18:00:00+08:00,2022-10-03T09:30:00+08:00
2022-09-30,FIX034,2.339257525,-1.067145282,0.1126000167,19423.67195,0.02521668003,-0.01198004343,2022-09-30T17:30:00+08:00,2022-09-30T18:00:00+08:00,2022-10-03T09:30:00+08:00
2022-09-30,FIX035,2.80124654,-0.458766445,-0.0121552814,93156.55529,-0.04963321041,-0.01198004343,2022-09-30T17:30:00+08:00,2022-09-30T18:00:00+08:00,2022-10-03T09:30:00+08:00
2022-09-30,FIX036,1.737178179,-0.9764126604,1.106972249,25051.9391,0.03033193404,-0.01198004343,2022-09-30T17:30:00+08:00,2022-09-30T18:00:00+08:00,2022-10-03T09:30:00+08:00
2022-09-30,FIX037,1.850466548,-2.436091465,0.7794459205,159118.538,0.03107256792,-0.01198004343,2022-09-30T17:30:00+08:00,2022-09-30T18:00:00+08:00,2022-10-03T09:30:00+08:00
2022-09-30,FIX038,1.024631568,0.2704358304,1.685513321,8524.217418,-0.0530826255,-0.01198004343,2022-09-30T17:30:00+08:00,2022-09-30T18:00:00+08:00,2022-10-03T09:30:00+08:00
2022-09-30,FIX039,1.624458306,-0.6856303523,0.6415038082,6535.804191,-0.03514895478,-0.01198004343,2022-09-30T17:30:00+08:00,2022-09-30T18:00:00+08:00,2022-10-03T09:30:00+08:00
2022-10-31,FIX000,2.823359212,-0.3610868,0.9700012925,11695.2692,0.0897579458,-0.008946544807,2022-10-31T17:30:00+08:00,2022-10-31T18:00:00+08:00,2022-11-01T09:30:00+08:00
2022-10-31,FIX001,1.575442763,-1.246158639,2.813511823,60825.14734,0.04311696746,-0.008946544807,2022-10-31T17:30:00+08:00,2022-10-31T18:00:00+08:00,2022-11-01T09:30:00+08:00
2022-10-31,FIX002,1.857190319,-1.248276984,0.7238792507,89830.83407,0.01167463733,-0.008946544807,2022-10-31T17:30:00+08:00,2022-10-31T18:00:00+08:00,2022-11-01T09:30:00+08:00
2022-10-31,FIX003,3.116116622,0.909986359,-0.3152451461,21711.22608,-0.04267889093,-0.008946544807,2022-10-31T17:30:00+08:00,2022-10-31T18:00:00+08:00,2022-11-01T09:30:00+08:00
2022-10-31,FIX004,1.154058382,-1.364625482,0.3675790418,4083.942674,-0.03931705872,-0.008946544807,2022-10-31T17:30:00+08:00,2022-10-31T18:00:00+08:00,2022-11-01T09:30:00+08:00
2022-10-31,FIX005,1.260318673,-0.1150725286,0.07049680054,21067.32812,-0.02943116633,-0.008946544807,2022-10-31T17:30:00+08:00,2022-10-31T18:00:00+08:00,2022-11-01T09:30:00+08:00
2022-10-31,FIX006,0.6583877061,-1.159050003,0.2200097309,27121.66306,0.02223786699,-0.008946544807,2022-10-31T17:30:00+08:00,2022-10-31T18:00:00+08:00,2022-11-01T09:30:00+08:00
2022-10-31,FIX007,0.04843971837,0.07999523686,0.7694078194,5757.832484,0.07969800485,-0.008946544807,2022-10-31T17:30:00+08:00,2022-10-31T18:00:00+08:00,2022-11-01T09:30:00+08:00
2022-10-31,FIX008,0.4898263768,1.038165971,1.101954331,28115.06168,0.01602744107,-0.008946544807,2022-10-31T17:30:00+08:00,2022-10-31T18:00:00+08:00,2022-11-01T09:30:00+08:00
2022-10-31,FIX009,1.727004408,-1.272791785,1.430412072,23812.07699,0.009461425048,-0.008946544807,2022-10-31T17:30:00+08:00,2022-10-31T18:00:00+08:00,2022-11-01T09:30:00+08:00
2022-10-31,FIX010,2.788518322,-2.232303368,-3.069702452,20927.57042,0.06524786,-0.008946544807,2022-10-31T17:30:00+08:00,2022-10-31T18:00:00+08:00,2022-11-01T09:30:00+08:00
2022-10-31,FIX011,1.817102445,-0.2872194501,0.4041074474,31267.78906,0.02158722148,-0.008946544807,2022-10-31T17:30:00+08:00,2022-10-31T18:00:00+08:00,2022-11-01T09:30:00+08:00
2022-10-31,FIX012,2.439056666,-0.7737038743,1.98955413,57180.58283,-0.02433940849,-0.008946544807,2022-10-31T17:30:00+08:00,2022-10-31T18:00:00+08:00,2022-11-01T09:30:00+08:00
2022-10-31,FIX013,2.244375978,0.2407231795,1.001616413,17213.96036,0.002459759755,-0.008946544807,2022-10-31T17:30:00+08:00,2022-10-31T18:00:00+08:00,2022-11-01T09:30:00+08:00
2022-10-31,FIX014,0.2903025305,-2.167602283,1.453919539,6143.608771,-0.01651446394,-0.008946544807,2022-10-31T17:30:00+08:00,2022-10-31T18:00:00+08:00,2022-11-01T09:30:00+08:00
2022-10-31,FIX015,-0.4644728843,-1.969867707,1.551500352,20307.99411,-0.1028947694,-0.008946544807,2022-10-31T17:30:00+08:00,2022-10-31T18:00:00+08:00,2022-11-01T09:30:00+08:00
2022-10-31,FIX016,0.27752771,-2.284841906,0.4637850101,43742.43603,0.0426040262,-0.008946544807,2022-10-31T17:30:00+08:00,2022-10-31T18:00:00+08:00,2022-11-01T09:30:00+08:00
2022-10-31,FIX017,2.396831829,-0.6132507777,0.1985498189,51410.68671,0.05120249747,-0.008946544807,2022-10-31T17:30:00+08:00,2022-10-31T18:00:00+08:00,2022-11-01T09:30:00+08:00
2022-10-31,FIX018,1.70928,-1.937427303,1.062028111,11231.17311,-0.01777766447,-0.008946544807,2022-10-31T17:30:00+08:00,2022-10-31T18:00:00+08:00,2022-11-01T09:30:00+08:00
2022-10-31,FIX019,0.5467994503,-0.2407362826,1.01843659,33951.71638,0.06297335016,-0.008946544807,2022-10-31T17:30:00+08:00,2022-10-31T18:00:00+08:00,2022-11-01T09:30:00+08:00
2022-10-31,FIX020,3.021576696,-0.1668587835,1.385614097,10611.80137,0.05295795884,-0.008946544807,2022-10-31T17:30:00+08:00,2022-10-31T18:00:00+08:00,2022-11-01T09:30:00+08:00
2022-10-31,FIX021,2.24955279,-1.199640402,0.3598254432,10670.09087,0.006120632083,-0.008946544807,2022-10-31T17:30:00+08:00,2022-10-31T18:00:00+08:00,2022-11-01T09:30:00+08:00
2022-10-31,FIX022,0.2614866198,-0.3833135869,0.9701846147,42207.25003,-0.02902296166,-0.008946544807,2022-10-31T17:30:00+08:00,2022-10-31T18:00:00+08:00,2022-11-01T09:30:00+08:00
2022-10-31,FIX023,1.608815411,-0.2609099613,1.608417683,16029.3386,0.01078061498,-0.008946544807,2022-10-31T17:30:00+08:00,2022-10-31T18:00:00+08:00,2022-11-01T09:30:00+08:00
2022-10-31,FIX024,1.169632891,1.537079744,1.137033522,2244.725902,0.001869180199,-0.008946544807,2022-10-31T17:30:00+08:00,2022-10-31T18:00:00+08:00,2022-11-01T09:30:00+08:00
2022-10-31,FIX025,1.556028573,-1.553494128,2.196194899,15197.64625,-0.00412911803,-0.008946544807,2022-10-31T17:30:00+08:00,2022-10-31T18:00:00+08:00,2022-11-01T09:30:00+08:00
2022-10-31,FIX026,2.780843241,-1.534211711,1.596646729,83762.2188,-0.07162822315,-0.008946544807,2022-10-31T17:30:00+08:00,2022-10-31T18:00:00+08:00,2022-11-01T09:30:00+08:00
2022-10-31,FIX027,0.8490238473,-2.272638159,-0.395147404,17495.29391,-0.02064948274,-0.008946544807,2022-10-31T17:30:00+08:00,2022-10-31T18:00:00+08:00,2022-11-01T09:30:00+08:00
2022-10-31,FIX028,1.264323324,-1.19741761,0.2847013676,55401.19555,-0.0972288056,-0.008946544807,2022-10-31T17:30:00+08:00,2022-10-31T18:00:00+08:00,2022-11-01T09:30:00+08:00
2022-10-31,FIX029,0.4754589331,-3.803432459,0.1637122106,88447.66608,0.01213940249,-0.008946544807,2022-10-31T17:30:00+08:00,2022-10-31T18:00:00+08:00,2022-11-01T09:30:00+08:00
2022-10-31,FIX030,1.875755135,-2.156095652,0.3905686206,29801.14052,0.004461285077,-0.008946544807,2022-10-31T17:30:00+08:00,2022-10-31T18:00:00+08:00,2022-11-01T09:30:00+08:00
2022-10-31,FIX031,2.872602711,-1.348801624,0.7684138082,6613.065151,-0.0005369246107,-0.008946544807,2022-10-31T17:30:00+08:00,2022-10-31T18:00:00+08:00,2022-11-01T09:30:00+08:00
2022-10-31,FIX032,2.227524981,-2.331283806,-0.05636735545,22279.47308,0.03519480774,-0.008946544807,2022-10-31T17:30:00+08:00,2022-10-31T18:00:00+08:00,2022-11-01T09:30:00+08:00
2022-10-31,FIX033,1.749648333,0.3703215276,2.064522627,17336.73598,0.05930355713,-0.008946544807,2022-10-31T17:30:00+08:00,2022-10-31T18:00:00+08:00,2022-11-01T09:30:00+08:00
2022-10-31,FIX034,2.766373836,-1.089092749,1.190441234,9385.857013,-0.08765081343,-0.008946544807,2022-10-31T17:30:00+08:00,2022-10-31T18:00:00+08:00,2022-11-01T09:30:00+08:00
2022-10-31,FIX035,1.972713736,-0.6318420138,-0.8810706005,16203.57453,-0.04724152087,-0.008946544807,2022-10-31T17:30:00+08:00,2022-10-31T18:00:00+08:00,2022-11-01T09:30:00+08:00
2022-10-31,FIX036,1.486128167,-0.6027449312,0.1510460085,20649.18453,-0.02520091209,-0.008946544807,2022-10-31T17:30:00+08:00,2022-10-31T18:00:00+08:00,2022-11-01T09:30:00+08:00
2022-10-31,FIX037,1.720112834,-1.740113168,1.167715153,22366.03694,0.08003920898,-0.008946544807,2022-10-31T17:30:00+08:00,2022-10-31T18:00:00+08:00,2022-11-01T09:30:00+08:00
2022-10-31,FIX038,1.111405624,-0.1378707721,1.925029423,14848.84446,-0.00626516726,-0.008946544807,2022-10-31T17:30:00+08:00,2022-10-31T18:00:00+08:00,2022-11-01T09:30:00+08:00
2022-10-31,FIX039,1.161251119,-0.899491106,0.7181518813,19473.82152,-0.05642505507,-0.008946544807,2022-10-31T17:30:00+08:00,2022-10-31T18:00:00+08:00,2022-11-01T09:30:00+08:00
2022-11-30,FIX000,3.342421578,-0.6610400225,1.688507146,22224.95707,0.003637194141,-0.01365037612,2022-11-30T17:30:00+08:00,2022-11-30T18:00:00+08:00,2022-12-01T09:30:00+08:00
2022-11-30,FIX001,1.109949556,-1.237751095,1.304195539,15628.56917,0.03849372992,-0.01365037612,2022-11-30T17:30:00+08:00,2022-11-30T18:00:00+08:00,2022-12-01T09:30:00+08:00
2022-11-30,FIX002,2.188297192,-0.7607470023,0.7379252833,3282.558539,0.03937278512,-0.01365037612,2022-11-30T17:30:00+08:00,2022-11-30T18:00:00+08:00,2022-12-01T09:30:00+08:00
2022-11-30,FIX003,2.382645387,-0.2589285718,0.2366174096,38769.37915,-0.05697436932,-0.01365037612,2022-11-30T17:30:00+08:00,2022-11-30T18:00:00+08:00,2022-12-01T09:30:00+08:00
2022-11-30,FIX004,1.010144703,-0.6060834807,0.2932950391,11776.83513,0.04826705761,-0.01365037612,2022-11-30T17:30:00+08:00,2022-11-30T18:00:00+08:00,2022-12-01T09:30:00+08:00
2022-11-30,FIX005,0.3857312925,-0.09934801242,-0.1592585341,9865.11151,-0.06347141354,-0.01365037612,2022-11-30T17:30:00+08:00,2022-11-30T18:00:00+08:00,2022-12-01T09:30:00+08:00
2022-11-30,FIX006,0.1310562623,-1.727958681,1.658850096,26738.37064,0.01485147376,-0.01365037612,2022-11-30T17:30:00+08:00,2022-11-30T18:00:00+08:00,2022-12-01T09:30:00+08:00
2022-11-30,FIX007,0.4660094698,-1.366814242,-0.1889380184,68327.43195,-0.07453479499,-0.01365037612,2022-11-30T17:30:00+08:00,2022-11-30T18:00:00+08:00,2022-12-01T09:30:00+08:00
2022-11-30,FIX008,0.8879439287,1.918998919,1.415533499,27268.79223,0.04337155643,-0.01365037612,2022-11-30T17:30:00+08:00,2022-11-30T18:00:00+08:00,2022-12-01T09:30:00+08:00
2022-11-30,FIX009,1.874504675,-0.2164828812,1.656238531,150347.6417,-0.02571214924,-0.01365037612,2022-11-30T17:30:00+08:00,2022-11-30T18:00:00+08:00,2022-12-01T09:30:00+08:00
2022-11-30,FIX010,1.571347551,-2.036002046,-2.235487261,10021.77835,-0.004733379291,-0.01365037612,2022-11-30T17:30:00+08:00,2022-11-30T18:00:00+08:00,2022-12-01T09:30:00+08:00
2022-11-30,FIX011,2.944681103,-0.6760884035,-0.1467006136,97569.04708,0.04846767083,-0.01365037612,2022-11-30T17:30:00+08:00,2022-11-30T18:00:00+08:00,2022-12-01T09:30:00+08:00
2022-11-30,FIX012,2.205500969,-0.9293244102,3.215243778,32811.19832,0.02903171396,-0.01365037612,2022-11-30T17:30:00+08:00,2022-11-30T18:00:00+08:00,2022-12-01T09:30:00+08:00
2022-11-30,FIX013,3.059849954,0.4125822182,0.6222968705,5755.699257,0.01041842283,-0.01365037612,2022-11-30T17:30:00+08:00,2022-11-30T18:00:00+08:00,2022-12-01T09:30:00+08:00
2022-11-30,FIX014,-0.5140790423,-2.708882807,1.869963668,6809.754014,-0.02394762059,-0.01365037612,2022-11-30T17:30:00+08:00,2022-11-30T18:00:00+08:00,2022-12-01T09:30:00+08:00
2022-11-30,FIX015,0.30435116,-1.449243605,1.67013366,27948.95444,0.009007547789,-0.01365037612,2022-11-30T17:30:00+08:00,2022-11-30T18:00:00+08:00,2022-12-01T09:30:00+08:00
2022-11-30,FIX016,-0.0120808831,-2.2979627,1.038753504,22244.40546,0.01632373079,-0.01365037612,2022-11-30T17:30:00+08:00,2022-11-30T18:00:00+08:00,2022-12-01T09:30:00+08:00
2022-11-30,FIX017,1.906201606,-1.055461071,-0.2777820764,29369.12591,-0.04735023304,-0.01365037612,2022-11-30T17:30:00+08:00,2022-11-30T18:00:00+08:00,2022-12-01T09:30:00+08:00
2022-11-30,FIX018,2.945459902,-1.651049929,1.228874645,33029.85558,0.0181189098,-0.01365037612,2022-11-30T17:30:00+08:00,2022-11-30T18:00:00+08:00,2022-12-01T09:30:00+08:00
2022-11-30,FIX019,-0.2026749549,-0.411401205,0.6952785733,61483.43129,0.03034950654,-0.01365037612,2022-11-30T17:30:00+08:00,2022-11-30T18:00:00+08:00,2022-12-01T09:30:00+08:00
2022-11-30,FIX020,2.976496212,-0.489206795,1.576175884,22619.27138,-0.02940092739,-0.01365037612,2022-11-30T17:30:00+08:00,2022-11-30T18:00:00+08:00,2022-12-01T09:30:00+08:00
2022-11-30,FIX021,2.2128232,-1.640968425,-1.047037162,20606.72103,-0.0223387596,-0.01365037612,2022-11-30T17:30:00+08:00,2022-11-30T18:00:00+08:00,2022-12-01T09:30:00+08:00
2022-11-30,FIX022,1.480105292,-0.3917947224,1.645553763,119995.491,-0.005149805731,-0.01365037612,2022-11-30T17:30:00+08:00,2022-11-30T18:00:00+08:00,2022-12-01T09:30:00+08:00
2022-11-30,FIX023,1.092926894,0.1669594812,1.586129232,13445.58023,-0.03535208501,-0.01365037612,2022-11-30T17:30:00+08:00,2022-11-30T18:00:00+08:00,2022-12-01T09:30:00+08:00
2022-11-30,FIX024,2.686916569,0.4159673942,1.027221059,47998.85794,-0.01732731083,-0.01365037612,2022-11-30T17:30:00+08:00,2022-11-30T18:00:00+08:00,2022-12-01T09:30:00+08:00
2022-11-30,FIX025,0.7561177708,-2.017816668,1.125471198,43344.64742,-0.004732391801,-0.01365037612,2022-11-30T17:30:00+08:00,2022-11-30T18:00:00+08:00,2022-12-01T09:30:00+08:00
2022-11-30,FIX026,2.298919946,-1.663655004,1.186760598,9979.455273,0.046723689,-0.01365037612,2022-11-30T17:30:00+08:00,2022-11-30T18:00:00+08:00,2022-12-01T09:30:00+08:00
2022-11-30,FIX027,0.1058359286,-1.145435954,0.1285377872,17660.48383,-0.03873329507,-0.01365037612,2022-11-30T17:30:00+08:00,2022-11-30T18:00:00+08:00,2022-12-01T09:30:00+08:00
2022-11-30,FIX028,0.04603424224,-1.385721117,0.2144146991,6798.09669,0.02670495563,-0.01365037612,2022-11-30T17:30:00+08:00,2022-11-30T18:00:00+08:00,2022-12-01T09:30:00+08:00
2022-11-30,FIX029,0.2513315768,-1.941492366,0.05317555681,33530.27829,0.01202814103,-0.01365037612,2022-11-30T17:30:00+08:00,2022-11-30T18:00:00+08:00,2022-12-01T09:30:00+08:00
2022-11-30,FIX030,1.010512706,-1.744907343,0.1852273035,13031.00925,-0.02419563766,-0.01365037612,2022-11-30T17:30:00+08:00,2022-11-30T18:00:00+08:00,2022-12-01T09:30:00+08:00
2022-11-30,FIX031,2.784170445,-0.8862452459,0.9867947407,42363.19221,0.006198044274,-0.01365037612,2022-11-30T17:30:00+08:00,2022-11-30T18:00:00+08:00,2022-12-01T09:30:00+08:00
2022-11-30,FIX032,1.849363417,-2.627822851,0.03116513906,39444.23797,-0.03036785638,-0.01365037612,2022-11-30T17:30:00+08:00,2022-11-30T18:00:00+08:00,2022-12-01T09:30:00+08:00
2022-11-30,FIX033,1.857800017,0.02151769835,0.8651155763,32877.104,-0.0288028254,-0.01365037612,2022-11-30T17:30:00+08:00,2022-11-30T18:00:00+08:00,2022-12-01T09:30:00+08:00
2022-11-30,FIX034,2.715156676,0.4551500848,0.08068520621,11400.14955,-0.01628614345,-0.01365037612,2022-11-30T17:30:00+08:00,2022-11-30T18:00:00+08:00,2022-12-01T09:30:00+08:00
2022-11-30,FIX035,2.133599254,-0.128915112,-1.407313141,6902.029555,0.03120882849,-0.01365037612,2022-11-30T17:30:00+08:00,2022-11-30T18:00:00+08:00,2022-12-01T09:30:00+08:00
2022-11-30,FIX036,1.17339098,1.220211029,-0.1895471372,11801.98181,-0.02716248591,-0.01365037612,2022-11-30T17:30:00+08:00,2022-11-30T18:00:00+08:00,2022-12-01T09:30:00+08:00
2022-11-30,FIX037,0.2697627204,-1.338424337,1.753214254,17573.88894,0.00782686713,-0.01365037612,2022-11-30T17:30:00+08:00,2022-11-30T18:00:00+08:00,2022-12-01T09:30:00+08:00
2022-11-30,FIX038,1.506373319,-0.6738115072,1.906319276,16593.122,-0.01369588048,-0.01365037612,2022-11-30T17:30:00+08:00,2022-11-30T18:00:00+08:00,2022-12-01T09:30:00+08:00
2022-11-30,FIX039,1.627831506,-0.536994994,1.342860804,35206.35436,0.04075344035,-0.01365037612,2022-11-30T17:30:00+08:00,2022-11-30T18:00:00+08:00,2022-12-01T09:30:00+08:00
2022-12-31,FIX000,3.14490412,-1.475808335,1.065931937,5672.145918,0.01547876056,0.05183150383,2022-12-31T17:30:00+08:00,2022-12-31T18:00:00+08:00,2023-01-02T09:30:00+08:00
2022-12-31,FIX001,1.270645164,-2.018440178,1.429754082,18860.26786,-0.01280972592,0.05183150383,2022-12-31T17:30:00+08:00,2022-12-31T18:00:00+08:00,2023-01-02T09:30:00+08:00
2022-12-31,FIX002,1.952841015,-0.1255388559,0.6303955061,20698.57378,0.02196584002,0.05183150383,2022-12-31T17:30:00+08:00,2022-12-31T18:00:00+08:00,2023-01-02T09:30:00+08:00
2022-12-31,FIX003,2.096509126,-0.1019065911,0.5930761891,13483.82759,-0.02792315212,0.05183150383,2022-12-31T17:30:00+08:00,2022-12-31T18:00:00+08:00,2023-01-02T09:30:00+08:00
2022-12-31,FIX004,1.774926935,-0.4730252947,0.9277705177,44418.13055,-0.0177607879,0.05183150383,2022-12-31T17:30:00+08:00,2022-12-31T18:00:00+08:00,2023-01-02T09:30:00+08:00
2022-12-31,FIX005,0.3463585473,0.04789220487,-1.25066517,39820.68798,-0.005074757294,0.05183150383,2022-12-31T17:30:00+08:00,2022-12-31T18:00:00+08:00,2023-01-02T09:30:00+08:00
2022-12-31,FIX006,0.8705777327,-0.957313556,1.690439553,40956.02985,-0.03508993184,0.05183150383,2022-12-31T17:30:00+08:00,2022-12-31T18:00:00+08:00,2023-01-02T09:30:00+08:00
2022-12-31,FIX007,0.7579566908,-1.475656964,-0.9295186808,34561.32109,-0.02696610694,0.05183150383,2022-12-31T17:30:00+08:00,2022-12-31T18:00:00+08:00,2023-01-02T09:30:00+08:00
2022-12-31,FIX008,0.8289354316,1.652066545,-0.01761287791,34118.8409,-0.04735458648,0.05183150383,2022-12-31T17:30:00+08:00,2022-12-31T18:00:00+08:00,2023-01-02T09:30:00+08:00
2022-12-31,FIX009,0.8004103364,0.1896570794,0.9888571754,21797.52881,-0.01096268211,0.05183150383,2022-12-31T17:30:00+08:00,2022-12-31T18:00:00+08:00,2023-01-02T09:30:00+08:00
2022-12-31,FIX010,2.215935904,-1.767599105,-2.127128537,28425.35524,-0.02747770976,0.05183150383,2022-12-31T17:30:00+08:00,2022-12-31T18:00:00+08:00,2023-01-02T09:30:00+08:00
2022-12-31,FIX011,2.38700202,-0.9097578017,-0.7720845708,5118.381483,-0.005139478529,0.05183150383,2022-12-31T17:30:00+08:00,2022-12-31T18:00:00+08:00,2023-01-02T09:30:00+08:00
2022-12-31,FIX012,2.313644988,-0.9261589012,3.296872992,8224.417095,-0.001318351354,0.05183150383,2022-12-31T17:30:00+08:00,2022-12-31T18:00:00+08:00,2023-01-02T09:30:00+08:00
2022-12-31,FIX013,2.6247879,-1.494717333,1.157736421,41164.93363,-0.01634360019,0.05183150383,2022-12-31T17:30:00+08:00,2022-12-31T18:00:00+08:00,2023-01-02T09:30:00+08:00
2022-12-31,FIX014,0.4910029548,-2.071218982,1.902070328,30790.40583,-0.006056505929,0.05183150383,2022-12-31T17:30:00+08:00,2022-12-31T18:00:00+08:00,2023-01-02T09:30:00+08:00
2022-12-31,FIX015,0.1079789966,-1.563184271,2.05807593,12575.86411,-0.05899364847,0.05183150383,2022-12-31T17:30:00+08:00,2022-12-31T18:00:00+08:00,2023-01-02T09:30:00+08:00
2022-12-31,FIX016,0.08146992833,-1.921311299,0.7360685962,15188.19187,-0.03621427758,0.05183150383,2022-12-31T17:30:00+08:00,2022-12-31T18:00:00+08:00,2023-01-02T09:30:00+08:00
2022-12-31,FIX017,2.047342839,-0.7564545313,-0.8352055729,37246.34218,-0.1017647775,0.05183150383,2022-12-31T17:30:00+08:00,2022-12-31T18:00:00+08:00,2023-01-02T09:30:00+08:00
2022-12-31,FIX018,2.811178674,-1.666724819,1.464251826,8413.711349,-0.02596874306,0.05183150383,2022-12-31T17:30:00+08:00,2022-12-31T18:00:00+08:00,2023-01-02T09:30:00+08:00
2022-12-31,FIX019,-0.8638752015,-1.28843417,1.073001089,11238.6946,0.004084791979,0.05183150383,2022-12-31T17:30:00+08:00,2022-12-31T18:00:00+08:00,2023-01-02T09:30:00+08:00
2022-12-31,FIX020,2.296622939,-1.293208618,1.557234574,46533.20718,0.04323853749,0.05183150383,2022-12-31T17:30:00+08:00,2022-12-31T18:00:00+08:00,2023-01-02T09:30:00+08:00
2022-12-31,FIX021,3.618911547,-0.9206568709,-1.09631646,22754.95387,0.009129211868,0.05183150383,2022-12-31T17:30:00+08:00,2022-12-31T18:00:00+08:00,2023-01-02T09:30:00+08:00
2022-12-31,FIX022,0.8296639517,-0.04652827206,1.552160848,64937.68362,0.05201228247,0.05183150383,2022-12-31T17:30:00+08:00,2022-12-31T18:00:00+08:00,2023-01-02T09:30:00+08:00
2022-12-31,FIX023,2.218995467,1.287947307,1.50422848,10347.05658,-0.01594275707,0.05183150383,2022-12-31T17:30:00+08:00,2022-12-31T18:00:00+08:00,2023-01-02T09:30:00+08:00
2022-12-31,FIX024,2.407024452,-0.7553168734,-0.3428384215,9001.364742,-0.0489272498,0.05183150383,2022-12-31T17:30:00+08:00,2022-12-31T18:00:00+08:00,2023-01-02T09:30:00+08:00
2022-12-31,FIX025,0.6687771047,-1.383187513,1.0986418,31388.14588,-0.03008259731,0.05183150383,2022-12-31T17:30:00+08:00,2022-12-31T18:00:00+08:00,2023-01-02T09:30:00+08:00
2022-12-31,FIX026,2.07269153,-3.066913217,1.61185405,40863.59247,0.03929121156,0.05183150383,2022-12-31T17:30:00+08:00,2022-12-31T18:00:00+08:00,2023-01-02T09:30:00+08:00
2022-12-31,FIX027,0.3067745472,-1.38017945,0.4361575033,3343.80653,-0.003696296098,0.05183150383,2022-12-31T17:30:00+08:00,2022-12-31T18:00:00+08:00,2023-01-02T09:30:00+08:00
2022-12-31,FIX028,0.271957318,-1.818339547,0.1802106812,28279.90549,-0.07223956801,0.05183150383,2022-12-31T17:30:00+08:00,2022-12-31T18:00:00+08:00,2023-01-02T09:30:00+08:00
2022-12-31,FIX029,0.9378410235,-2.580187041,-0.09144401197,70125.21214,0.02039053416,0.05183150383,2022-12-31T17:30:00+08:00,2022-12-31T18:00:00+08:00,2023-01-02T09:30:00+08:00
2022-12-31,FIX030,0.6075211942,-1.545217811,-0.00964270006,7447.964968,-0.06547276997,0.05183150383,2022-12-31T17:30:00+08:00,2022-12-31T18:00:00+08:00,2023-01-02T09:30:00+08:00
2022-12-31,FIX031,1.690218098,-0.3056749775,0.305083362,2529.304908,0.01343674091,0.05183150383,2022-12-31T17:30:00+08:00,2022-12-31T18:00:00+08:00,2023-01-02T09:30:00+08:00
2022-12-31,FIX032,1.592823897,-0.9542273222,0.7111871901,15159.65748,-0.05938852231,0.05183150383,2022-12-31T17:30:00+08:00,2022-12-31T18:00:00+08:00,2023-01-02T09:30:00+08:00
2022-12-31,FIX033,1.68372076,-0.01620346733,0.3642732777,17278.49709,-0.02431336529,0.05183150383,2022-12-31T17:30:00+08:00,2022-12-31T18:00:00+08:00,2023-01-02T09:30:00+08:00
2022-12-31,FIX034,2.621609188,0.3366592927,-0.3899302363,31369.23548,-0.004280893716,0.05183150383,2022-12-31T17:30:00+08:00,2022-12-31T18:00:00+08:00,2023-01-02T09:30:00+08:00
2022-12-31,FIX035,0.9249125255,0.08308207725,-1.002672616,7756.100892,-0.0100829351,0.05183150383,2022-12-31T17:30:00+08:00,2022-12-31T18:00:00+08:00,2023-01-02T09:30:00+08:00
2022-12-31,FIX036,2.451723334,-0.03742731482,-0.1241517012,18275.98252,-0.02012510445,0.05183150383,2022-12-31T17:30:00+08:00,2022-12-31T18:00:00+08:00,2023-01-02T09:30:00+08:00
2022-12-31,FIX037,1.267565606,-0.01951440003,1.089432238,5846.092112,-0.01131308543,0.05183150383,2022-12-31T17:30:00+08:00,2022-12-31T18:00:00+08:00,2023-01-02T09:30:00+08:00
2022-12-31,FIX038,1.658280103,-0.995036734,1.001713868,9508.048616,-0.003032343325,0.05183150383,2022-12-31T17:30:00+08:00,2022-12-31T18:00:00+08:00,2023-01-02T09:30:00+08:00
2022-12-31,FIX039,1.075096292,-1.239167844,-0.2859427661,37805.24491,0.03549977969,0.05183150383,2022-12-31T17:30:00+08:00,2022-12-31T18:00:00+08:00,2023-01-02T09:30:00+08:00
